Player_Latitude,Player_Longitude,Gym_Latitude,Gym_Longitude,Timestamp
33.848092,-118.208667,33.884577,-118.267198,2025-08-21 03:28:48.868 UTC
33.957547,-118.193135,33.956710,-118.213397,2025-08-21 01:27:44.967 UTC
34.059353,-118.219971,34.044745,-118.283399,2025-08-21 17:17:51.624 UTC
34.005056,-118.449498,34.034336,-118.358236,2025-08-21 01:14:06.471 UTC
51.491328,-0.173798,47.647826,-122.273738,2025-08-21 23:43:20.518 UTC
33.957547,-118.193135,33.956710,-118.213397,2025-08-21 01:17:05.844 UTC
-33.960195,151.356998,-33.907321,151.244946,2025-08-21 02:01:18.215 UTC
34.005056,-118.449498,34.034336,-118.358236,2025-08-21 01:33:09.972 UTC
-33.884861,151.256584,41.857370,-87.538089,2025-12-23 06:13:15.605 UTC
34.005056,-118.449498,34.034336,-118.358236,2026-01-18 23:01:08.518 UTC
33.957547,-118.193135,33.956710,-118.213397,2025-11-01 22:10:52.547 UTC
40.695638,-74.032056,34.219105,-118.251927,2025-11-01 21:57:39.835 UTC
40.655187,-73.954188,33.956710,-118.213397,2025-11-01 21:25:19.004 UTC
47.644834,-122.354268,34.082826,-118.050216,2025-11-01 17:28:01.269 UTC
34.070177,-118.476071,33.980540,-118.427289,2025-11-01 22:53:57.228 UTC
34.005056,-118.449498,34.034336,-118.358236,2025-06-21 03:01:46.643 UTC
34.005056,-118.449498,34.034336,-118.358236,2025-06-21 23:55:08.137 UTC
34.003669,-118.305091,33.956710,-118.213397,2025-06-21 22:23:29.544 UTC
47.675248,-122.305574,33.905943,-118.190135,2026-02-26 15:24:38.731 UTC
34.254004,-118.247736,34.182688,-118.178741,2026-02-26 01:17:34.918 UTC
40.655187,-73.954188,33.956710,-118.213397,2025-06-16 00:38:03.312 UTC
40.695638,-74.032056,34.219105,-118.251927,2025-08-31 21:52:52.451 UTC
33.957547,-118.193135,33.956710,-118.213397,2025-08-31 21:10:00.899 UTC
34.005056,-118.449498,34.034336,-118.358236,2025-08-31 22:09:18.489 UTC
40.655187,-73.954188,33.956710,-118.213397,2025-08-31 22:38:59.218 UTC
40.655187,-73.954188,33.956710,-118.213397,2025-08-31 22:35:22.061 UTC
40.655187,-73.954188,33.956710,-118.213397,2025-08-31 21:15:19.61 UTC
40.655187,-73.954188,33.956710,-118.213397,2025-08-31 21:20:22.24 UTC
34.080029,-118.304732,34.107230,-118.268611,2025-08-31 16:34:09.722 UTC
34.033488,-118.271392,33.956710,-118.213397,2025-08-31 23:07:38.783 UTC
-33.822775,151.208534,34.059620,-118.076213,2025-08-31 09:47:56.549 UTC
-33.871654,151.166051,33.980540,-118.427289,2026-01-03 18:18:26.967 UTC
34.003870,-118.297581,34.034619,-118.391223,2026-01-03 22:01:36.178 UTC
34.065153,-118.376176,34.034619,-118.391223,2026-01-03 22:01:47.486 UTC
34.005056,-118.449498,34.034336,-118.358236,2025-10-09 01:00:48.776 UTC
34.005056,-118.449498,34.034336,-118.358236,2025-10-09 01:45:14.716 UTC
34.014412,-118.162664,34.061038,-118.256794,2025-10-09 15:06:20.786 UTC
35.631419,139.618879,35.694121,139.710235,2025-10-09 04:12:41.752 UTC
40.695638,-74.032056,34.219105,-118.251927,2025-10-09 01:51:26.174 UTC
34.005056,-118.449498,34.034336,-118.358236,2025-10-09 00:53:49.408 UTC
51.491678,-0.196539,34.182119,-118.317705,2026-01-01 00:23:43.887 UTC
51.633590,-0.279846,51.552379,-0.191890,2026-01-01 01:12:15.519 UTC
51.457065,-0.175052,34.030902,-118.448071,2026-05-30 06:33:17.065 UTC
35.656206,139.650256,34.090889,-118.243899,2026-05-30 06:55:26.855 UTC
51.542582,-0.054783,34.115710,-118.189841,2026-05-30 05:20:14.27 UTC
33.987405,-118.110156,33.972213,-118.062327,2026-05-30 01:38:13.47 UTC
33.987405,-118.110156,33.972213,-118.062327,2026-05-30 00:55:59.413 UTC
33.987405,-118.110156,33.972213,-118.062327,2026-05-30 01:40:47.493 UTC
-23.511705,-46.645381,34.213104,-118.224817,2026-05-30 06:36:48.222 UTC
-23.511705,-46.645381,34.213104,-118.224817,2026-05-30 07:09:31.389 UTC
33.987405,-118.110156,33.972213,-118.062327,2026-05-30 07:06:42.634 UTC
33.873653,-118.076069,33.887580,-118.162059,2026-05-30 05:14:30.594 UTC
34.005056,-118.449498,34.034336,-118.358236,2026-05-07 01:32:43.062 UTC
40.782942,-73.996960,47.613271,-122.218434,2025-06-01 03:53:30.302 UTC
51.470503,-0.182082,51.540793,-0.056029,2025-06-01 03:50:33.369 UTC
35.656206,139.650256,34.090889,-118.243899,2026-05-28 02:50:12.345 UTC
33.987405,-118.110156,33.972213,-118.062327,2026-05-28 04:07:28.114 UTC
34.149575,-118.247993,34.177345,-118.310061,2026-05-28 03:29:41.784 UTC
34.063424,-118.319079,34.008990,-118.390083,2026-05-28 02:55:55.534 UTC
34.038894,-118.246108,34.007853,-118.247150,2026-05-28 02:27:52.553 UTC
33.997629,-118.370622,33.964226,-118.320844,2026-07-26 02:44:46.148 UTC
-23.562325,-46.544385,-23.499874,-46.618263,2026-07-26 02:44:54.137 UTC
51.399278,-0.070152,51.480672,-0.171690,2026-07-26 06:06:42.297 UTC
51.485525,-0.065530,34.083133,-118.364084,2026-07-26 06:11:23.221 UTC
51.505907,-0.253750,51.511287,-0.203409,2026-07-26 06:03:11.159 UTC
33.884498,-118.245172,33.936906,-118.242225,2026-01-19 21:36:09.794 UTC
40.655187,-73.954188,33.956710,-118.213397,2025-07-10 01:34:12.72 UTC
33.832872,-118.361279,33.912072,-118.368961,2025-07-10 02:31:55.207 UTC
40.655187,-73.954188,33.956710,-118.213397,2025-07-10 01:37:05.161 UTC
34.206772,-118.261784,34.226165,-118.213184,2025-07-10 03:26:24.529 UTC
34.005056,-118.449498,34.034336,-118.358236,2025-07-10 01:05:47.913 UTC
-33.912099,151.251703,-23.584530,-46.624899,2025-07-10 01:22:31.809 UTC
41.803986,-87.592524,33.936906,-118.242225,2026-02-24 22:41:45.893 UTC
34.224869,-118.312413,34.172194,-118.400861,2026-02-24 20:51:48.453 UTC
34.033488,-118.271392,33.956710,-118.213397,2026-02-24 01:05:40.211 UTC
41.879698,-87.536116,33.974018,-118.326374,2026-02-24 00:08:49.798 UTC
40.734054,-73.984907,35.720456,139.693829,2025-11-09 06:37:28.827 UTC
40.734054,-73.984907,35.720456,139.693829,2025-11-09 05:52:13.42 UTC
40.734054,-73.984907,35.720456,139.693829,2025-11-09 06:48:54.543 UTC
33.962357,-118.296666,33.971355,-118.211475,2025-11-09 05:39:12.223 UTC
51.577542,-0.107520,51.548915,-0.170138,2025-11-09 02:46:52.71 UTC
40.734054,-73.984907,35.720456,139.693829,2025-11-09 05:53:50.897 UTC
40.734054,-73.984907,35.720456,139.693829,2025-11-09 06:49:08.572 UTC
40.734054,-73.984907,35.720456,139.693829,2025-11-09 06:27:07.823 UTC
-23.438196,-46.684374,-23.507623,-46.628908,2026-05-24 20:07:27.635 UTC
41.880490,-87.716209,33.956710,-118.213397,2025-06-30 00:10:08.296 UTC
34.039945,-118.151654,34.026166,-118.097388,2025-06-30 01:08:37.435 UTC
34.001182,-118.124946,33.956710,-118.213397,2025-06-30 00:13:29.095 UTC
-33.852081,151.194483,-33.868642,151.256340,2025-06-30 01:16:14.796 UTC
34.043069,-118.287905,33.956710,-118.213397,2025-06-30 00:45:58.094 UTC
34.043069,-118.287905,33.956710,-118.213397,2025-06-30 00:45:12.579 UTC
-33.870683,151.264704,34.034336,-118.358236,2025-06-30 00:34:04.592 UTC
33.926379,-118.148736,33.916812,-118.252775,2025-06-30 01:07:47.287 UTC
-33.870683,151.264704,34.034336,-118.358236,2025-06-30 00:37:45.139 UTC
35.670387,139.706105,41.812045,-87.642163,2025-06-30 01:10:05.738 UTC
47.537787,-122.377680,47.573345,-122.321907,2025-06-30 02:40:48.628 UTC
41.880490,-87.716209,33.956710,-118.213397,2025-06-30 00:10:28.708 UTC
34.067398,-118.341979,34.034336,-118.358236,2025-06-30 00:06:23.091 UTC
47.561471,-122.353050,47.587254,-122.296144,2025-08-09 05:01:26.913 UTC
47.584291,-122.234061,33.922181,-118.195967,2026-06-07 22:53:33.615 UTC
34.214020,-118.130663,34.112676,-118.147054,2026-06-07 23:15:39.673 UTC
-23.566041,-46.514926,-23.586958,-46.592513,2026-07-18 02:29:46.959 UTC
40.708865,-74.094310,34.165227,-118.397418,2025-07-23 01:54:28.267 UTC
35.802344,139.672685,35.729647,139.648656,2025-07-23 02:32:01.907 UTC
34.168169,-118.098115,34.169712,-118.111186,2025-07-23 03:50:55.498 UTC
-33.828934,151.142614,-33.813583,151.180660,2026-07-14 03:32:30.799 UTC
33.946531,-118.065017,33.958591,-118.079832,2026-01-24 05:26:10.075 UTC
40.695638,-74.032056,34.219105,-118.251927,2026-01-24 22:08:58.503 UTC
40.655187,-73.954188,33.956710,-118.213397,2026-01-24 22:35:19.836 UTC
34.005056,-118.449498,34.034336,-118.358236,2026-01-24 22:45:48.441 UTC
40.655187,-73.954188,33.956710,-118.213397,2026-01-24 21:07:08.494 UTC
40.655187,-73.954188,33.956710,-118.213397,2026-01-24 22:26:47.412 UTC
-33.829775,151.294846,-33.907321,151.244946,2026-01-24 21:23:51.756 UTC
40.769507,-74.071737,34.138244,-118.073780,2026-01-24 05:26:03.672 UTC
-33.829775,151.294846,-33.907321,151.244946,2026-01-24 22:56:45.98 UTC
40.695638,-74.032056,34.219105,-118.251927,2026-01-24 22:53:17.008 UTC
40.695638,-74.032056,34.219105,-118.251927,2026-01-24 23:26:20.585 UTC
34.005056,-118.449498,34.034336,-118.358236,2026-01-24 23:14:38.11 UTC
34.005056,-118.449498,34.034336,-118.358236,2026-01-24 23:20:17.083 UTC
40.695638,-74.032056,34.219105,-118.251927,2026-04-11 22:21:03.721 UTC
40.655187,-73.954188,33.956710,-118.213397,2026-04-11 21:34:07.631 UTC
33.957547,-118.193135,33.956710,-118.213397,2025-08-24 19:28:46.65 UTC
34.005056,-118.449498,34.034336,-118.358236,2025-08-24 20:53:15.656 UTC
51.399278,-0.070152,51.480672,-0.171690,2025-08-24 03:07:46.927 UTC
33.892553,-118.228031,33.886799,-118.206311,2025-08-24 02:18:33.644 UTC
34.033488,-118.271392,33.956710,-118.213397,2025-08-24 00:11:57.251 UTC
35.693244,139.728752,35.666799,139.709785,2025-08-24 00:23:44.58 UTC
35.604048,139.575412,35.633438,139.654876,2026-03-04 15:02:35.065 UTC
-33.915250,151.225377,34.080995,-118.407624,2026-03-04 14:27:38.147 UTC
34.005056,-118.449498,34.034336,-118.358236,2025-10-02 01:45:44.426 UTC
34.005056,-118.449498,34.034336,-118.358236,2025-10-02 01:06:40.638 UTC
34.005056,-118.449498,34.034336,-118.358236,2025-10-02 01:06:20.212 UTC
34.005056,-118.449498,34.034336,-118.358236,2025-10-02 01:52:03.939 UTC
40.655187,-73.954188,33.956710,-118.213397,2025-10-02 01:42:04.034 UTC
34.062838,-118.309219,34.083090,-118.201891,2026-02-27 05:09:45.21 UTC
-23.462139,-46.529277,-23.535599,-46.613977,2026-02-27 23:06:40.383 UTC
34.091595,-118.134249,34.182688,-118.178741,2026-02-27 23:19:16.365 UTC
47.703810,-122.208390,47.636429,-122.240875,2026-02-27 05:06:35.761 UTC
34.005056,-118.449498,34.034336,-118.358236,2026-02-27 01:35:43.067 UTC
40.655187,-73.954188,33.956710,-118.213397,2026-02-27 02:16:52.042 UTC
40.655187,-73.954188,33.956710,-118.213397,2026-02-27 01:41:47.726 UTC
40.655187,-73.954188,33.956710,-118.213397,2026-02-27 02:09:39.877 UTC
40.655187,-73.954188,33.956710,-118.213397,2026-02-27 02:02:01.074 UTC
34.271386,-118.170045,34.182688,-118.178741,2026-02-27 23:30:58.659 UTC
-23.518887,-46.576247,34.117104,-118.327685,2026-02-27 23:40:19.22 UTC
-23.501245,-46.591039,33.896109,-118.311399,2026-02-27 23:47:11.56 UTC
40.655187,-73.954188,33.956710,-118.213397,2025-06-25 01:50:43.108 UTC
34.029015,-118.024755,34.003903,-118.109282,2025-06-25 06:57:09.457 UTC
34.154995,-118.104203,34.058017,-118.119450,2025-06-25 07:10:03.394 UTC
34.049625,-118.196476,33.982833,-118.210002,2025-06-25 05:17:18.771 UTC
35.555416,139.694543,35.642258,139.708936,2025-06-25 19:24:04.82 UTC
40.695638,-74.032056,34.219105,-118.251927,2025-06-25 02:19:11.543 UTC
34.049625,-118.196476,33.982833,-118.210002,2025-06-25 05:25:05.813 UTC
40.655187,-73.954188,33.956710,-118.213397,2025-06-25 02:09:26.326 UTC
34.154995,-118.104203,34.058017,-118.119450,2025-06-25 07:08:49.515 UTC
34.005056,-118.449498,34.034336,-118.358236,2025-06-25 01:37:30.907 UTC
51.459999,-0.153936,33.932200,-118.315953,2025-06-25 05:10:49.647 UTC
34.149301,-118.303052,34.077333,-118.229151,2025-06-25 23:12:58.457 UTC
34.005056,-118.449498,34.034336,-118.358236,2025-06-25 01:30:40.162 UTC
41.910705,-87.606862,-23.591505,-46.647393,2025-06-25 17:09:26.464 UTC
40.650691,-74.000336,33.956710,-118.213397,2025-06-25 14:51:12.772 UTC
34.005056,-118.449498,34.034336,-118.358236,2025-06-25 01:24:51.411 UTC
47.664976,-122.309015,34.048921,-118.103486,2025-06-25 06:53:08.218 UTC
33.957547,-118.193135,33.956710,-118.213397,2025-06-25 01:45:48.258 UTC
34.162967,-118.228319,34.140872,-118.132652,2025-11-07 01:46:04.296 UTC
41.847502,-87.621948,33.911626,-118.283382,2025-11-07 01:49:13.848 UTC
41.847502,-87.621948,33.911626,-118.283382,2025-11-07 01:49:51.364 UTC
34.005056,-118.449498,34.034336,-118.358236,2025-11-17 01:04:31.45 UTC
-33.960195,151.356998,-33.907321,151.244946,2026-04-04 22:19:15.029 UTC
40.655187,-73.954188,33.956710,-118.213397,2026-04-04 21:45:09.528 UTC
40.655187,-73.954188,33.956710,-118.213397,2026-04-04 21:58:50.738 UTC
40.655187,-73.954188,33.956710,-118.213397,2026-04-04 22:17:01.799 UTC
40.655187,-73.954188,33.956710,-118.213397,2026-04-04 21:41:19.759 UTC
34.005056,-118.449498,34.034336,-118.358236,2026-04-04 23:23:48.711 UTC
40.655187,-73.954188,33.956710,-118.213397,2026-04-04 22:34:30.749 UTC
40.655187,-73.954188,33.956710,-118.213397,2026-04-04 22:24:16.168 UTC
33.957547,-118.193135,33.956710,-118.213397,2025-07-31 01:00:16.867 UTC
34.005056,-118.449498,34.034336,-118.358236,2025-07-31 01:46:36.043 UTC
34.005056,-118.449498,34.034336,-118.358236,2025-07-31 01:04:32.213 UTC
40.655187,-73.954188,33.956710,-118.213397,2025-07-31 01:15:29.172 UTC
-33.829775,151.294846,-33.907321,151.244946,2025-07-12 22:31:25.531 UTC
33.957547,-118.193135,33.956710,-118.213397,2025-07-12 21:40:41.664 UTC
34.005056,-118.449498,34.034336,-118.358236,2025-07-12 02:18:14.203 UTC
40.695638,-74.032056,34.219105,-118.251927,2025-07-12 21:20:39.786 UTC
34.005056,-118.449498,34.034336,-118.358236,2025-07-12 21:11:52.312 UTC
40.655187,-73.954188,33.956710,-118.213397,2025-07-12 23:09:31.788 UTC
40.655187,-73.954188,33.956710,-118.213397,2025-07-12 22:05:24.127 UTC
40.655187,-73.954188,33.956710,-118.213397,2025-07-12 21:44:12.895 UTC
34.103492,-118.199265,34.118782,-118.141339,2025-07-12 01:25:59.551 UTC
51.399278,-0.070152,51.480672,-0.171690,2025-07-12 03:38:04.788 UTC
47.670934,-122.399115,33.956710,-118.213397,2025-07-12 23:54:02.245 UTC
33.957547,-118.193135,33.956710,-118.213397,2025-07-12 23:06:48.549 UTC
41.814909,-87.573413,33.956710,-118.213397,2025-07-12 21:05:15.064 UTC
33.990944,-118.142076,33.947494,-118.191829,2025-07-12 05:04:55.587 UTC
51.505907,-0.253750,51.511287,-0.203409,2025-07-12 03:29:50.097 UTC
34.190756,-118.093174,34.094210,-118.068968,2025-08-15 02:15:06.216 UTC
-23.563402,-46.620363,34.213769,-118.185693,2025-08-15 23:30:03.002 UTC
34.005091,-118.169866,34.090889,-118.243899,2025-08-15 23:34:37.952 UTC
34.174707,-118.153128,34.083090,-118.201891,2026-07-25 22:45:54.26 UTC
35.677807,139.616988,35.650955,139.584266,2026-07-25 06:44:04.988 UTC
34.056951,-118.265527,34.038534,-118.290090,2026-07-25 06:58:44.246 UTC
40.756740,-73.973314,34.111672,-118.279518,2026-07-25 23:01:15.945 UTC
34.076023,-118.034823,34.051454,-118.034509,2025-06-14 18:57:51.545 UTC
40.655187,-73.954188,33.956710,-118.213397,2025-06-14 18:14:21.435 UTC
41.830968,-87.563253,-33.839148,151.200968,2026-08-07 04:02:58.23 UTC
-33.839192,151.265750,-33.894558,151.218221,2025-10-11 20:59:26.938 UTC
34.005056,-118.449498,34.034336,-118.358236,2025-11-29 19:01:25.001 UTC
34.146505,-118.187812,34.074313,-118.253396,2025-11-29 02:38:05.72 UTC
35.689337,139.668109,34.195957,-118.363574,2025-12-21 21:20:08.88 UTC
35.689337,139.668109,34.195957,-118.363574,2025-12-21 22:01:48.941 UTC
33.929363,-118.090895,34.011750,-118.115482,2025-12-21 23:14:32.727 UTC
33.974670,-118.206187,34.048482,-118.222846,2025-12-21 19:20:08.473 UTC
33.929363,-118.090895,34.011750,-118.115482,2025-12-21 21:37:26.331 UTC
35.689337,139.668109,34.195957,-118.363574,2025-12-21 22:55:55.941 UTC
33.929363,-118.090895,34.011750,-118.115482,2025-12-21 17:40:01.902 UTC
35.689337,139.668109,34.195957,-118.363574,2025-12-21 23:42:30.196 UTC
33.929363,-118.090895,34.011750,-118.115482,2025-12-21 19:02:06.622 UTC
35.689337,139.668109,34.195957,-118.363574,2025-12-21 21:27:19.146 UTC
33.929363,-118.090895,34.011750,-118.115482,2025-12-21 22:10:56.32 UTC
33.929363,-118.090895,34.011750,-118.115482,2025-12-21 17:49:46.518 UTC
40.683107,-73.977365,34.048482,-118.222846,2025-12-21 17:17:56.143 UTC
33.929363,-118.090895,34.011750,-118.115482,2025-12-21 17:20:40.857 UTC
34.267502,-118.431199,34.195957,-118.363574,2025-12-21 22:24:42.282 UTC
35.689337,139.668109,34.195957,-118.363574,2025-12-21 23:10:11.817 UTC
35.689337,139.668109,34.195957,-118.363574,2025-12-21 23:41:14.469 UTC
33.929363,-118.090895,34.011750,-118.115482,2025-12-21 21:32:14.737 UTC
33.929363,-118.090895,34.011750,-118.115482,2025-12-21 22:20:32.423 UTC
33.929363,-118.090895,34.011750,-118.115482,2025-12-21 22:48:17.362 UTC
35.689337,139.668109,34.195957,-118.363574,2025-12-21 21:53:00.268 UTC
40.683107,-73.977365,34.048482,-118.222846,2025-12-21 19:33:35.072 UTC
33.929363,-118.090895,34.011750,-118.115482,2025-12-21 21:10:15.874 UTC
33.929363,-118.090895,34.011750,-118.115482,2025-12-21 18:57:07.993 UTC
34.053566,-118.162544,34.134965,-118.120747,2025-12-21 05:23:04.452 UTC
33.929363,-118.090895,34.011750,-118.115482,2025-12-21 21:43:11.978 UTC
34.033014,-118.054779,34.015262,-118.164233,2025-12-28 22:38:08.215 UTC
34.033014,-118.054779,34.015262,-118.164233,2025-12-28 22:35:02.902 UTC
34.031528,-118.453993,34.098489,-118.370470,2025-12-28 17:14:34.937 UTC
34.170234,-118.356158,34.152621,-118.260095,2026-02-21 03:07:22.143 UTC
34.135155,-118.430273,34.099250,-118.320541,2026-02-21 02:02:50.584 UTC
34.135155,-118.430273,34.099250,-118.320541,2026-02-21 02:49:36.61 UTC
34.135155,-118.430273,34.099250,-118.320541,2026-02-21 03:24:36.784 UTC
34.135155,-118.430273,34.099250,-118.320541,2026-02-21 02:54:50.165 UTC
34.153401,-118.208284,34.152621,-118.260095,2026-02-21 02:34:01.732 UTC
34.135155,-118.430273,34.099250,-118.320541,2026-02-21 02:45:23.808 UTC
34.153401,-118.208284,34.152621,-118.260095,2026-02-21 03:20:45.152 UTC
34.153401,-118.208284,34.152621,-118.260095,2026-02-21 03:45:24.648 UTC
34.135155,-118.430273,34.099250,-118.320541,2026-02-21 02:08:03.551 UTC
34.153401,-118.208284,34.152621,-118.260095,2026-02-21 03:23:14.834 UTC
34.135155,-118.430273,34.099250,-118.320541,2026-02-21 02:17:29.449 UTC
34.135155,-118.430273,34.099250,-118.320541,2026-02-21 03:08:42.123 UTC
34.153401,-118.208284,34.152621,-118.260095,2026-02-21 02:21:46.172 UTC
34.135155,-118.430273,34.099250,-118.320541,2026-02-21 02:32:41.57 UTC
34.135155,-118.430273,34.099250,-118.320541,2026-02-21 03:00:26.211 UTC
34.153401,-118.208284,34.152621,-118.260095,2026-02-21 03:50:48.514 UTC
34.153401,-118.208284,34.152621,-118.260095,2026-02-21 02:30:14.018 UTC
34.059160,-118.116891,34.048097,-118.177644,2026-02-21 00:51:32.118 UTC
34.059160,-118.116891,34.048097,-118.177644,2026-02-21 00:23:10.23 UTC
34.059160,-118.116891,34.048097,-118.177644,2026-02-21 00:52:41.794 UTC
34.059160,-118.116891,34.048097,-118.177644,2026-02-21 00:49:28.803 UTC
34.059160,-118.116891,34.048097,-118.177644,2026-02-21 00:20:10.58 UTC
41.838208,-87.647072,41.872439,-87.695282,2025-07-17 03:37:27.3 UTC
34.005056,-118.449498,34.034336,-118.358236,2025-07-17 01:00:26.519 UTC
40.695638,-74.032056,34.219105,-118.251927,2025-07-17 01:49:03.016 UTC
40.655187,-73.954188,33.956710,-118.213397,2025-07-17 01:39:01.394 UTC
47.601288,-122.326839,47.616826,-122.351543,2025-07-17 23:10:55.093 UTC
51.528219,-0.104805,33.980540,-118.427289,2025-07-06 21:46:36.955 UTC
34.125715,-118.136852,34.025963,-118.087636,2025-07-06 18:48:01.743 UTC
34.029856,-118.177922,33.976912,-118.101522,2025-07-06 19:18:18.646 UTC
40.692770,-74.016727,34.149801,-118.199083,2025-07-06 23:49:16.6 UTC
40.720566,-74.083605,40.728020,-74.013199,2026-05-23 19:38:05 UTC
34.005056,-118.449498,34.034336,-118.358236,2026-05-23 21:05:04.09 UTC
33.939044,-118.240924,33.928651,-118.311198,2026-05-23 20:08:21.625 UTC
40.655187,-73.954188,33.956710,-118.213397,2026-05-23 21:33:58.634 UTC
40.655187,-73.954188,33.956710,-118.213397,2026-05-23 21:18:50.936 UTC
33.957547,-118.193135,33.956710,-118.213397,2026-05-23 21:00:55.219 UTC
-33.960195,151.356998,-33.907321,151.244946,2026-05-23 21:22:28.037 UTC
34.237455,-118.190827,34.219105,-118.251927,2025-12-05 03:05:03.72 UTC
34.154624,-118.487413,34.129965,-118.367452,2025-10-18 01:15:58.101 UTC
51.519608,-0.095303,33.927372,-118.211939,2025-10-18 19:59:15.686 UTC
34.062838,-118.309219,34.083090,-118.201891,2025-10-18 02:16:22.163 UTC
47.650768,-122.425078,34.203118,-118.266919,2025-10-18 19:33:12.929 UTC
47.650768,-122.425078,34.203118,-118.266919,2025-10-18 19:22:06.024 UTC
51.574753,-0.326806,51.559669,-0.163967,2025-10-18 05:19:24.948 UTC
-33.829775,151.294846,-33.907321,151.244946,2025-10-18 23:45:58.625 UTC
40.695638,-74.032056,34.219105,-118.251927,2025-10-18 22:31:05.163 UTC
40.695638,-74.032056,34.219105,-118.251927,2025-10-18 23:38:02.252 UTC
40.695638,-74.032056,34.219105,-118.251927,2025-10-18 23:19:06.3 UTC
34.005056,-118.449498,34.034336,-118.358236,2025-10-18 21:00:26.388 UTC
34.005056,-118.449498,34.034336,-118.358236,2025-10-18 21:42:46.111 UTC
40.695638,-74.032056,34.219105,-118.251927,2025-10-18 22:26:08.118 UTC
34.005056,-118.449498,34.034336,-118.358236,2025-10-18 22:17:06.863 UTC
40.695638,-74.032056,34.219105,-118.251927,2025-10-18 23:38:19.409 UTC
40.655187,-73.954188,33.956710,-118.213397,2025-10-18 23:58:27.377 UTC
40.655187,-73.954188,33.956710,-118.213397,2025-10-18 21:33:06.042 UTC
40.655187,-73.954188,33.956710,-118.213397,2025-10-18 22:07:02.907 UTC
40.655187,-73.954188,33.956710,-118.213397,2025-10-18 23:10:42.86 UTC
-33.960195,151.356998,-33.907321,151.244946,2025-10-18 21:22:19.784 UTC
-23.566706,-46.626374,34.152387,-118.341242,2025-10-18 19:26:30.697 UTC
34.166248,-118.154264,34.176517,-118.170082,2025-10-18 20:16:27.411 UTC
34.062838,-118.309219,34.083090,-118.201891,2025-10-18 03:04:55.344 UTC
34.062838,-118.309219,34.083090,-118.201891,2025-10-18 01:57:49.767 UTC
-33.841396,151.156027,34.056416,-118.239499,2025-10-18 02:50:08.426 UTC
34.062838,-118.309219,34.083090,-118.201891,2025-10-18 01:57:59.012 UTC
34.062838,-118.309219,34.083090,-118.201891,2025-10-18 01:54:49.464 UTC
34.025155,-118.463492,34.014285,-118.414057,2025-10-18 03:37:35.639 UTC
35.778496,139.626824,35.679500,139.599629,2025-10-18 02:55:37.759 UTC
40.655187,-73.954188,33.956710,-118.213397,2025-10-18 21:28:23.712 UTC
33.999588,-118.067807,33.972213,-118.062327,2026-05-26 21:19:28.321 UTC
51.529147,-0.294930,51.479132,-0.197965,2026-05-26 21:18:41.575 UTC
34.151463,-118.255894,34.048210,-118.250429,2026-05-26 01:19:18.866 UTC
-23.527284,-46.582951,41.843126,-87.614693,2026-05-26 01:19:10.785 UTC
35.656206,139.650256,34.090889,-118.243899,2026-05-26 02:26:23.617 UTC
47.647736,-122.298177,33.928363,-118.151494,2026-05-26 02:13:34.419 UTC
47.647736,-122.298177,33.928363,-118.151494,2026-05-26 08:12:31.471 UTC
47.647736,-122.298177,33.928363,-118.151494,2026-05-26 08:11:14.477 UTC
33.987405,-118.110156,33.972213,-118.062327,2026-05-26 01:48:48.219 UTC
47.647736,-122.298177,33.928363,-118.151494,2026-05-26 01:40:02.384 UTC
35.656206,139.650256,34.090889,-118.243899,2026-05-26 07:53:28.754 UTC
33.953836,-118.185625,33.960291,-118.064879,2026-05-26 02:48:58.553 UTC
41.838379,-87.663641,34.029592,-118.069396,2026-05-26 02:46:01.442 UTC
47.560987,-122.339589,51.535127,-0.154297,2026-05-26 02:14:17.945 UTC
33.987405,-118.110156,33.972213,-118.062327,2026-05-26 01:57:06.012 UTC
34.186037,-118.286663,34.163729,-118.262728,2026-05-26 21:48:40.787 UTC
35.656206,139.650256,34.090889,-118.243899,2026-05-26 07:58:02.494 UTC
34.005056,-118.449498,34.034336,-118.358236,2025-06-23 03:10:00.811 UTC
34.268373,-118.248478,34.192869,-118.187622,2025-06-23 18:40:11.999 UTC
-33.807414,151.203860,34.034336,-118.358236,2025-10-23 01:22:36.202 UTC
34.033488,-118.271392,33.956710,-118.213397,2025-10-23 01:58:45.098 UTC
-33.807414,151.203860,34.034336,-118.358236,2025-10-23 01:31:03.29 UTC
-33.870233,151.149771,33.996942,-118.290158,2025-10-23 01:36:19.566 UTC
40.655187,-73.954188,33.956710,-118.213397,2025-07-19 23:54:04.963 UTC
51.504265,-0.038412,51.552379,-0.191890,2026-01-07 01:37:23.733 UTC
34.081488,-118.459848,34.081259,-118.331056,2026-01-07 01:12:55.965 UTC
-33.829775,151.294846,-33.907321,151.244946,2026-03-08 03:15:51.389 UTC
33.991816,-118.133734,34.054473,-118.153399,2026-03-08 02:38:16.188 UTC
34.181209,-118.187553,34.219105,-118.251927,2026-03-08 03:22:36.992 UTC
40.821458,-74.017080,40.780398,-74.035550,2026-03-08 03:10:43 UTC
34.012794,-118.175840,34.033141,-118.260220,2026-07-23 19:14:24.412 UTC
-33.807414,151.203860,34.034336,-118.358236,2025-11-13 01:26:18.186 UTC
34.097432,-118.459818,34.130082,-118.405787,2026-05-29 05:18:47.347 UTC
40.797622,-73.989598,40.696480,-73.991936,2026-05-29 05:08:38.883 UTC
34.203227,-118.187364,34.133479,-118.159371,2026-05-29 02:55:37.988 UTC
34.097432,-118.459818,34.130082,-118.405787,2026-05-29 05:06:25.027 UTC
33.987405,-118.110156,33.972213,-118.062327,2026-05-29 04:26:50.284 UTC
33.987405,-118.110156,33.972213,-118.062327,2026-05-29 05:09:21.888 UTC
47.646620,-122.260978,34.088230,-118.412201,2026-05-29 02:05:25.111 UTC
-33.865426,151.341816,-33.846599,151.226868,2026-05-29 01:34:44.714 UTC
47.647736,-122.298177,33.928363,-118.151494,2026-05-29 03:37:38.992 UTC
33.987405,-118.110156,33.972213,-118.062327,2026-05-29 05:09:55.841 UTC
35.656206,139.650256,34.090889,-118.243899,2026-05-29 05:08:26.658 UTC
47.647736,-122.298177,33.928363,-118.151494,2026-05-29 04:47:21.721 UTC
34.147915,-118.126368,34.087229,-118.125841,2025-08-04 01:49:46.309 UTC
47.678932,-122.350248,35.652045,139.651348,2025-08-04 02:02:41.777 UTC
34.020540,-117.949213,33.980695,-118.064697,2025-08-04 00:34:11.416 UTC
33.975145,-118.422763,33.983267,-118.305105,2025-12-07 17:16:35.168 UTC
-23.528298,-46.590806,33.969519,-118.226390,2026-07-13 04:09:23.243 UTC
47.701065,-122.224604,47.614561,-122.265275,2026-07-13 04:05:05.124 UTC
34.005056,-118.449498,34.034336,-118.358236,2026-07-13 01:03:19.798 UTC
40.655187,-73.954188,33.956710,-118.213397,2026-07-13 00:11:24.059 UTC
34.034973,-118.351674,34.123897,-118.390531,2026-07-13 04:14:44.41 UTC
34.005056,-118.449498,34.034336,-118.358236,2026-07-13 00:27:12.912 UTC
40.655187,-73.954188,33.956710,-118.213397,2026-07-13 01:44:51.278 UTC
40.655187,-73.954188,33.956710,-118.213397,2026-07-13 00:37:50.856 UTC
40.655187,-73.954188,33.956710,-118.213397,2026-07-13 01:49:47.192 UTC
40.655187,-73.954188,33.956710,-118.213397,2026-07-13 00:44:10.544 UTC
34.005056,-118.449498,34.034336,-118.358236,2026-07-13 01:05:42.766 UTC
35.689337,139.668109,34.195957,-118.363574,2025-12-22 00:04:05.652 UTC
34.047147,-118.287575,33.996942,-118.290158,2025-10-17 15:13:53.282 UTC
34.034041,-118.176237,34.079566,-118.190704,2026-02-22 02:21:24.223 UTC
34.005056,-118.449498,34.034336,-118.358236,2025-08-23 17:58:41.543 UTC
34.005056,-118.449498,34.034336,-118.358236,2025-08-23 17:50:54.342 UTC
34.005056,-118.449498,34.034336,-118.358236,2025-08-23 21:42:33.061 UTC
34.005056,-118.449498,34.034336,-118.358236,2025-08-23 21:46:25.912 UTC
34.005056,-118.449498,34.034336,-118.358236,2025-08-23 22:27:04.514 UTC
34.005056,-118.449498,34.034336,-118.358236,2025-08-23 01:38:08.646 UTC
33.957547,-118.193135,33.956710,-118.213397,2025-08-23 18:09:08.028 UTC
40.655187,-73.954188,33.956710,-118.213397,2025-08-23 20:16:51.958 UTC
40.655187,-73.954188,33.956710,-118.213397,2025-08-23 02:06:39.997 UTC
40.655187,-73.954188,33.956710,-118.213397,2025-08-23 21:23:06.261 UTC
-33.807414,151.203860,34.034336,-118.358236,2025-08-23 23:43:14.004 UTC
40.695638,-74.032056,34.219105,-118.251927,2025-08-23 01:48:23.511 UTC
34.005056,-118.449498,34.034336,-118.358236,2025-08-23 01:04:45.189 UTC
35.623919,139.651513,-33.865425,151.182241,2025-08-23 06:18:22.874 UTC
35.656206,139.650256,34.090889,-118.243899,2025-08-23 06:02:49.368 UTC
-33.859237,151.161810,33.946913,-118.368568,2026-08-25 02:37:24.588 UTC
33.991515,-118.290008,34.010444,-118.397005,2026-08-25 02:29:25.996 UTC
34.043735,-118.557008,33.992158,-118.446547,2025-07-08 00:30:53.717 UTC
51.547855,-0.136115,47.594176,-122.214503,2025-07-07 23:59:59.531 UTC
40.745051,-74.072068,51.554621,-0.098102,2025-07-08 03:49:08.521 UTC
51.547855,-0.136115,47.594176,-122.214503,2025-07-08 00:00:23.741 UTC
-23.599798,-46.610641,-33.911467,151.210966,2025-07-08 00:50:14.331 UTC
34.043735,-118.557008,33.992158,-118.446547,2025-07-08 00:32:44.194 UTC
40.655187,-73.954188,33.956710,-118.213397,2026-06-20 21:52:56.865 UTC
34.031528,-118.453993,34.098489,-118.370470,2025-06-15 18:19:41.448 UTC
-23.548607,-46.694214,34.115725,-118.281044,2025-12-25 22:16:52.531 UTC
33.864092,-118.209170,33.916180,-118.236742,2025-12-25 05:11:02.85 UTC
34.045056,-118.173850,34.037645,-118.153464,2025-12-25 22:11:21.44 UTC
34.081286,-118.439703,34.115607,-118.438557,2025-12-25 04:40:53.526 UTC
35.689454,139.706979,33.888874,-118.166249,2025-12-25 07:28:03.315 UTC
35.640093,139.639465,35.721371,139.703157,2025-12-25 03:11:31.157 UTC
41.852763,-87.666705,34.033117,-118.285488,2025-12-25 05:26:46.521 UTC
47.565897,-122.445574,47.642319,-122.434824,2025-12-25 21:44:55.156 UTC
33.803544,-118.225476,33.885938,-118.267792,2026-01-04 20:14:32.666 UTC
41.915632,-87.540900,33.958444,-118.251660,2025-08-02 23:25:29.542 UTC
33.987405,-118.110156,33.972213,-118.062327,2026-05-27 00:53:27.602 UTC
33.987405,-118.110156,33.972213,-118.062327,2026-05-27 00:53:20.4 UTC
33.970460,-118.083057,33.929852,-118.163872,2026-05-27 01:57:22.823 UTC
34.012608,-118.101455,34.026435,-118.227957,2026-03-02 00:54:26.679 UTC
34.033488,-118.271392,33.956710,-118.213397,2026-03-02 02:15:31.282 UTC
34.033488,-118.271392,33.956710,-118.213397,2026-03-02 01:03:08.234 UTC
-33.807414,151.203860,34.034336,-118.358236,2026-03-02 00:34:23.019 UTC
34.220148,-118.297005,34.219105,-118.251927,2026-03-02 00:03:50.222 UTC
34.033488,-118.271392,33.956710,-118.213397,2026-03-02 00:13:54.672 UTC
-33.942360,151.168564,-33.907321,151.244946,2026-03-02 00:24:08.035 UTC
34.138687,-118.245672,34.037892,-118.265422,2025-09-01 01:05:21.666 UTC
34.005056,-118.449498,34.034336,-118.358236,2025-09-11 01:05:16.545 UTC
34.005056,-118.449498,34.034336,-118.358236,2025-09-11 01:31:49.054 UTC
33.957547,-118.193135,33.956710,-118.213397,2025-09-11 00:58:31.505 UTC
40.655187,-73.954188,33.956710,-118.213397,2025-09-11 01:52:13.012 UTC
34.005056,-118.449498,34.034336,-118.358236,2025-09-11 01:36:49.364 UTC
34.230209,-118.234064,34.152166,-118.224639,2025-12-31 04:43:15.861 UTC
-33.889648,151.186347,34.080623,-118.451076,2025-12-31 06:32:54.548 UTC
47.635023,-122.361944,47.601310,-122.439480,2025-12-31 20:31:42.343 UTC
33.957547,-118.193135,33.956710,-118.213397,2026-08-22 21:11:36.643 UTC
34.005056,-118.449498,34.034336,-118.358236,2026-08-22 21:56:27.643 UTC
40.655187,-73.954188,33.956710,-118.213397,2026-08-22 21:42:09.958 UTC
40.655187,-73.954188,33.956710,-118.213397,2026-08-22 21:47:35.348 UTC
40.655187,-73.954188,33.956710,-118.213397,2026-08-22 21:36:17.007 UTC
34.033488,-118.271392,33.956710,-118.213397,2026-08-22 20:40:53.311 UTC
47.663964,-122.273222,-33.907321,151.244946,2026-01-10 22:53:17.451 UTC
-33.991404,151.153336,-33.894724,151.190160,2026-01-10 22:49:57.565 UTC
34.192079,-118.189591,34.219105,-118.251927,2026-01-10 23:03:33.149 UTC
35.712342,139.682869,33.984713,-118.290430,2025-10-14 18:39:48.873 UTC
40.708865,-74.094310,34.165227,-118.397418,2025-12-18 01:51:54.847 UTC
51.455751,-0.074889,51.486381,-0.166187,2025-08-01 03:35:03.831 UTC
33.928794,-118.146371,33.979212,-118.123681,2026-01-22 14:56:06.666 UTC
34.007426,-118.251184,34.034336,-118.358236,2025-10-21 00:45:19.058 UTC
33.993622,-118.314318,33.995004,-118.433001,2025-11-12 16:48:28.691 UTC
34.067398,-118.341979,34.034336,-118.358236,2025-11-12 16:20:27.07 UTC
51.508349,-0.134243,33.960385,-118.119326,2025-12-19 00:48:52.414 UTC
41.851804,-87.661747,47.594176,-122.214503,2025-07-07 23:47:07.722 UTC
34.125326,-118.263610,34.111905,-118.279598,2025-07-07 04:19:48.473 UTC
51.547855,-0.136115,47.594176,-122.214503,2025-07-07 23:59:22.918 UTC
-33.865426,151.341816,-33.846599,151.226868,2026-05-25 00:52:50.152 UTC
34.038894,-118.246108,34.007853,-118.247150,2026-05-25 00:16:51.398 UTC
34.038894,-118.246108,34.007853,-118.247150,2026-05-25 00:16:10.014 UTC
-33.865426,151.341816,-33.846599,151.226868,2026-05-25 02:06:29.264 UTC
35.727007,139.617016,34.157739,-118.124595,2026-05-25 03:11:40.851 UTC
34.038894,-118.246108,34.007853,-118.247150,2026-05-25 00:22:26.566 UTC
40.655187,-73.954188,33.956710,-118.213397,2026-07-11 23:33:07.685 UTC
40.655187,-73.954188,33.956710,-118.213397,2026-07-11 23:52:47.273 UTC
34.222264,-118.232433,34.139292,-118.239743,2026-07-11 06:01:23.949 UTC
41.866153,-87.594289,33.905816,-118.365414,2026-07-11 06:56:47.788 UTC
33.986827,-118.311485,34.078154,-118.262083,2026-07-11 06:53:35.881 UTC
34.120535,-118.172724,34.077803,-118.097536,2026-07-11 06:46:20.15 UTC
41.949083,-87.608095,33.996173,-118.274673,2026-07-11 06:08:17.618 UTC
34.033228,-118.226336,33.978753,-118.333765,2026-07-11 05:54:10.77 UTC
51.586445,-0.225761,51.535370,-0.085985,2026-07-11 07:52:46.762 UTC
40.668288,-74.094998,33.925079,-118.339470,2026-07-11 07:35:19.057 UTC
51.537087,-0.181172,33.874133,-118.235131,2026-07-11 04:01:28.557 UTC
33.994951,-118.353298,33.990902,-118.320991,2026-07-11 03:39:32.304 UTC
51.512387,-0.054999,33.922921,-118.230582,2026-07-11 03:17:05.961 UTC
-33.901946,151.268074,33.936020,-118.283205,2026-07-11 02:30:41.467 UTC
33.933911,-118.259058,34.004767,-118.253262,2026-07-11 02:27:34.03 UTC
34.061634,-118.313151,34.083624,-118.240880,2026-07-11 02:20:57.937 UTC
34.061634,-118.313151,34.083624,-118.240880,2026-07-11 01:47:06.181 UTC
-23.551044,-46.585054,33.938742,-118.243000,2026-07-11 05:40:24.244 UTC
51.496161,-0.156686,34.104885,-118.096741,2026-07-11 05:17:59.875 UTC
40.668288,-74.094998,33.925079,-118.339470,2026-07-11 05:38:20.002 UTC
33.957547,-118.193135,33.956710,-118.213397,2026-07-11 22:07:13.928 UTC
34.005056,-118.449498,34.034336,-118.358236,2026-07-11 19:45:38.888 UTC
33.957547,-118.193135,33.956710,-118.213397,2026-07-11 18:53:21.542 UTC
34.005056,-118.449498,34.034336,-118.358236,2026-07-11 18:21:34.551 UTC
34.005056,-118.449498,34.034336,-118.358236,2026-07-11 17:12:22.471 UTC
34.005056,-118.449498,34.034336,-118.358236,2026-07-11 16:38:24.398 UTC
40.655187,-73.954188,33.956710,-118.213397,2026-07-11 23:11:06.023 UTC
40.655187,-73.954188,33.956710,-118.213397,2026-07-11 23:37:41.563 UTC
40.655187,-73.954188,33.956710,-118.213397,2026-07-11 22:32:38.054 UTC
40.655187,-73.954188,33.956710,-118.213397,2026-07-11 22:40:30.327 UTC
40.655187,-73.954188,33.956710,-118.213397,2026-07-11 22:44:48.823 UTC
40.655187,-73.954188,33.956710,-118.213397,2026-07-11 19:40:56.822 UTC
40.655187,-73.954188,33.956710,-118.213397,2026-07-11 18:41:14.347 UTC
40.655187,-73.954188,33.956710,-118.213397,2026-07-11 18:49:45.198 UTC
40.655187,-73.954188,33.956710,-118.213397,2026-07-11 19:11:47.019 UTC
40.655187,-73.954188,33.956710,-118.213397,2026-07-11 19:37:17.46 UTC
40.655187,-73.954188,33.956710,-118.213397,2026-07-11 17:57:29.664 UTC
40.655187,-73.954188,33.956710,-118.213397,2026-07-11 17:54:40.272 UTC
40.655187,-73.954188,33.956710,-118.213397,2026-07-11 17:21:56.352 UTC
40.655187,-73.954188,33.956710,-118.213397,2026-07-11 17:32:31.606 UTC
40.655187,-73.954188,33.956710,-118.213397,2026-07-11 17:06:04.795 UTC
40.655187,-73.954188,33.956710,-118.213397,2026-07-11 16:44:40.289 UTC
40.655187,-73.954188,33.956710,-118.213397,2026-07-11 16:47:53.217 UTC
33.884498,-118.245172,33.936906,-118.242225,2026-07-11 21:14:48.25 UTC
33.884498,-118.245172,33.936906,-118.242225,2026-07-11 20:35:09.34 UTC
34.062838,-118.309219,34.083090,-118.201891,2026-07-11 05:52:18.278 UTC
34.114452,-118.049651,34.151354,-118.170890,2026-07-11 05:52:32.533 UTC
35.615653,139.660916,34.097343,-118.233349,2026-07-11 06:36:25.064 UTC
-33.817783,151.247965,41.888929,-87.637900,2026-07-11 07:09:25.656 UTC
41.949083,-87.608095,33.996173,-118.274673,2026-07-11 07:03:02.256 UTC
34.061634,-118.313151,34.083624,-118.240880,2026-07-11 06:40:30.479 UTC
34.289903,-118.295798,34.228852,-118.204500,2026-07-11 06:33:04.283 UTC
-23.562325,-46.544385,-23.499874,-46.618263,2026-07-11 05:48:44.148 UTC
34.061634,-118.313151,34.083624,-118.240880,2026-07-11 06:01:10.329 UTC
40.696075,-73.938191,47.536823,-122.343329,2026-07-11 07:02:00.978 UTC
47.479914,-122.319098,47.562852,-122.415000,2026-07-11 06:33:33.278 UTC
34.001317,-118.259585,34.101015,-118.296204,2026-07-11 07:15:52.898 UTC
-33.925951,151.294833,-33.837799,151.248307,2026-07-11 05:52:03.8 UTC
-33.925951,151.294833,-33.837799,151.248307,2026-07-11 06:53:29.714 UTC
47.647736,-122.298177,33.928363,-118.151494,2026-07-11 05:48:22.189 UTC
35.615653,139.660916,34.097343,-118.233349,2026-07-11 07:52:36.562 UTC
40.700564,-73.958773,34.075120,-118.261810,2026-07-11 07:43:26.678 UTC
34.122075,-118.428441,34.130784,-118.377038,2026-07-11 07:35:01.833 UTC
34.289903,-118.295798,34.228852,-118.204500,2026-07-11 04:39:47.715 UTC
34.289903,-118.295798,34.228852,-118.204500,2026-07-11 04:39:58.248 UTC
-33.925951,151.294833,-33.837799,151.248307,2026-07-11 07:34:54.468 UTC
34.289903,-118.295798,34.228852,-118.204500,2026-07-11 03:51:19.955 UTC
34.085566,-118.161378,34.155823,-118.178986,2026-07-11 04:04:14.018 UTC
34.289903,-118.295798,34.228852,-118.204500,2026-07-11 04:05:35.18 UTC
34.061634,-118.313151,34.083624,-118.240880,2026-07-11 06:03:33.72 UTC
33.987405,-118.110156,33.972213,-118.062327,2026-07-11 03:38:33.17 UTC
-33.925951,151.294833,-33.837799,151.248307,2026-07-11 03:39:20.933 UTC
33.946531,-118.065017,33.958591,-118.079832,2026-07-11 02:20:29.728 UTC
34.289903,-118.295798,34.228852,-118.204500,2026-07-11 02:20:37.243 UTC
34.289903,-118.295798,34.228852,-118.204500,2026-07-11 02:12:43.036 UTC
41.875766,-87.578845,-23.562191,-46.608490,2026-07-11 02:15:57.96 UTC
34.062838,-118.309219,34.083090,-118.201891,2026-07-11 01:42:31.392 UTC
47.479914,-122.319098,47.562852,-122.415000,2026-07-11 05:37:56.923 UTC
34.038894,-118.246108,34.007853,-118.247150,2026-07-11 05:16:49.339 UTC
34.061634,-118.313151,34.083624,-118.240880,2026-07-11 05:48:14.423 UTC
47.596681,-122.339001,51.477290,-0.110525,2026-07-11 08:01:42.386 UTC
-23.562325,-46.544385,-23.499874,-46.618263,2026-07-11 05:40:06.951 UTC
33.966764,-118.213606,34.060869,-118.163130,2025-11-11 02:19:30.886 UTC
40.655187,-73.954188,33.956710,-118.213397,2025-09-28 21:34:29.443 UTC
35.571692,139.694030,35.640513,139.656827,2025-09-28 02:59:58.356 UTC
34.072148,-118.449942,34.034336,-118.358236,2025-09-28 23:56:24.555 UTC
34.005056,-118.449498,34.034336,-118.358236,2025-09-28 21:14:08.332 UTC
34.005056,-118.449498,34.034336,-118.358236,2025-09-28 21:04:55.406 UTC
-33.829775,151.294846,-33.907321,151.244946,2025-09-28 21:27:52.912 UTC
33.957547,-118.193135,33.956710,-118.213397,2025-09-28 21:37:01.477 UTC
34.005056,-118.449498,34.034336,-118.358236,2026-07-12 23:36:16.999 UTC
40.655187,-73.954188,33.956710,-118.213397,2026-07-12 23:11:45.502 UTC
40.655187,-73.954188,33.956710,-118.213397,2026-07-12 23:33:11.611 UTC
40.655187,-73.954188,33.956710,-118.213397,2026-07-12 23:22:07.775 UTC
40.655187,-73.954188,33.956710,-118.213397,2026-07-12 21:41:48.141 UTC
40.655187,-73.954188,33.956710,-118.213397,2026-07-12 22:50:24.674 UTC
40.655187,-73.954188,33.956710,-118.213397,2026-07-12 21:36:42.592 UTC
-33.960195,151.356998,-33.907321,151.244946,2026-07-12 21:25:10.286 UTC
40.655187,-73.954188,33.956710,-118.213397,2026-07-12 22:11:34.325 UTC
33.988790,-118.276534,34.034336,-118.358236,2026-07-12 23:03:13.21 UTC
40.655187,-73.954188,33.956710,-118.213397,2026-07-12 21:46:03.178 UTC
-23.548258,-46.565619,35.667562,139.686423,2026-07-12 20:35:00.246 UTC
34.005056,-118.449498,34.034336,-118.358236,2026-07-12 21:03:13.059 UTC
33.957547,-118.193135,33.956710,-118.213397,2026-07-12 18:43:41.317 UTC
40.655187,-73.954188,33.956710,-118.213397,2026-07-12 21:21:53.984 UTC
40.655187,-73.954188,33.956710,-118.213397,2026-07-12 21:08:54.23 UTC
40.655187,-73.954188,33.956710,-118.213397,2026-07-12 20:53:36.822 UTC
40.655187,-73.954188,33.956710,-118.213397,2026-07-12 18:21:05.163 UTC
40.655187,-73.954188,33.956710,-118.213397,2026-07-12 18:09:21.247 UTC
40.655187,-73.954188,33.956710,-118.213397,2026-07-12 18:32:46.81 UTC
40.655187,-73.954188,33.956710,-118.213397,2026-07-12 18:24:06.36 UTC
40.655187,-73.954188,33.956710,-118.213397,2026-07-12 17:11:07.472 UTC
34.005056,-118.449498,34.034336,-118.358236,2026-07-12 17:04:10.882 UTC
40.655187,-73.954188,33.956710,-118.213397,2026-07-12 17:06:49.565 UTC
34.005056,-118.449498,34.034336,-118.358236,2026-07-12 17:40:13.635 UTC
33.957547,-118.193135,33.956710,-118.213397,2026-07-12 17:37:22.446 UTC
40.655187,-73.954188,33.956710,-118.213397,2026-07-12 17:55:31.947 UTC
40.655187,-73.954188,33.956710,-118.213397,2026-07-12 17:47:27.034 UTC
34.036179,-118.127695,34.016038,-118.125143,2026-07-12 05:03:25.945 UTC
34.005056,-118.449498,34.034336,-118.358236,2026-07-12 00:03:32.101 UTC
34.005056,-118.449498,34.034336,-118.358236,2026-07-12 00:52:04.415 UTC
40.655187,-73.954188,33.956710,-118.213397,2026-07-12 00:40:06.143 UTC
40.655187,-73.954188,33.956710,-118.213397,2026-07-12 00:36:41.344 UTC
40.655187,-73.954188,33.956710,-118.213397,2026-07-12 00:45:31.57 UTC
34.066586,-118.302580,34.042714,-118.349060,2025-10-08 03:05:12.699 UTC
47.557606,-122.307294,34.180833,-118.365813,2025-10-08 03:58:17.348 UTC
34.005056,-118.449498,34.034336,-118.358236,2025-08-30 21:25:05.954 UTC
40.655187,-73.954188,33.956710,-118.213397,2025-08-30 23:16:33.872 UTC
33.999881,-118.120304,34.011253,-118.131667,2025-08-11 00:59:13.834 UTC
34.087839,-118.093733,34.024161,-118.127492,2025-08-11 02:25:22.917 UTC
40.730046,-73.963762,34.085394,-118.263037,2025-07-02 14:34:28.452 UTC
34.059518,-118.208371,34.067106,-118.111622,2025-12-26 02:43:40.729 UTC
34.023502,-118.362367,34.002054,-118.298835,2025-12-26 02:20:45.168 UTC
34.005056,-118.449498,34.034336,-118.358236,2025-06-24 01:21:13.371 UTC
34.033488,-118.271392,33.956710,-118.213397,2025-06-24 02:36:19.108 UTC
33.957547,-118.193135,33.956710,-118.213397,2025-06-24 01:47:40.357 UTC
34.005056,-118.449498,34.034336,-118.358236,2025-06-24 01:10:40.91 UTC
41.834751,-87.741936,41.812045,-87.642163,2025-06-24 14:23:37.383 UTC
34.074975,-118.356572,34.113782,-118.244170,2025-06-24 23:42:50.797 UTC
40.770949,-73.938377,34.034336,-118.358236,2025-06-24 02:11:05.384 UTC
51.547470,-0.028925,51.477290,-0.110525,2026-07-10 21:07:40.635 UTC
41.880107,-87.571366,-33.897391,151.266354,2026-07-10 20:16:43.048 UTC
34.023523,-118.355295,33.944574,-118.387486,2026-07-10 20:16:54.336 UTC
47.530585,-122.295618,-23.544464,-46.686262,2026-07-10 02:12:00.243 UTC
-23.535122,-46.579291,34.077132,-118.322964,2026-07-10 01:48:56.545 UTC
41.972055,-87.559748,41.939343,-87.639180,2026-07-10 01:53:50.454 UTC
41.857570,-87.644673,34.104178,-118.100177,2026-07-10 02:14:37.543 UTC
41.857570,-87.644673,34.104178,-118.100177,2026-07-10 01:18:10.13 UTC
-33.888111,151.213223,33.966654,-118.211198,2026-07-10 02:11:44.975 UTC
41.912888,-87.561214,41.907603,-87.569169,2026-07-10 21:37:13.749 UTC
34.185179,-118.058376,34.156310,-118.111354,2026-07-10 01:38:12.375 UTC
47.701065,-122.224604,47.614561,-122.265275,2026-07-10 23:05:24.6 UTC
41.857570,-87.644673,34.104178,-118.100177,2026-07-10 01:19:22.786 UTC
41.857570,-87.644673,34.104178,-118.100177,2026-07-10 01:27:59.153 UTC
34.005056,-118.449498,34.034336,-118.358236,2025-07-05 21:34:50.787 UTC
41.849567,-87.697674,41.906361,-87.702963,2025-07-05 19:47:27.262 UTC
34.258632,-118.341521,34.178330,-118.358274,2026-04-29 01:57:16.045 UTC
34.005056,-118.449498,34.034336,-118.358236,2026-02-01 22:30:58.609 UTC
34.005056,-118.449498,34.034336,-118.358236,2026-02-01 22:32:42.332 UTC
34.254004,-118.247736,34.182688,-118.178741,2026-04-09 01:35:32.302 UTC
40.655187,-73.954188,33.956710,-118.213397,2025-06-05 01:50:25.447 UTC
34.005056,-118.449498,34.034336,-118.358236,2025-06-05 01:31:51.519 UTC
34.015361,-118.197448,33.956710,-118.213397,2025-06-05 23:00:37.775 UTC
35.654342,139.643481,35.703174,139.694555,2025-07-24 03:37:14.353 UTC
34.146544,-118.262518,34.115725,-118.281044,2025-07-24 03:55:53.197 UTC
33.945191,-118.453742,33.974619,-118.380787,2025-07-24 01:30:47.782 UTC
33.901605,-118.089702,33.960385,-118.119326,2025-07-24 02:24:31.783 UTC
40.708865,-74.094310,34.165227,-118.397418,2025-07-24 01:04:29.927 UTC
35.666776,139.658976,34.116979,-118.063301,2025-07-24 04:34:26.678 UTC
33.867295,-118.161697,33.956710,-118.213397,2025-07-24 01:11:25.857 UTC
33.867295,-118.161697,33.956710,-118.213397,2025-07-24 01:15:59.373 UTC
33.956560,-118.450499,33.919810,-118.363381,2025-07-28 04:43:11.025 UTC
-33.833580,151.252863,33.950160,-118.199429,2025-07-28 04:25:43.306 UTC
-33.861469,151.214408,34.093864,-118.232747,2025-07-28 03:37:29.278 UTC
47.617170,-122.279552,47.554727,-122.383783,2025-07-03 18:13:32.121 UTC
40.655187,-73.954188,33.956710,-118.213397,2025-07-03 01:31:03.207 UTC
40.655187,-73.954188,33.956710,-118.213397,2025-07-03 01:36:13.472 UTC
40.655187,-73.954188,33.956710,-118.213397,2025-07-03 01:23:09.579 UTC
34.087366,-118.169918,34.090986,-118.155204,2025-08-18 03:03:18.433 UTC
35.618222,139.665947,-33.914691,151.190530,2025-08-18 14:42:26.659 UTC
47.559618,-122.502890,47.584843,-122.373701,2025-08-18 16:25:42.12 UTC
-23.532032,-46.694248,34.154580,-118.215385,2025-08-18 14:33:47.335 UTC
51.455751,-0.074889,51.486381,-0.166187,2025-08-18 02:05:23.374 UTC
51.442313,-0.024495,51.454155,-0.179358,2025-08-18 14:22:58.548 UTC
33.938830,-118.146703,34.026166,-118.097388,2025-08-18 21:08:02.466 UTC
34.005056,-118.449498,34.034336,-118.358236,2025-06-19 01:00:52.968 UTC
34.005056,-118.449498,34.034336,-118.358236,2025-06-19 01:06:15.588 UTC
40.655187,-73.954188,33.956710,-118.213397,2025-06-19 01:19:41.278 UTC
34.005056,-118.449498,34.034336,-118.358236,2025-06-19 01:50:45.975 UTC
40.655187,-73.954188,33.956710,-118.213397,2026-03-28 22:37:49.314 UTC
35.744514,139.703515,35.664391,139.621331,2026-03-28 18:24:52.728 UTC
35.724854,139.619567,34.158404,-118.169614,2026-03-28 01:18:37.877 UTC
33.918677,-118.128379,33.874151,-118.245612,2026-05-13 02:38:44.778 UTC
40.695638,-74.032056,34.219105,-118.251927,2026-03-14 22:42:09.251 UTC
40.655187,-73.954188,33.956710,-118.213397,2026-03-14 23:12:58.428 UTC
40.655187,-73.954188,33.956710,-118.213397,2026-03-14 22:31:09.399 UTC
40.655187,-73.954188,33.956710,-118.213397,2026-03-14 22:24:40.982 UTC
34.084733,-118.358053,34.090560,-118.442282,2025-12-08 03:49:49.226 UTC
40.695638,-74.032056,34.219105,-118.251927,2025-09-07 22:23:58.79 UTC
40.655187,-73.954188,33.956710,-118.213397,2025-09-07 22:51:16.071 UTC
40.655187,-73.954188,33.956710,-118.213397,2025-09-07 22:07:42.876 UTC
34.005056,-118.449498,34.034336,-118.358236,2025-09-07 22:38:00.837 UTC
40.655187,-73.954188,33.956710,-118.213397,2025-09-07 22:01:32.049 UTC
40.655187,-73.954188,33.956710,-118.213397,2025-09-07 21:42:25.011 UTC
40.655187,-73.954188,33.956710,-118.213397,2025-09-07 22:46:13.526 UTC
34.005056,-118.449498,34.034336,-118.358236,2025-09-07 22:33:46.438 UTC
33.914879,-118.426473,33.964245,-118.409489,2025-09-07 07:40:10.87 UTC
40.655187,-73.954188,33.956710,-118.213397,2025-09-07 21:12:14.78 UTC
-33.807414,151.203860,34.034336,-118.358236,2025-09-07 23:10:21.429 UTC
34.038190,-118.233086,34.139144,-118.261485,2025-10-04 02:45:47.358 UTC
34.005056,-118.449498,34.034336,-118.358236,2025-10-04 23:25:23.512 UTC
34.005056,-118.449498,34.034336,-118.358236,2025-10-04 21:31:17.331 UTC
40.695638,-74.032056,34.219105,-118.251927,2025-10-04 22:38:56.012 UTC
40.695638,-74.032056,34.219105,-118.251927,2025-10-04 21:18:53.882 UTC
40.695638,-74.032056,34.219105,-118.251927,2025-10-04 22:22:55.252 UTC
40.655187,-73.954188,33.956710,-118.213397,2025-10-04 22:04:45.162 UTC
40.655187,-73.954188,33.956710,-118.213397,2025-10-04 21:00:53.165 UTC
47.670934,-122.399115,33.956710,-118.213397,2025-10-04 23:51:05.519 UTC
34.005056,-118.449498,34.034336,-118.358236,2025-10-04 23:15:30.386 UTC
-23.553257,-46.617277,-23.594107,-46.637549,2025-10-04 18:56:16.33 UTC
34.037209,-118.145556,33.956710,-118.213397,2025-10-04 23:48:12.891 UTC
34.005056,-118.449498,34.034336,-118.358236,2025-10-04 22:42:43.472 UTC
34.170654,-118.070129,34.151797,-118.183435,2025-10-04 03:19:59.003 UTC
40.655187,-73.954188,33.956710,-118.213397,2025-10-16 01:18:43.117 UTC
34.005056,-118.449498,34.034336,-118.358236,2025-10-16 01:12:18.775 UTC
34.005056,-118.449498,34.034336,-118.358236,2025-10-16 01:11:56.851 UTC
33.957547,-118.193135,33.956710,-118.213397,2025-10-16 01:39:47.846 UTC
34.172314,-118.121299,34.159867,-118.167878,2026-05-09 02:32:11.73 UTC
34.005056,-118.449498,34.034336,-118.358236,2025-10-12 20:59:38.462 UTC
34.172314,-118.121299,34.159867,-118.167878,2025-10-12 14:58:27.37 UTC
34.060330,-118.192354,34.075182,-118.255761,2025-10-12 04:07:33.844 UTC
34.040602,-118.082030,33.941362,-118.101964,2025-08-03 19:59:18.224 UTC
33.976519,-118.459730,33.980540,-118.427289,2025-08-03 22:45:08.902 UTC
40.655187,-73.954188,33.956710,-118.213397,2025-11-23 01:56:48.547 UTC
51.534212,-0.211240,34.090560,-118.442282,2025-12-12 00:33:45.799 UTC
40.655187,-73.954188,33.956710,-118.213397,2026-02-14 22:12:44.376 UTC
34.005056,-118.449498,34.034336,-118.358236,2026-02-14 21:22:20.371 UTC
33.957547,-118.193135,33.956710,-118.213397,2026-02-14 21:04:19.063 UTC
40.655187,-73.954188,33.956710,-118.213397,2026-02-14 21:26:48.8 UTC
40.655187,-73.954188,33.956710,-118.213397,2026-02-14 21:42:11.047 UTC
33.997687,-118.323280,33.997433,-118.297364,2026-02-14 03:28:00.462 UTC
40.655187,-73.954188,33.956710,-118.213397,2026-02-14 22:14:51.41 UTC
34.005056,-118.449498,34.034336,-118.358236,2026-02-14 22:07:55.67 UTC
34.187674,-118.246937,34.115752,-118.191070,2026-02-14 23:14:19.124 UTC
40.655187,-73.954188,33.956710,-118.213397,2026-02-14 21:30:13.959 UTC
51.493200,-0.176781,-33.865464,151.213286,2025-07-25 23:35:59.714 UTC
33.945427,-118.110296,33.997233,-118.110703,2025-11-15 03:47:54.4 UTC
33.988790,-118.276534,34.034336,-118.358236,2025-11-15 18:36:55.016 UTC
34.005056,-118.449498,34.034336,-118.358236,2025-11-15 01:53:10.962 UTC
33.957547,-118.193135,33.956710,-118.213397,2025-11-15 01:59:31.412 UTC
34.005056,-118.449498,34.034336,-118.358236,2025-11-15 17:19:05.544 UTC
34.005056,-118.449498,34.034336,-118.358236,2025-11-15 01:14:02.833 UTC
34.005056,-118.449498,34.034336,-118.358236,2025-11-15 21:43:00.053 UTC
34.005056,-118.449498,34.034336,-118.358236,2025-11-15 17:16:38.435 UTC
-33.960195,151.356998,-33.907321,151.244946,2025-11-15 19:17:42.992 UTC
40.655187,-73.954188,33.956710,-118.213397,2025-11-15 17:48:02.574 UTC
40.655187,-73.954188,33.956710,-118.213397,2025-11-15 19:43:57.372 UTC
40.655187,-73.954188,33.956710,-118.213397,2025-11-15 23:35:34.082 UTC
40.655187,-73.954188,33.956710,-118.213397,2025-11-15 22:38:01.852 UTC
40.655187,-73.954188,33.956710,-118.213397,2025-11-15 02:06:29.081 UTC
51.465611,-0.014493,51.517172,-0.041819,2025-11-15 06:20:56.988 UTC
51.465611,-0.014493,51.517172,-0.041819,2025-11-15 06:50:58.457 UTC
40.655187,-73.954188,33.956710,-118.213397,2025-11-15 23:57:05.216 UTC
51.429867,-0.190657,51.515352,-0.099990,2025-11-15 07:38:11.856 UTC
40.705276,-73.831123,40.723552,-73.944366,2025-11-15 07:38:04.209 UTC
34.001317,-118.259585,34.101015,-118.296204,2025-11-15 05:44:31.672 UTC
33.953836,-118.185625,33.960291,-118.064879,2025-11-15 06:44:14.626 UTC
51.462143,-0.054256,51.475128,-0.065526,2025-11-15 07:26:03.748 UTC
33.987405,-118.110156,33.972213,-118.062327,2025-11-15 04:56:24.016 UTC
41.781316,-87.558086,41.841742,-87.594811,2025-11-15 07:05:18.508 UTC
51.465611,-0.014493,51.517172,-0.041819,2025-11-15 06:46:11.162 UTC
40.732859,-73.917164,34.070490,-118.435338,2025-11-15 05:46:54.332 UTC
51.459990,-0.190849,51.552339,-0.142730,2025-11-15 05:58:26.673 UTC
34.063505,-118.142984,34.107277,-118.074687,2025-11-15 07:34:02.425 UTC
51.462143,-0.054256,51.475128,-0.065526,2025-11-15 07:39:41.434 UTC
33.987405,-118.110156,33.972213,-118.062327,2025-11-15 05:37:24.612 UTC
33.987405,-118.110156,33.972213,-118.062327,2025-11-15 06:12:26.79 UTC
35.529836,139.741230,35.623702,139.685379,2025-11-15 05:25:21.043 UTC
51.462143,-0.054256,51.475128,-0.065526,2025-11-15 07:42:19.616 UTC
51.462143,-0.054256,51.475128,-0.065526,2025-11-15 07:42:12.708 UTC
33.987405,-118.110156,33.972213,-118.062327,2025-11-15 07:46:56.501 UTC
35.672562,139.605454,51.453072,-0.143330,2025-07-13 01:41:31.194 UTC
34.231296,-118.070584,34.217642,-118.178754,2025-07-13 03:51:58.195 UTC
51.519327,-0.157044,33.881420,-118.198922,2025-07-13 19:03:46.298 UTC
51.463926,-0.138010,47.682784,-122.314799,2025-07-13 01:41:55.279 UTC
34.025860,-118.110269,33.940262,-118.165643,2025-07-13 23:28:19.65 UTC
51.519327,-0.157044,33.881420,-118.198922,2025-07-13 19:04:03.306 UTC
51.598707,-0.160903,51.531437,-0.131895,2026-02-28 01:46:26.486 UTC
34.245713,-118.226200,34.219105,-118.251927,2026-02-28 18:04:15.636 UTC
34.005056,-118.449498,34.034336,-118.358236,2026-02-28 23:05:03.022 UTC
33.957547,-118.193135,33.956710,-118.213397,2026-02-28 19:07:20.073 UTC
34.005056,-118.449498,34.034336,-118.358236,2026-02-28 23:57:32.586 UTC
40.695638,-74.032056,34.219105,-118.251927,2026-02-28 22:50:04.695 UTC
34.005056,-118.449498,34.034336,-118.358236,2026-02-28 22:43:44.044 UTC
34.005056,-118.449498,34.034336,-118.358236,2026-02-28 23:10:03.796 UTC
34.005056,-118.449498,34.034336,-118.358236,2026-02-28 23:54:55.1 UTC
40.695638,-74.032056,34.219105,-118.251927,2026-02-28 17:56:44.313 UTC
40.695638,-74.032056,34.219105,-118.251927,2026-02-28 23:17:56.04 UTC
34.005056,-118.449498,34.034336,-118.358236,2026-02-28 22:05:57.282 UTC
40.655187,-73.954188,33.956710,-118.213397,2026-02-28 23:28:38.793 UTC
40.655187,-73.954188,33.956710,-118.213397,2026-02-28 18:16:39.517 UTC
40.655187,-73.954188,33.956710,-118.213397,2026-02-28 18:52:19.726 UTC
40.655187,-73.954188,33.956710,-118.213397,2026-02-28 19:44:40.247 UTC
40.655187,-73.954188,33.956710,-118.213397,2026-02-28 17:38:38.853 UTC
40.655187,-73.954188,33.956710,-118.213397,2026-02-28 22:28:14.848 UTC
40.655187,-73.954188,33.956710,-118.213397,2026-02-28 23:25:55.117 UTC
40.655187,-73.954188,33.956710,-118.213397,2026-02-28 18:23:49.078 UTC
40.655187,-73.954188,33.956710,-118.213397,2026-02-28 23:33:51.3 UTC
40.655187,-73.954188,33.956710,-118.213397,2026-02-28 18:10:28.052 UTC
-33.960195,151.356998,-33.907321,151.244946,2026-02-28 23:44:21.649 UTC
34.181209,-118.187553,34.219105,-118.251927,2026-02-28 19:14:41.475 UTC
40.655187,-73.954188,33.956710,-118.213397,2026-02-28 17:37:19.656 UTC
40.655187,-73.954188,33.956710,-118.213397,2026-02-28 17:20:50.867 UTC
40.655187,-73.954188,33.956710,-118.213397,2026-02-28 22:22:49.312 UTC
-33.960195,151.356998,-33.907321,151.244946,2026-02-28 19:22:56.434 UTC
40.769507,-74.071737,34.138244,-118.073780,2026-02-28 01:13:43.316 UTC
33.855500,-118.190656,33.956710,-118.213397,2026-02-28 20:22:40.215 UTC
-33.913338,151.164480,34.013092,-118.246313,2026-02-28 04:35:30.352 UTC
47.592124,-122.294294,35.660063,139.597578,2026-02-28 20:18:48.277 UTC
34.128431,-117.973457,34.165848,-118.086953,2026-02-28 03:39:06.172 UTC
40.756503,-74.013043,34.082105,-118.171432,2026-02-28 04:22:56.482 UTC
51.465611,-0.014493,51.517172,-0.041819,2026-02-28 04:13:36.232 UTC
35.778496,139.626824,35.679500,139.599629,2026-02-28 03:40:53.236 UTC
33.930604,-118.316595,33.936644,-118.408135,2026-02-28 01:46:10.387 UTC
-33.905786,151.231094,34.079610,-118.430116,2026-02-28 04:55:37.956 UTC
33.945427,-118.110296,33.997233,-118.110703,2026-02-28 02:08:33.853 UTC
33.918700,-118.020563,33.985183,-118.050766,2026-02-28 05:51:46.75 UTC
40.661857,-74.064891,34.075632,-118.430114,2026-02-28 04:42:49.887 UTC
34.066554,-118.092845,33.986624,-118.126232,2026-02-28 00:46:43.17 UTC
47.620379,-122.374618,33.970387,-118.050942,2026-02-28 03:27:44.823 UTC
40.652497,-74.072367,34.103031,-118.186604,2026-02-28 05:37:27.542 UTC
40.698655,-73.903315,41.800794,-87.619125,2026-02-28 04:07:38.774 UTC
47.479914,-122.319098,47.562852,-122.415000,2026-02-28 01:34:11.687 UTC
-33.866352,151.261055,47.614078,-122.234985,2026-02-28 01:40:50.271 UTC
40.641185,-73.968710,51.516767,-0.112904,2026-02-28 03:54:39.328 UTC
33.940019,-118.227203,33.987718,-118.305617,2026-02-28 04:53:02.11 UTC
33.953836,-118.185625,33.960291,-118.064879,2026-02-28 03:25:08.129 UTC
33.953836,-118.185625,33.960291,-118.064879,2026-02-28 03:50:46.65 UTC
35.708832,139.701034,40.682866,-73.913697,2026-02-28 01:19:47.171 UTC
40.641185,-73.968710,51.516767,-0.112904,2026-02-28 02:09:29.33 UTC
33.930604,-118.316595,33.936644,-118.408135,2026-02-28 01:46:04.1 UTC
40.769507,-74.071737,34.138244,-118.073780,2026-02-28 01:52:52.267 UTC
47.647736,-122.298177,33.928363,-118.151494,2026-02-28 02:01:30.158 UTC
51.478141,-0.126936,-23.516052,-46.689727,2026-02-28 03:40:27.052 UTC
34.013813,-118.164658,34.044956,-118.275961,2026-02-28 04:29:42.886 UTC
-33.893702,151.217542,33.956710,-118.213397,2025-06-12 01:41:16.999 UTC
-33.893702,151.217542,33.956710,-118.213397,2025-06-12 01:36:30.235 UTC
41.891735,-87.707368,34.034336,-118.358236,2025-06-12 01:50:13.886 UTC
-33.893702,151.217542,33.956710,-118.213397,2025-06-12 01:31:45.273 UTC
33.926451,-118.179115,33.903132,-118.190995,2026-03-27 20:09:08.514 UTC
-33.848293,151.080900,-33.844226,151.166567,2025-08-17 18:43:56.907 UTC
40.695638,-74.032056,34.219105,-118.251927,2025-08-17 15:27:00.435 UTC
40.655187,-73.954188,33.956710,-118.213397,2025-08-17 15:14:38.849 UTC
47.597503,-122.351923,47.580755,-122.279955,2025-08-17 16:12:22.914 UTC
33.993622,-118.314318,33.995004,-118.433001,2025-08-17 04:07:48.608 UTC
-23.544010,-46.610524,33.933659,-118.394714,2025-08-17 18:24:33.906 UTC
33.854567,-118.279214,33.929237,-118.307608,2025-08-17 23:01:06.628 UTC
33.957547,-118.193135,33.956710,-118.213397,2025-08-17 15:40:10.392 UTC
34.129076,-118.256934,34.226166,-118.234067,2025-08-17 21:17:00.054 UTC
33.957547,-118.193135,33.956710,-118.213397,2025-05-29 01:11:24.43 UTC
34.005056,-118.449498,34.034336,-118.358236,2025-05-29 02:05:28.186 UTC
40.655187,-73.954188,33.956710,-118.213397,2025-05-29 01:16:09.846 UTC
40.655187,-73.954188,33.956710,-118.213397,2025-05-29 01:58:38.754 UTC
33.930977,-118.051126,33.980660,-118.122822,2025-07-22 04:08:50.845 UTC
47.560596,-122.307766,35.651508,139.668810,2025-07-22 03:44:55.668 UTC
35.745671,139.695530,35.685768,139.642598,2025-07-27 06:31:00.911 UTC
35.619204,139.675807,34.008819,-118.264378,2025-07-27 06:22:17.309 UTC
34.013813,-118.164658,34.044956,-118.275961,2026-03-01 02:56:44.031 UTC
47.549569,-122.233385,47.614037,-122.253017,2026-03-01 05:53:04.46 UTC
34.062838,-118.309219,34.083090,-118.201891,2026-03-01 04:20:21.142 UTC
40.694662,-74.097694,40.712021,-74.054658,2026-03-01 04:02:37.861 UTC
34.013813,-118.164658,34.044956,-118.275961,2026-03-01 04:06:26.76 UTC
47.647736,-122.298177,33.928363,-118.151494,2026-03-01 04:23:19.018 UTC
35.656206,139.650256,34.090889,-118.243899,2026-03-01 02:53:16.197 UTC
34.080324,-118.462845,34.067811,-118.345011,2026-03-01 18:57:29.351 UTC
51.451618,-0.115699,34.105840,-118.129285,2026-03-01 19:58:38.252 UTC
41.857203,-87.709236,34.014646,-118.441927,2026-03-01 01:37:30.646 UTC
33.987405,-118.110156,33.972213,-118.062327,2026-03-01 04:02:59.961 UTC
34.254004,-118.247736,34.182688,-118.178741,2026-03-01 23:32:36.794 UTC
41.857203,-87.709236,34.014646,-118.441927,2026-03-01 02:38:46.239 UTC
33.987405,-118.110156,33.972213,-118.062327,2026-03-01 01:36:19.485 UTC
34.254004,-118.247736,34.182688,-118.178741,2026-03-01 23:32:32.242 UTC
33.998230,-118.067599,33.928363,-118.151494,2026-03-01 01:16:45.443 UTC
33.964242,-118.526023,33.978174,-118.412402,2026-03-01 06:05:56.499 UTC
47.628968,-122.446383,34.129514,-118.203527,2026-03-01 19:43:03.998 UTC
-23.566041,-46.514926,-23.586958,-46.592513,2026-03-01 04:15:32.834 UTC
34.127260,-118.185360,34.088877,-118.087736,2026-03-01 19:49:26.39 UTC
35.687904,139.697803,34.111941,-118.236929,2026-03-01 04:26:05.205 UTC
40.698655,-73.903315,41.800794,-87.619125,2026-03-01 01:33:54.584 UTC
34.172314,-118.121299,34.159867,-118.167878,2026-03-01 01:37:48.859 UTC
34.124917,-118.195737,34.132338,-118.284235,2026-03-01 04:08:00.361 UTC
-23.566041,-46.514926,-23.586958,-46.592513,2026-03-01 02:16:06.962 UTC
40.695980,-74.068163,33.924877,-118.346107,2026-03-01 04:35:37.216 UTC
35.656206,139.650256,34.090889,-118.243899,2026-03-01 04:40:19.796 UTC
34.033488,-118.271392,33.956710,-118.213397,2026-03-01 23:40:19.788 UTC
34.073207,-118.353192,34.117843,-118.273375,2026-03-01 01:47:05.906 UTC
-33.807414,151.203860,34.034336,-118.358236,2026-03-01 23:48:07.164 UTC
34.037209,-118.145556,33.956710,-118.213397,2026-03-01 19:21:03.784 UTC
34.005056,-118.449498,34.034336,-118.358236,2026-03-01 22:50:24.741 UTC
34.005056,-118.449498,34.034336,-118.358236,2026-03-01 20:40:46.58 UTC
34.005056,-118.449498,34.034336,-118.358236,2026-03-01 22:45:30.586 UTC
34.005056,-118.449498,34.034336,-118.358236,2026-03-01 21:35:03.101 UTC
34.005056,-118.449498,34.034336,-118.358236,2026-03-01 17:55:43.427 UTC
34.005056,-118.449498,34.034336,-118.358236,2026-03-01 19:03:22.18 UTC
34.005056,-118.449498,34.034336,-118.358236,2026-03-01 21:46:27.914 UTC
33.957547,-118.193135,33.956710,-118.213397,2026-03-01 19:09:54.937 UTC
34.005056,-118.449498,34.034336,-118.358236,2026-03-01 20:17:27.731 UTC
40.655187,-73.954188,33.956710,-118.213397,2026-03-01 18:15:13.572 UTC
40.655187,-73.954188,33.956710,-118.213397,2026-03-01 17:43:17.13 UTC
40.655187,-73.954188,33.956710,-118.213397,2026-03-01 18:33:44.844 UTC
40.655187,-73.954188,33.956710,-118.213397,2026-03-01 18:22:12.796 UTC
40.655187,-73.954188,33.956710,-118.213397,2026-03-01 21:20:34.959 UTC
40.655187,-73.954188,33.956710,-118.213397,2026-03-01 20:01:32.34 UTC
40.655187,-73.954188,33.956710,-118.213397,2026-03-01 18:35:19.838 UTC
40.655187,-73.954188,33.956710,-118.213397,2026-03-01 01:08:02.031 UTC
40.655187,-73.954188,33.956710,-118.213397,2026-03-01 17:44:56.744 UTC
40.655187,-73.954188,33.956710,-118.213397,2026-03-01 22:07:01.837 UTC
40.655187,-73.954188,33.956710,-118.213397,2026-03-01 18:37:19.872 UTC
40.655187,-73.954188,33.956710,-118.213397,2026-03-01 21:03:00.863 UTC
40.655187,-73.954188,33.956710,-118.213397,2026-03-01 00:37:38.685 UTC
40.655187,-73.954188,33.956710,-118.213397,2026-03-01 17:32:39.962 UTC
40.655187,-73.954188,33.956710,-118.213397,2026-03-01 22:32:12.793 UTC
40.655187,-73.954188,33.956710,-118.213397,2026-03-01 00:34:32.403 UTC
40.655187,-73.954188,33.956710,-118.213397,2026-03-01 17:37:28.95 UTC
34.114220,-118.304309,34.098489,-118.370470,2025-06-28 02:21:16.747 UTC
41.802218,-87.734824,41.836857,-87.659758,2025-06-28 04:46:11.713 UTC
-33.829775,151.294846,-33.907321,151.244946,2025-06-28 17:16:48.37 UTC
-33.829775,151.294846,-33.907321,151.244946,2025-06-28 01:20:04.957 UTC
34.005056,-118.449498,34.034336,-118.358236,2025-06-28 21:54:29.923 UTC
40.695638,-74.032056,34.219105,-118.251927,2025-06-28 01:31:47.862 UTC
34.005056,-118.449498,34.034336,-118.358236,2025-06-28 21:36:15.788 UTC
51.486509,-0.133646,34.125174,-118.267504,2025-06-28 20:47:18.645 UTC
34.005056,-118.449498,34.034336,-118.358236,2025-06-28 17:25:51.467 UTC
40.695638,-74.032056,34.219105,-118.251927,2025-06-28 18:09:11.104 UTC
40.695638,-74.032056,34.219105,-118.251927,2025-06-28 17:20:29.19 UTC
33.957547,-118.193135,33.956710,-118.213397,2025-06-28 01:44:40.181 UTC
40.695638,-74.032056,34.219105,-118.251927,2025-06-28 22:44:09.365 UTC
51.499608,-0.110395,33.986624,-118.126232,2025-06-28 22:16:59.962 UTC
51.499608,-0.110395,33.986624,-118.126232,2025-06-28 22:17:24.867 UTC
51.499608,-0.110395,33.986624,-118.126232,2025-06-28 22:16:52.065 UTC
40.695638,-74.032056,34.219105,-118.251927,2025-06-28 17:48:54.777 UTC
33.957547,-118.193135,33.956710,-118.213397,2025-06-28 22:35:55.014 UTC
34.005056,-118.449498,34.034336,-118.358236,2025-06-28 17:35:30.333 UTC
40.655187,-73.954188,33.956710,-118.213397,2025-06-28 21:17:35.308 UTC
40.655187,-73.954188,33.956710,-118.213397,2025-06-28 17:12:15.391 UTC
40.655187,-73.954188,33.956710,-118.213397,2025-06-28 21:14:18.623 UTC
34.153999,-118.261623,34.130147,-118.271296,2025-06-28 23:19:21.381 UTC
40.655187,-73.954188,33.956710,-118.213397,2025-06-28 17:03:49.222 UTC
40.655187,-73.954188,33.956710,-118.213397,2025-06-28 23:23:54.97 UTC
40.655187,-73.954188,33.956710,-118.213397,2025-06-28 23:27:08.233 UTC
40.655187,-73.954188,33.956710,-118.213397,2025-06-28 21:17:15.581 UTC
40.655187,-73.954188,33.956710,-118.213397,2025-06-28 18:51:31.281 UTC
51.541925,-0.106766,35.702975,139.623664,2025-06-28 07:38:32.506 UTC
47.620379,-122.374618,33.970387,-118.050942,2025-06-28 03:41:52.808 UTC
47.620379,-122.374618,33.970387,-118.050942,2025-06-28 02:06:37.99 UTC
40.695638,-74.032056,34.219105,-118.251927,2025-06-28 18:34:01.896 UTC
47.688414,-122.280412,47.628306,-122.259965,2025-06-28 00:34:03.143 UTC
33.957547,-118.193135,33.956710,-118.213397,2025-06-28 22:24:55.156 UTC
-33.888365,151.251443,51.480672,-0.171690,2025-06-28 07:35:31.787 UTC
51.541925,-0.106766,35.702975,139.623664,2025-06-28 07:34:16.669 UTC
34.065418,-118.290264,34.127841,-118.244764,2025-06-28 07:03:02.354 UTC
34.016067,-118.147949,34.067558,-118.222365,2025-06-28 20:04:10.232 UTC
34.061634,-118.313151,34.083624,-118.240880,2025-06-28 05:09:57.315 UTC
34.203379,-118.286911,34.224168,-118.285259,2025-06-28 05:09:48.595 UTC
34.124917,-118.195737,34.132338,-118.284235,2025-06-28 02:12:27.21 UTC
34.124917,-118.195737,34.132338,-118.284235,2025-06-28 04:41:01.531 UTC
47.532269,-122.272075,47.615652,-122.249521,2025-06-28 08:18:23.89 UTC
34.273710,-118.258093,34.203096,-118.331120,2025-06-28 20:51:54.876 UTC
33.952018,-118.022618,33.960762,-118.087822,2025-08-10 20:16:44.371 UTC
35.683865,139.689533,40.706205,-73.984778,2025-08-10 18:41:19.442 UTC
35.683865,139.689533,40.706205,-73.984778,2025-08-10 20:39:23.409 UTC
35.683865,139.689533,40.706205,-73.984778,2025-08-10 19:44:51.095 UTC
34.148219,-118.241390,34.193697,-118.154656,2025-08-10 22:23:32.226 UTC
35.683865,139.689533,40.706205,-73.984778,2025-08-10 19:20:50.635 UTC
35.683865,139.689533,40.706205,-73.984778,2025-08-10 21:27:59.764 UTC
35.683865,139.689533,40.706205,-73.984778,2025-08-10 19:04:31.617 UTC
35.683865,139.689533,40.706205,-73.984778,2025-08-10 20:19:45.764 UTC
35.683865,139.689533,40.706205,-73.984778,2025-08-10 21:46:38.056 UTC
35.683865,139.689533,40.706205,-73.984778,2025-08-10 20:42:27.787 UTC
35.683865,139.689533,40.706205,-73.984778,2025-08-10 19:55:20.1 UTC
47.537689,-122.388916,33.960762,-118.087822,2025-08-10 19:25:58.087 UTC
35.683865,139.689533,40.706205,-73.984778,2025-08-10 22:16:44.63 UTC
35.683865,139.689533,40.706205,-73.984778,2025-08-10 18:36:09.053 UTC
35.683865,139.689533,40.706205,-73.984778,2025-08-10 19:12:25.945 UTC
35.683865,139.689533,40.706205,-73.984778,2025-08-10 19:59:10.357 UTC
35.683865,139.689533,40.706205,-73.984778,2025-08-10 18:26:38.815 UTC
47.537689,-122.388916,33.960762,-118.087822,2025-08-10 22:15:29.849 UTC
40.769422,-74.031339,34.077925,-118.131152,2025-08-10 02:26:53.475 UTC
35.671228,139.578723,51.541285,-0.117327,2025-08-10 04:34:28.133 UTC
51.399278,-0.070152,51.480672,-0.171690,2025-08-10 06:37:32.466 UTC
33.981912,-117.964453,34.036739,-118.037166,2025-08-10 02:01:13.788 UTC
34.076991,-118.195726,34.085063,-118.112103,2025-08-10 04:42:25.972 UTC
35.671228,139.578723,51.541285,-0.117327,2025-08-10 03:09:20.436 UTC
34.181715,-118.521955,34.098322,-118.446834,2025-08-10 22:48:56.252 UTC
34.083974,-118.074272,34.026166,-118.097388,2025-08-10 22:37:47.406 UTC
40.713436,-73.916078,40.706205,-73.984778,2025-08-10 22:44:27.398 UTC
34.091521,-118.075712,34.064933,-118.149251,2025-08-10 06:35:59.44 UTC
34.147822,-118.216901,34.197690,-118.222288,2025-08-10 06:34:38.595 UTC
-33.922547,151.204067,33.996751,-118.178936,2025-08-10 23:42:58.409 UTC
33.987405,-118.110156,33.972213,-118.062327,2025-08-10 05:48:19.797 UTC
-23.416643,-46.568275,-23.492931,-46.616551,2025-08-10 05:28:59.482 UTC
41.787483,-87.670071,41.881339,-87.686324,2025-08-10 03:29:34.543 UTC
51.505907,-0.253750,51.511287,-0.203409,2025-08-10 06:23:34.017 UTC
34.004695,-118.103221,33.956710,-118.213397,2025-08-10 22:50:39.045 UTC
-33.829775,151.294846,-33.907321,151.244946,2025-06-26 01:22:24.452 UTC
34.005056,-118.449498,34.034336,-118.358236,2025-06-26 01:00:35.456 UTC
34.005056,-118.449498,34.034336,-118.358236,2025-06-26 01:45:26.627 UTC
40.655187,-73.954188,33.956710,-118.213397,2025-06-26 01:53:38.716 UTC
40.655187,-73.954188,33.956710,-118.213397,2025-06-26 01:19:47.341 UTC
-23.575783,-46.646202,-23.584530,-46.624899,2025-06-26 02:18:18.161 UTC
33.994654,-118.111543,33.956710,-118.213397,2025-06-26 00:54:04.319 UTC
33.999745,-117.932112,34.051454,-118.034509,2025-06-26 15:00:11.786 UTC
34.149438,-118.257700,34.167532,-118.351254,2025-12-27 23:09:17.994 UTC
41.857808,-87.713413,51.535184,-0.102757,2025-12-27 03:10:08.696 UTC
34.113617,-118.377753,34.058002,-118.388906,2025-12-27 01:19:36.65 UTC
34.113617,-118.377753,34.058002,-118.388906,2025-12-27 01:17:49.346 UTC
47.597503,-122.351923,47.580755,-122.279955,2025-12-27 01:00:32.119 UTC
40.655187,-73.954188,33.956710,-118.213397,2025-12-27 21:34:14.942 UTC
34.095736,-118.240059,34.072923,-118.247260,2026-05-02 14:37:58.703 UTC
34.005056,-118.449498,34.034336,-118.358236,2026-05-02 21:13:54.908 UTC
34.005056,-118.449498,34.034336,-118.358236,2026-05-02 21:30:58.847 UTC
40.695638,-74.032056,34.219105,-118.251927,2026-05-02 21:47:13.014 UTC
34.005056,-118.449498,34.034336,-118.358236,2026-05-02 22:37:07.443 UTC
40.695638,-74.032056,34.219105,-118.251927,2026-05-02 21:18:28.303 UTC
34.095736,-118.240059,34.072923,-118.247260,2026-05-02 14:42:21.302 UTC
40.695638,-74.032056,34.219105,-118.251927,2026-05-02 21:43:12.727 UTC
33.957547,-118.193135,33.956710,-118.213397,2026-05-02 22:13:49.92 UTC
33.957547,-118.193135,33.956710,-118.213397,2026-05-02 22:14:56.433 UTC
34.005056,-118.449498,34.034336,-118.358236,2026-05-02 22:31:15.694 UTC
34.005056,-118.449498,34.034336,-118.358236,2026-06-27 21:16:08.646 UTC
34.005056,-118.449498,34.034336,-118.358236,2026-06-27 21:12:13.797 UTC
34.005056,-118.449498,34.034336,-118.358236,2026-06-27 21:53:28.747 UTC
40.655187,-73.954188,33.956710,-118.213397,2026-06-27 21:35:30.873 UTC
40.655187,-73.954188,33.956710,-118.213397,2026-06-27 23:01:53.952 UTC
40.655187,-73.954188,33.956710,-118.213397,2026-06-27 21:27:11.357 UTC
40.655187,-73.954188,33.956710,-118.213397,2026-06-27 21:43:07.913 UTC
40.655187,-73.954188,33.956710,-118.213397,2026-06-27 22:11:10.778 UTC
40.655187,-73.954188,33.956710,-118.213397,2026-06-27 22:29:25.837 UTC
40.655187,-73.954188,33.956710,-118.213397,2026-06-27 22:53:34.977 UTC
40.655187,-73.954188,33.956710,-118.213397,2026-06-27 22:47:36.093 UTC
41.949083,-87.608095,33.996173,-118.274673,2026-06-27 07:57:31.315 UTC
33.833071,-118.404114,33.880724,-118.302472,2026-06-27 05:51:55.25 UTC
33.833071,-118.404114,33.880724,-118.302472,2026-06-27 05:52:41.409 UTC
33.959347,-118.478666,34.026080,-118.388428,2026-06-27 05:44:09.852 UTC
40.655187,-73.954188,33.956710,-118.213397,2026-06-27 21:26:51.539 UTC
34.141949,-118.361782,34.186600,-118.277972,2026-06-27 19:13:55.492 UTC
40.738688,-74.102973,34.200047,-118.152094,2026-06-27 19:21:07.272 UTC
40.655187,-73.954188,33.956710,-118.213397,2025-06-27 01:05:35.805 UTC
-33.829775,151.294846,-33.907321,151.244946,2025-06-27 01:54:09.65 UTC
40.655187,-73.954188,33.956710,-118.213397,2025-06-27 01:00:26.082 UTC
34.005056,-118.449498,34.034336,-118.358236,2025-06-27 01:10:54.186 UTC
33.957547,-118.193135,33.956710,-118.213397,2025-06-27 00:54:39.907 UTC
34.102626,-118.362285,34.111672,-118.279518,2025-06-27 23:53:47.419 UTC
40.787719,-74.029864,41.828187,-87.622563,2025-06-27 23:45:48.789 UTC
35.676240,139.574283,33.887636,-118.236611,2025-06-27 21:40:02.742 UTC
34.065256,-118.190964,34.128227,-118.117446,2025-06-27 23:22:30.76 UTC
-23.620949,-46.659870,-23.580157,-46.686259,2025-06-27 21:54:19.784 UTC
-23.529825,-46.652733,47.647826,-122.273738,2025-06-27 23:27:35.988 UTC
33.947248,-118.057418,33.979540,-118.152724,2025-06-27 02:33:18.615 UTC
34.068620,-118.184352,34.111672,-118.279518,2025-06-27 23:48:25.43 UTC
-33.846049,151.247412,47.599562,-122.269886,2026-02-25 02:38:51.258 UTC
34.309343,-118.221076,34.219105,-118.251927,2026-02-25 01:38:50.354 UTC
33.960152,-118.174274,33.886842,-118.159951,2026-02-25 23:06:55.749 UTC
41.948344,-87.583865,34.128738,-118.411868,2026-02-25 03:32:23.394 UTC
41.902056,-87.686320,41.867026,-87.734241,2026-02-25 02:46:42.181 UTC
35.654081,139.638080,34.219105,-118.251927,2026-02-25 01:37:23.827 UTC
34.115261,-118.159427,34.011757,-118.155019,2026-02-25 00:02:49.69 UTC
-23.560051,-46.697027,33.994304,-118.123141,2026-02-25 02:30:16.083 UTC
51.496814,-0.104098,33.921706,-118.249002,2026-02-25 01:18:14.891 UTC
34.228707,-118.210900,34.177169,-118.229764,2026-02-25 07:46:14.983 UTC
34.033488,-118.271392,33.956710,-118.213397,2026-02-25 01:02:31.898 UTC
-33.855476,151.116779,-33.836247,151.179567,2026-02-25 05:12:07.24 UTC
34.265040,-118.202714,34.219105,-118.251927,2026-02-25 01:38:59.909 UTC
33.928256,-118.355199,33.985146,-118.275821,2025-09-20 05:18:16.42 UTC
41.904737,-87.550173,34.067558,-118.222365,2025-09-20 00:33:57.985 UTC
41.904737,-87.550173,34.067558,-118.222365,2025-09-20 00:33:49.714 UTC
41.710875,-87.531339,41.816245,-87.561794,2025-09-20 01:44:43.027 UTC
51.448282,-0.175732,51.513274,-0.107035,2025-09-20 15:25:52.866 UTC
47.626083,-122.394311,47.554727,-122.383783,2025-09-20 16:15:57.387 UTC
41.937048,-87.599404,34.180601,-118.197237,2025-09-20 16:55:19.659 UTC
33.871647,-118.364554,33.920560,-118.290180,2025-09-20 17:43:15.775 UTC
34.082401,-118.038569,34.040340,-118.044088,2025-09-20 18:06:40.302 UTC
-33.847589,151.217320,33.981203,-118.381575,2025-09-20 17:16:31.935 UTC
34.073593,-118.043816,34.118782,-118.141339,2025-09-20 18:32:24.307 UTC
-33.807414,151.203860,34.034336,-118.358236,2026-03-07 22:11:19.986 UTC
-33.883145,151.282657,35.649078,139.668926,2026-03-07 22:19:02.782 UTC
40.655187,-73.954188,33.956710,-118.213397,2026-03-07 21:32:54.145 UTC
-33.829775,151.294846,-33.907321,151.244946,2025-06-29 22:04:09.009 UTC
-33.829775,151.294846,-33.907321,151.244946,2025-06-29 21:56:11.734 UTC
34.005056,-118.449498,34.034336,-118.358236,2025-06-29 20:13:24.148 UTC
33.957547,-118.193135,33.956710,-118.213397,2025-06-29 22:39:59.525 UTC
34.005056,-118.449498,34.034336,-118.358236,2025-06-29 22:52:52.554 UTC
33.957547,-118.193135,33.956710,-118.213397,2025-06-29 19:38:50.61 UTC
34.005056,-118.449498,34.034336,-118.358236,2025-06-29 23:02:54.678 UTC
34.005056,-118.449498,34.034336,-118.358236,2025-06-29 22:21:49.066 UTC
34.005056,-118.449498,34.034336,-118.358236,2025-06-29 17:51:25.414 UTC
33.957547,-118.193135,33.956710,-118.213397,2025-06-29 23:40:18.037 UTC
34.005056,-118.449498,34.034336,-118.358236,2025-06-29 23:48:57.775 UTC
40.695638,-74.032056,34.219105,-118.251927,2025-06-29 17:47:25.159 UTC
34.005056,-118.449498,34.034336,-118.358236,2025-06-29 18:40:29.33 UTC
33.957547,-118.193135,33.956710,-118.213397,2025-06-29 21:19:01.704 UTC
40.695638,-74.032056,34.219105,-118.251927,2025-06-29 21:23:22.877 UTC
40.655187,-73.954188,33.956710,-118.213397,2025-06-29 20:08:27.249 UTC
40.655187,-73.954188,33.956710,-118.213397,2025-06-29 18:35:50.841 UTC
40.655187,-73.954188,33.956710,-118.213397,2025-06-29 23:32:17.37 UTC
40.655187,-73.954188,33.956710,-118.213397,2025-06-29 23:37:17.867 UTC
40.655187,-73.954188,33.956710,-118.213397,2025-06-29 18:38:30.709 UTC
-33.903493,151.231682,51.519390,-0.205449,2025-06-29 03:29:26.031 UTC
34.005056,-118.449498,34.034336,-118.358236,2025-06-29 19:09:57.962 UTC
35.664859,139.611324,34.178459,-118.185365,2025-06-29 03:31:37.784 UTC
35.711826,139.632948,34.035862,-118.376094,2025-06-29 03:11:09.148 UTC
35.664859,139.611324,34.178459,-118.185365,2025-06-29 03:21:30.171 UTC
-33.960195,151.356998,-33.907321,151.244946,2025-09-14 23:18:34.476 UTC
40.655187,-73.954188,33.956710,-118.213397,2025-09-14 23:25:46.431 UTC
-23.513018,-46.581134,33.956710,-118.213397,2025-08-19 16:09:10.755 UTC
47.607209,-122.427612,47.573345,-122.321907,2025-08-19 17:27:30.063 UTC
33.999407,-118.254248,34.034336,-118.358236,2025-08-19 15:12:38.826 UTC
-23.531334,-46.665791,33.979878,-118.235163,2025-08-19 02:39:55.389 UTC
34.274026,-118.415343,34.207136,-118.329422,2025-08-19 02:04:08.842 UTC
40.685203,-74.055807,33.928558,-118.221935,2025-08-19 03:02:19.232 UTC
-23.591891,-46.783096,-23.580157,-46.686259,2025-08-19 02:46:26.983 UTC
34.061698,-118.302576,34.047832,-118.204884,2025-08-19 14:11:30.216 UTC
34.035316,-118.260192,34.030992,-118.179286,2025-08-19 19:35:22.312 UTC
33.957547,-118.193135,33.956710,-118.213397,2025-06-07 01:58:56.059 UTC
34.005056,-118.449498,34.034336,-118.358236,2025-06-07 22:25:30.08 UTC
40.655187,-73.954188,33.956710,-118.213397,2025-06-07 21:54:41.674 UTC
40.655187,-73.954188,33.956710,-118.213397,2025-09-25 01:32:19.874 UTC
40.655187,-73.954188,33.956710,-118.213397,2025-09-25 01:36:49.66 UTC
34.005056,-118.449498,34.034336,-118.358236,2025-09-25 01:49:42.729 UTC
40.725219,-73.985882,33.956710,-118.213397,2025-09-30 00:56:08.748 UTC
34.149415,-118.111181,34.074664,-118.110971,2025-12-24 20:26:11.649 UTC
34.095736,-118.240059,34.072923,-118.247260,2025-12-24 03:21:49.902 UTC
-23.605829,-46.615247,-23.519607,-46.593420,2026-08-26 15:08:12.299 UTC
34.009776,-118.532045,34.067979,-118.456231,2025-08-25 02:48:59.607 UTC
34.005056,-118.449498,34.034336,-118.358236,2025-08-14 01:36:14.371 UTC
40.655187,-73.954188,33.956710,-118.213397,2025-08-14 01:51:27.871 UTC
40.655187,-73.954188,33.956710,-118.213397,2025-08-14 01:21:56.917 UTC
33.957547,-118.193135,33.956710,-118.213397,2026-02-23 21:22:58.003 UTC
-33.829775,151.294846,-33.907321,151.244946,2026-02-23 22:33:05.539 UTC
34.005056,-118.449498,34.034336,-118.358236,2026-02-23 21:02:17.115 UTC
33.989928,-118.449001,34.034336,-118.358236,2026-02-23 20:54:50.37 UTC
40.695638,-74.032056,34.219105,-118.251927,2026-02-23 21:47:50.49 UTC
33.957547,-118.193135,33.956710,-118.213397,2026-02-23 21:23:42.446 UTC
34.005056,-118.449498,34.034336,-118.358236,2026-02-23 22:02:31.299 UTC
40.695638,-74.032056,34.219105,-118.251927,2026-02-23 22:55:37.691 UTC
33.957547,-118.193135,33.956710,-118.213397,2026-02-23 23:15:11.349 UTC
33.957547,-118.193135,33.956710,-118.213397,2026-02-23 22:10:13.797 UTC
34.004501,-118.073175,33.957158,-118.063966,2026-05-05 01:47:42.933 UTC
40.655187,-73.954188,33.956710,-118.213397,2025-09-04 01:10:22.946 UTC
40.695638,-74.032056,34.219105,-118.251927,2025-09-04 01:18:19.667 UTC
47.577355,-122.435614,51.466351,-0.166608,2025-09-04 14:35:50.253 UTC
40.655187,-73.954188,33.956710,-118.213397,2025-09-04 01:55:04.729 UTC
34.020760,-118.034249,34.051454,-118.034509,2025-07-09 15:05:26.91 UTC
33.953669,-118.094050,33.995862,-118.097753,2025-07-09 00:37:04.298 UTC
33.908782,-118.146325,33.899751,-118.211843,2025-10-22 01:53:16.632 UTC
-33.884861,151.256584,41.857370,-87.538089,2025-08-16 19:00:30.227 UTC
34.040068,-118.362562,34.136052,-118.410087,2025-08-16 19:06:23.07 UTC
-23.574103,-46.690174,34.161703,-118.411914,2025-08-16 02:29:22.773 UTC
51.485525,-0.065530,34.083133,-118.364084,2025-08-16 01:40:49.553 UTC
34.073307,-118.406806,34.116160,-118.373516,2025-08-16 02:20:40.371 UTC
35.711657,139.530606,35.682698,139.611021,2025-08-16 23:45:26.179 UTC
47.574695,-122.151680,47.605344,-122.240807,2025-08-16 02:00:32.443 UTC
40.657454,-74.119514,40.757357,-74.067762,2025-08-16 23:32:20.645 UTC
40.695638,-74.032056,34.219105,-118.251927,2025-08-16 16:00:21.965 UTC
40.695638,-74.032056,34.219105,-118.251927,2025-08-16 15:47:46.166 UTC
-33.960195,151.356998,-33.907321,151.244946,2025-08-16 15:36:23.915 UTC
34.033014,-118.054779,34.015262,-118.164233,2025-08-16 18:00:45.645 UTC
-33.851165,151.377279,-33.891745,151.273810,2025-08-16 17:21:54.782 UTC
47.558018,-122.282980,33.996038,-118.375215,2025-08-16 16:59:48.932 UTC
34.245305,-118.312257,34.215139,-118.286535,2025-08-16 16:38:47.947 UTC
41.898396,-87.551692,33.931002,-118.287635,2026-04-28 02:44:27.924 UTC
33.963982,-118.104178,33.974843,-118.185966,2026-04-28 02:12:03.434 UTC
34.220148,-118.297005,34.219105,-118.251927,2025-08-06 01:41:27.913 UTC
34.074604,-118.185960,34.042557,-118.252239,2026-02-20 23:18:56.609 UTC
34.074604,-118.185960,34.042557,-118.252239,2026-02-20 20:54:43.833 UTC
34.074604,-118.185960,34.042557,-118.252239,2026-02-20 23:21:35.692 UTC
34.074604,-118.185960,34.042557,-118.252239,2026-02-20 23:23:43.631 UTC
41.847384,-87.729507,33.935199,-118.350079,2026-02-20 16:43:37.503 UTC
-23.557797,-46.594211,34.099250,-118.320541,2026-02-20 21:40:13.902 UTC
-23.557797,-46.594211,34.099250,-118.320541,2026-02-20 22:02:32.494 UTC
34.135155,-118.430273,34.099250,-118.320541,2026-02-20 17:48:33.566 UTC
34.135155,-118.430273,34.099250,-118.320541,2026-02-20 17:38:40.253 UTC
34.135155,-118.430273,34.099250,-118.320541,2026-02-20 17:31:18.484 UTC
34.135155,-118.430273,34.099250,-118.320541,2026-02-20 17:50:40.626 UTC
34.135155,-118.430273,34.099250,-118.320541,2026-02-20 22:18:23.373 UTC
34.135155,-118.430273,34.099250,-118.320541,2026-02-20 22:47:32.812 UTC
34.135155,-118.430273,34.099250,-118.320541,2026-02-20 17:34:04.635 UTC
34.135155,-118.430273,34.099250,-118.320541,2026-02-20 19:04:24.353 UTC
34.135155,-118.430273,34.099250,-118.320541,2026-02-20 22:35:06.481 UTC
34.135155,-118.430273,34.099250,-118.320541,2026-02-20 17:18:05.175 UTC
34.135155,-118.430273,34.099250,-118.320541,2026-02-20 19:36:15.252 UTC
34.135155,-118.430273,34.099250,-118.320541,2026-02-20 22:35:26.232 UTC
34.244210,-118.305442,34.152621,-118.260095,2026-02-20 22:55:14.792 UTC
34.059160,-118.116891,34.048097,-118.177644,2026-02-20 23:00:18.576 UTC
34.059160,-118.116891,34.048097,-118.177644,2026-02-20 20:14:37.705 UTC
34.059160,-118.116891,34.048097,-118.177644,2026-02-20 23:08:50.078 UTC
34.059160,-118.116891,34.048097,-118.177644,2026-02-20 20:20:05.28 UTC
34.005056,-118.449498,34.034336,-118.358236,2026-08-01 22:38:34.179 UTC
34.254004,-118.247736,34.182688,-118.178741,2026-01-05 01:42:21.647 UTC
34.005056,-118.449498,34.034336,-118.358236,2025-11-08 20:24:17.192 UTC
34.072929,-118.452938,34.136891,-118.428149,2025-11-08 20:17:00.106 UTC
-33.807414,151.203860,34.034336,-118.358236,2025-07-14 00:04:23.362 UTC
-23.553858,-46.620601,34.090936,-118.250209,2025-07-14 14:32:14.558 UTC
40.695638,-74.032056,34.219105,-118.251927,2025-09-06 21:21:58.229 UTC
-33.960195,151.356998,-33.907321,151.244946,2025-09-06 22:56:29.662 UTC
34.005056,-118.449498,34.034336,-118.358236,2025-09-06 01:39:36.102 UTC
34.005056,-118.449498,34.034336,-118.358236,2025-07-04 17:43:05.56 UTC
51.508349,-0.134243,33.960385,-118.119326,2025-06-11 02:40:46.197 UTC
47.617750,-122.405177,41.812045,-87.642163,2025-06-11 02:13:54.438 UTC
33.987405,-118.110156,33.972213,-118.062327,2025-11-16 02:58:27.241 UTC
-23.604793,-46.519992,-23.533931,-46.604259,2025-11-16 03:12:58.88 UTC
34.112211,-118.267057,34.118219,-118.232945,2025-11-16 02:19:44.112 UTC
34.061634,-118.313151,34.083624,-118.240880,2025-11-16 02:15:17.854 UTC
34.061634,-118.313151,34.083624,-118.240880,2025-11-16 02:14:59.726 UTC
-33.905786,151.231094,34.079610,-118.430116,2025-11-16 02:22:23.018 UTC
34.061634,-118.313151,34.083624,-118.240880,2025-11-16 02:14:24.015 UTC
33.987405,-118.110156,33.972213,-118.062327,2025-11-16 02:18:48.066 UTC
34.061634,-118.313151,34.083624,-118.240880,2025-11-16 02:15:15.283 UTC
34.061634,-118.313151,34.083624,-118.240880,2025-11-16 02:45:48.192 UTC
-23.608157,-46.554014,-23.574303,-46.575609,2025-11-16 01:14:18.528 UTC
33.980846,-118.339090,33.983874,-118.441659,2025-11-16 04:09:49.109 UTC
34.014732,-118.361594,34.041384,-118.293340,2025-11-16 04:06:32.849 UTC
35.623919,139.651513,-33.865425,151.182241,2025-11-16 03:37:47.99 UTC
51.505907,-0.253750,51.511287,-0.203409,2025-11-16 01:53:44.941 UTC
51.399278,-0.070152,51.480672,-0.171690,2025-11-16 02:37:05.949 UTC
34.222264,-118.232433,34.139292,-118.239743,2025-11-16 02:51:38.748 UTC
34.062838,-118.309219,34.083090,-118.201891,2025-11-16 02:46:09.34 UTC
51.505907,-0.253750,51.511287,-0.203409,2025-11-16 02:41:57.229 UTC
35.620719,139.661403,34.001164,-118.111637,2025-11-16 03:09:49.105 UTC
35.778496,139.626824,35.679500,139.599629,2025-11-16 03:13:16.9 UTC
51.505907,-0.253750,51.511287,-0.203409,2025-11-16 02:20:06.772 UTC
33.918965,-118.180513,33.982168,-118.119077,2025-11-16 03:42:14.262 UTC
40.695638,-74.032056,34.219105,-118.251927,2025-11-16 00:35:55.298 UTC
34.005056,-118.449498,34.034336,-118.358236,2025-11-16 18:35:15.915 UTC
34.005056,-118.449498,34.034336,-118.358236,2025-11-16 17:13:26.353 UTC
34.005056,-118.449498,34.034336,-118.358236,2025-11-16 21:56:52.037 UTC
40.695638,-74.032056,34.219105,-118.251927,2025-11-16 22:44:16.912 UTC
40.695638,-74.032056,34.219105,-118.251927,2025-11-16 17:16:57.667 UTC
34.005056,-118.449498,34.034336,-118.358236,2025-11-16 18:35:25.008 UTC
34.005056,-118.449498,34.034336,-118.358236,2025-11-16 00:32:53.663 UTC
34.005056,-118.449498,34.034336,-118.358236,2025-11-16 18:34:48.24 UTC
34.005056,-118.449498,34.034336,-118.358236,2025-11-16 22:40:37.125 UTC
40.655187,-73.954188,33.956710,-118.213397,2025-11-16 17:36:41.255 UTC
40.655187,-73.954188,33.956710,-118.213397,2025-11-16 23:06:14.943 UTC
33.929000,-118.200916,34.006287,-118.154250,2025-11-16 01:18:32.915 UTC
40.655187,-73.954188,33.956710,-118.213397,2025-11-16 18:16:05.833 UTC
40.655187,-73.954188,33.956710,-118.213397,2025-11-16 17:34:44.365 UTC
34.001381,-118.194780,34.067106,-118.111622,2025-11-02 00:26:26.841 UTC
41.915653,-87.725176,34.025157,-118.377622,2025-11-02 00:04:05.853 UTC
35.689874,139.720840,34.141558,-118.224233,2025-11-02 03:43:51.219 UTC
41.888009,-87.713352,34.015262,-118.164233,2025-11-02 00:30:13.778 UTC
-23.526784,-46.631749,-23.604585,-46.654517,2025-11-02 01:37:21.418 UTC
51.582974,-0.069183,51.493605,-0.087716,2025-11-02 01:42:35.432 UTC
47.552763,-122.408861,34.159867,-118.167878,2025-11-02 01:51:52.719 UTC
34.031528,-118.453993,34.098489,-118.370470,2025-11-02 00:12:21.203 UTC
41.806398,-87.659748,33.996942,-118.290158,2025-11-02 02:33:15.316 UTC
-33.879420,151.199977,-33.810444,151.194760,2025-11-02 00:39:20.91 UTC
-33.865445,151.200956,40.645933,-74.033281,2025-11-02 00:22:41.086 UTC
34.229658,-118.388589,34.150729,-118.367095,2025-11-02 00:32:03.493 UTC
34.011515,-118.120738,33.956710,-118.213397,2025-06-13 03:07:38.194 UTC
40.695638,-74.032056,34.219105,-118.251927,2025-06-13 03:06:51.646 UTC
34.119881,-118.154560,34.182688,-118.178741,2025-12-06 00:39:16.006 UTC
33.957547,-118.193135,33.956710,-118.213397,2025-08-20 01:30:13.635 UTC
34.005056,-118.449498,34.034336,-118.358236,2025-08-20 02:30:03.33 UTC
40.655187,-73.954188,33.956710,-118.213397,2025-08-20 02:26:52.128 UTC
33.929587,-118.106837,33.956710,-118.213397,2025-08-20 15:16:38.903 UTC
34.017881,-118.178958,33.965561,-118.261116,2025-08-20 15:02:39.914 UTC
33.974019,-118.027324,34.014255,-118.124573,2025-08-20 14:32:29.586 UTC
34.005056,-118.449498,34.034336,-118.358236,2025-08-20 01:02:41.982 UTC
33.912044,-118.233031,33.980237,-118.210204,2026-05-01 01:21:39.218 UTC
34.120263,-118.260368,34.091100,-118.296290,2026-05-01 01:22:02.295 UTC
40.655187,-73.954188,33.956710,-118.213397,2025-08-28 01:14:49.421 UTC
-33.960195,151.356998,-33.907321,151.244946,2025-08-28 01:40:43.015 UTC
40.655187,-73.954188,33.956710,-118.213397,2025-08-28 01:00:52.908 UTC
34.005056,-118.449498,34.034336,-118.358236,2025-08-28 01:24:53.412 UTC
34.005056,-118.449498,34.034336,-118.358236,2025-08-22 01:38:41.651 UTC
34.005056,-118.449498,34.034336,-118.358236,2025-08-22 02:00:29.006 UTC
33.957547,-118.193135,33.956710,-118.213397,2025-08-22 01:15:26.003 UTC
40.655187,-73.954188,33.956710,-118.213397,2025-08-22 01:53:34.906 UTC
40.695638,-74.032056,34.219105,-118.251927,2025-08-22 02:05:36.251 UTC
40.655187,-73.954188,33.956710,-118.213397,2026-01-02 21:48:58.787 UTC
33.880277,-118.136938,33.927688,-118.111278,2026-01-02 22:51:20.129 UTC
33.957547,-118.193135,33.956710,-118.213397,2025-08-07 01:36:32.382 UTC
40.655187,-73.954188,33.956710,-118.213397,2025-08-07 01:50:47.367 UTC
34.005056,-118.449498,34.034336,-118.358236,2025-08-07 01:57:02.171 UTC
40.655187,-73.954188,33.956710,-118.213397,2025-08-07 01:20:44.877 UTC
-33.845783,151.251419,33.959669,-118.132993,2025-07-11 03:23:59.287 UTC
-33.807414,151.203860,34.034336,-118.358236,2025-07-11 03:11:19.637 UTC
34.031528,-118.453993,34.098489,-118.370470,2025-07-11 03:21:48.119 UTC
34.031528,-118.453993,34.098489,-118.370470,2025-07-11 04:18:45.057 UTC
41.902056,-87.686320,41.867026,-87.734241,2025-09-21 01:33:47.525 UTC
35.667083,139.690620,33.984713,-118.290430,2025-09-21 16:50:22.569 UTC
47.623842,-122.427936,51.500292,-0.160055,2025-09-21 16:25:26.386 UTC
-33.861600,151.210274,40.720972,-73.995590,2025-09-21 16:36:58.534 UTC
34.077753,-118.317917,34.033980,-118.254493,2025-09-21 17:41:19.531 UTC
51.479466,-0.106746,51.482743,-0.111833,2025-09-21 17:00:38.704 UTC
34.073593,-118.043816,34.118782,-118.141339,2025-09-21 15:18:44.544 UTC
40.657454,-74.119514,40.757357,-74.067762,2025-09-21 02:30:25.328 UTC
40.695638,-74.032056,34.219105,-118.251927,2025-11-22 16:54:31.231 UTC
-33.829775,151.294846,-33.907321,151.244946,2025-11-21 23:41:46.744 UTC
34.154679,-118.170029,34.180818,-118.220075,2025-11-21 02:50:04.368 UTC
40.655187,-73.954188,33.956710,-118.213397,2025-12-13 23:08:40.792 UTC
33.945191,-118.453742,33.974619,-118.380787,2025-09-18 01:38:53.355 UTC
51.508349,-0.134243,33.960385,-118.119326,2025-09-18 01:03:02.645 UTC
33.901605,-118.089702,33.960385,-118.119326,2025-09-18 01:22:11.685 UTC
40.695638,-74.032056,34.219105,-118.251927,2025-10-30 01:14:44.55 UTC
34.005056,-118.449498,34.034336,-118.358236,2025-10-30 01:05:26.944 UTC
-33.829775,151.294846,-33.907321,151.244946,2025-10-30 01:40:37.999 UTC
33.957547,-118.193135,33.956710,-118.213397,2025-10-30 01:00:18.418 UTC
-33.829775,151.294846,-33.907321,151.244946,2025-10-30 01:18:15.784 UTC
41.936545,-87.624491,51.486381,-0.166187,2026-02-04 15:21:39.582 UTC