Player_Latitude,Player_Longitude,Fort_Latitude,Fort_Longitude,Timestamp
34.194120,-118.363604,34.194120,-118.363604,2025-08-09 21:20:18.852 UTC
34.094272,-118.147641,34.094272,-118.147641,2025-07-06 22:48:52.207 UTC
35.622736,139.655754,35.622736,139.655754,2025-07-06 21:45:56.205 UTC
34.186451,-118.364244,34.186451,-118.364244,2025-07-10 14:53:31.162 UTC
34.094272,-118.147641,34.094272,-118.147641,2025-07-10 01:41:01.275 UTC
34.153173,-118.353909,34.153173,-118.353909,2025-11-30 02:18:31.703 UTC
33.885170,-118.305874,34.013606,-118.241479,2025-11-30 02:37:06.17 UTC
34.002059,-118.072246,34.002059,-118.072246,2026-04-21 20:28:51.24 UTC
34.002059,-118.072246,34.002059,-118.072246,2026-04-21 18:30:58.714 UTC
34.002059,-118.072246,33.956024,-118.260223,2026-04-21 18:25:32.519 UTC
34.149183,-118.275224,34.149183,-118.275224,2026-04-21 14:00:44.942 UTC
34.149183,-118.275224,34.002059,-118.072246,2026-04-21 07:31:47.127 UTC
34.149183,-118.275224,34.002059,-118.072246,2026-04-21 06:33:32.173 UTC
34.149183,-118.275224,34.149183,-118.275224,2026-04-21 06:54:19.14 UTC
33.925298,-118.110358,33.925298,-118.110358,2026-04-21 05:55:41.496 UTC
34.161391,-118.260020,34.161391,-118.260020,2025-12-23 15:20:00.203 UTC
33.980917,-118.053594,33.875444,-118.211008,2026-05-28 17:02:54.378 UTC
-33.830806,151.162908,-33.830806,151.162908,2026-05-28 16:11:50.18 UTC
33.925579,-118.293995,33.925579,-118.293995,2026-05-28 23:42:22.308 UTC
33.981040,-118.102815,33.981040,-118.102815,2026-05-28 18:22:33.793 UTC
35.678719,139.682360,35.678719,139.682360,2026-05-28 22:29:34.339 UTC
-33.830806,151.162908,-33.830806,151.162908,2026-05-28 16:54:29.749 UTC
33.953254,-118.326099,33.953254,-118.326099,2025-06-02 15:00:19.332 UTC
33.925579,-118.293995,33.925579,-118.293995,2026-07-26 19:20:14.211 UTC
33.913080,-118.193290,33.913080,-118.193290,2026-07-26 19:21:49.288 UTC
34.138693,-118.063428,34.138693,-118.063428,2026-07-26 19:52:43.817 UTC
35.678719,139.682360,35.678719,139.682360,2026-07-25 22:48:48.995 UTC
34.153173,-118.353909,33.925579,-118.293995,2026-05-03 20:35:27.156 UTC
40.765753,-74.024662,40.765753,-74.024662,2026-07-06 15:28:03.124 UTC
33.975811,-118.127480,33.975811,-118.127480,2026-02-06 19:02:04.068 UTC
33.925579,-118.293995,33.925579,-118.293995,2026-02-06 23:37:48.358 UTC
34.123204,-118.316543,34.123204,-118.316543,2026-02-06 15:33:04.434 UTC
34.153173,-118.353909,34.153173,-118.353909,2026-01-31 22:44:40.055 UTC
34.094272,-118.147641,34.094272,-118.147641,2025-10-09 01:29:26.046 UTC
51.517730,-0.045612,51.517730,-0.045612,2025-08-28 19:01:12.088 UTC
33.994197,-118.266992,33.994197,-118.266992,2025-08-28 14:57:39.867 UTC
33.925579,-118.293995,33.925579,-118.293995,2025-08-28 14:06:10.224 UTC
34.094272,-118.147641,34.094272,-118.147641,2025-08-28 01:55:58.417 UTC
34.094272,-118.147641,34.094272,-118.147641,2025-08-28 01:45:35.333 UTC
34.094272,-118.147641,34.094272,-118.147641,2025-08-28 02:09:06.14 UTC
34.153173,-118.353909,34.153173,-118.353909,2026-05-31 18:46:38.192 UTC
40.765753,-74.024662,40.765753,-74.024662,2025-11-19 15:40:20.234 UTC
47.616908,-122.236880,47.616908,-122.236880,2025-11-19 16:39:54.304 UTC
33.969948,-118.362961,33.969948,-118.362961,2025-11-19 18:44:00.148 UTC
34.071121,-118.337367,34.071121,-118.337367,2025-11-19 23:37:53.025 UTC
34.001345,-118.390435,34.001345,-118.390435,2026-07-17 01:53:09.987 UTC
34.001345,-118.390435,34.001345,-118.390435,2026-07-17 01:50:00.954 UTC
34.001345,-118.390435,34.001345,-118.390435,2026-07-17 03:44:28.231 UTC
34.047484,-118.223411,34.047484,-118.223411,2026-07-17 04:03:17.923 UTC
47.573608,-122.278425,47.573608,-122.278425,2026-07-17 04:10:45.355 UTC
33.962421,-118.136944,33.962421,-118.136944,2026-07-17 01:06:37.364 UTC
33.971396,-118.416730,33.971396,-118.416730,2026-07-17 01:09:20.9 UTC
34.101181,-118.199109,34.101181,-118.199109,2026-07-17 19:09:09.769 UTC
34.101181,-118.199109,34.101181,-118.199109,2026-07-17 17:50:40.741 UTC
33.965408,-118.128917,33.965408,-118.128917,2025-06-16 14:56:10.785 UTC
33.925579,-118.293995,33.925579,-118.293995,2025-06-16 14:24:46.175 UTC
34.094272,-118.147641,34.094272,-118.147641,2025-06-16 00:47:46.184 UTC
33.998414,-118.318600,33.998414,-118.318600,2025-06-16 18:26:36.992 UTC
33.885170,-118.305874,33.885170,-118.305874,2025-06-21 03:01:06.125 UTC
33.885170,-118.305874,33.885170,-118.305874,2025-06-21 23:37:45.204 UTC
35.622736,139.655754,35.622736,139.655754,2025-06-21 23:00:17.136 UTC
34.094272,-118.147641,34.094272,-118.147641,2025-06-21 03:50:44.599 UTC
51.527181,-0.086175,51.527181,-0.086175,2025-09-24 14:56:50.101 UTC
34.153173,-118.353909,34.153173,-118.353909,2025-09-24 14:03:25.139 UTC
34.186451,-118.364244,34.186451,-118.364244,2025-07-01 14:57:24.144 UTC
34.094272,-118.147641,34.094272,-118.147641,2025-11-01 23:35:41.178 UTC
33.885170,-118.305874,33.885170,-118.305874,2025-11-01 21:01:41.72 UTC
34.094272,-118.147641,34.094272,-118.147641,2025-11-01 21:29:38.77 UTC
34.094272,-118.147641,34.094272,-118.147641,2025-11-01 22:50:18.165 UTC
34.153173,-118.353909,34.153173,-118.353909,2025-11-01 17:24:05.164 UTC
33.925579,-118.293995,33.925579,-118.293995,2025-11-01 16:17:55.177 UTC
34.094272,-118.147641,34.094272,-118.147641,2025-11-01 16:12:08.268 UTC
34.159676,-118.236619,34.159676,-118.236619,2025-11-01 01:26:53.273 UTC
34.094272,-118.147641,34.094272,-118.147641,2026-01-18 23:46:38.793 UTC
34.094272,-118.147641,34.094272,-118.147641,2026-01-18 00:10:48.043 UTC
34.111795,-118.143366,33.925579,-118.293995,2025-09-13 20:50:21.832 UTC
51.527181,-0.086175,51.527181,-0.086175,2025-12-05 15:54:58.143 UTC
34.111795,-118.143366,34.111795,-118.143366,2025-12-05 01:55:18.664 UTC
33.965848,-118.183237,33.918893,-118.342248,2025-12-05 02:52:19.809 UTC
34.153173,-118.353909,34.153173,-118.353909,2025-12-05 02:24:03.378 UTC
33.990261,-118.366338,33.990261,-118.366338,2026-02-27 19:37:21.2 UTC
33.902178,-118.277965,33.902178,-118.277965,2026-02-27 19:29:31.329 UTC
33.969989,-118.240459,33.969989,-118.240459,2026-02-27 15:58:40.174 UTC
34.094272,-118.147641,34.094272,-118.147641,2026-02-27 01:46:01.754 UTC
34.111233,-118.196425,34.111233,-118.196425,2026-02-27 15:43:17.2 UTC
33.913080,-118.193290,33.913080,-118.193290,2026-01-01 00:20:32.166 UTC
34.153173,-118.353909,34.153173,-118.353909,2025-07-31 14:04:41.956 UTC
33.905975,-118.269383,47.603702,-122.302927,2025-11-05 20:48:58.468 UTC
33.956784,-118.238743,33.956784,-118.238743,2025-11-05 19:29:33.026 UTC
33.986658,-118.058025,33.986658,-118.058025,2025-11-05 14:16:18.826 UTC
35.684024,139.717087,35.684024,139.717087,2025-11-05 02:10:14.688 UTC
33.885170,-118.305874,34.001331,-118.042472,2026-04-11 21:25:56.222 UTC
33.885170,-118.305874,34.094272,-118.147641,2025-08-24 20:57:43.245 UTC
34.094272,-118.147641,34.094272,-118.147641,2025-08-24 20:43:20.253 UTC
34.094272,-118.147641,34.094272,-118.147641,2025-08-24 20:04:49.234 UTC
33.885170,-118.305874,33.885170,-118.305874,2025-08-30 23:28:40.832 UTC
34.094272,-118.147641,34.094272,-118.147641,2025-08-30 22:59:43.584 UTC
33.885170,-118.305874,33.885170,-118.305874,2025-08-30 21:36:24.134 UTC
33.885170,-118.305874,34.094272,-118.147641,2025-08-30 21:02:51.111 UTC
34.123204,-118.316543,34.123204,-118.316543,2025-08-30 02:31:29.337 UTC
51.517730,-0.045612,51.517730,-0.045612,2026-05-27 15:41:57.23 UTC
-23.532914,-46.574167,-23.532914,-46.574167,2026-05-27 15:37:33.178 UTC
34.088511,-118.100757,34.088511,-118.100757,2026-07-14 23:34:23.48 UTC
34.088511,-118.100757,34.088511,-118.100757,2026-07-14 23:49:58.783 UTC
34.088511,-118.100757,34.088511,-118.100757,2026-07-14 21:43:30.858 UTC
34.088511,-118.100757,34.088511,-118.100757,2026-07-14 21:02:28.617 UTC
34.088511,-118.100757,34.088511,-118.100757,2026-07-14 20:30:59.806 UTC
34.088511,-118.100757,34.088511,-118.100757,2026-07-14 23:17:24.192 UTC
34.088511,-118.100757,34.088511,-118.100757,2026-07-14 22:15:45.203 UTC
34.088511,-118.100757,34.088511,-118.100757,2026-07-14 21:59:29.153 UTC
34.217111,-118.249073,34.217111,-118.249073,2026-07-14 18:20:14.56 UTC
34.217111,-118.249073,34.217111,-118.249073,2026-07-14 17:26:57.27 UTC
34.217111,-118.249073,34.217111,-118.249073,2026-07-14 15:52:31.634 UTC
33.976209,-118.188152,33.976209,-118.188152,2026-07-14 03:53:38.797 UTC
33.942211,-118.219992,33.942211,-118.219992,2026-07-14 04:11:22.136 UTC
34.005678,-118.271724,34.005678,-118.271724,2026-07-14 18:47:07.956 UTC
34.005678,-118.271724,34.005678,-118.271724,2026-07-14 18:28:45.916 UTC
34.005678,-118.271724,34.005678,-118.271724,2026-07-14 15:48:22.763 UTC
47.573608,-122.278425,47.573608,-122.278425,2026-07-14 04:16:32.146 UTC
34.144343,-118.292200,34.144343,-118.292200,2026-07-14 03:50:33.197 UTC
33.998146,-118.422104,33.998146,-118.422104,2026-07-14 02:47:06.18 UTC
34.044208,-118.326527,34.044208,-118.326527,2026-01-16 15:17:28.164 UTC
-23.532914,-46.574167,-23.532914,-46.574167,2026-01-16 15:13:07.18 UTC
34.094272,-118.147641,34.094272,-118.147641,2026-01-16 03:51:31.742 UTC
34.131383,-118.323427,34.131383,-118.323427,2026-06-07 20:36:03.016 UTC
35.678719,139.682360,35.678719,139.682360,2025-09-01 21:10:00.41 UTC
-33.823765,151.207888,-33.823765,151.207888,2026-01-03 17:14:42.253 UTC
34.094272,-118.147641,34.094272,-118.147641,2026-01-03 16:02:25.233 UTC
33.915302,-118.375626,33.915302,-118.375626,2026-01-03 21:56:20.22 UTC
51.526295,-0.218832,51.526295,-0.218832,2026-01-03 22:05:23.731 UTC
34.057748,-118.353288,34.057748,-118.353288,2026-01-03 22:16:45.184 UTC
34.123204,-118.316543,34.123204,-118.316543,2026-01-03 19:58:42.148 UTC
33.885170,-118.305874,33.885170,-118.305874,2025-07-19 23:00:01.202 UTC
33.885170,-118.305874,33.885170,-118.305874,2025-07-19 22:18:12.061 UTC
34.094272,-118.147641,34.094272,-118.147641,2025-07-19 23:03:11.481 UTC
34.094272,-118.147641,34.094272,-118.147641,2025-07-19 21:20:55.213 UTC
34.094272,-118.147641,34.094272,-118.147641,2025-07-19 23:50:40.708 UTC
34.166197,-118.367765,34.166197,-118.367765,2025-07-19 03:34:48.206 UTC
34.094272,-118.147641,34.094272,-118.147641,2025-07-19 22:22:29.861 UTC
34.094272,-118.147641,34.094272,-118.147641,2025-06-01 20:37:31.304 UTC
34.094272,-118.147641,34.094272,-118.147641,2025-06-01 21:13:53.967 UTC
34.094272,-118.147641,34.094272,-118.147641,2025-06-01 22:04:58.202 UTC
34.094272,-118.147641,34.094272,-118.147641,2025-06-01 22:43:40.158 UTC
34.153173,-118.353909,34.153173,-118.353909,2025-06-01 17:54:35.125 UTC
34.094272,-118.147641,33.885170,-118.305874,2025-06-25 02:11:03.144 UTC
34.094272,-118.147641,34.094272,-118.147641,2025-06-25 01:54:03.003 UTC
34.094272,-118.147641,34.094272,-118.147641,2025-06-25 01:02:27.92 UTC
33.925579,-118.293995,33.925579,-118.293995,2026-05-30 19:04:29.207 UTC
34.203161,-118.300133,34.203161,-118.300133,2026-05-30 20:37:14.749 UTC
34.114756,-118.258596,34.114756,-118.258596,2025-10-02 19:07:22.385 UTC
34.161391,-118.260020,34.161391,-118.260020,2025-10-02 23:40:54.331 UTC
-23.532914,-46.574167,-23.532914,-46.574167,2025-10-02 14:57:36.879 UTC
33.885170,-118.305874,33.885170,-118.305874,2025-10-02 01:46:59.831 UTC
34.094272,-118.147641,34.094272,-118.147641,2025-10-02 01:19:33.64 UTC
34.094272,-118.147641,34.094272,-118.147641,2025-10-02 01:23:47.915 UTC
34.172008,-118.107136,34.172008,-118.107136,2025-10-23 14:54:56.369 UTC
51.536704,-0.205926,51.536704,-0.205926,2025-08-21 15:04:17.186 UTC
-23.532914,-46.574167,-23.532914,-46.574167,2025-08-21 14:57:35.931 UTC
33.885170,-118.305874,33.885170,-118.305874,2025-08-21 01:32:57.733 UTC
34.094272,-118.147641,34.094272,-118.147641,2025-08-21 01:44:19.197 UTC
34.111233,-118.196425,34.111233,-118.196425,2025-08-21 23:59:54.098 UTC
34.094272,-118.147641,34.094272,-118.147641,2025-07-17 01:36:33.32 UTC
34.185824,-118.203615,34.185824,-118.203615,2025-09-09 18:55:26.546 UTC
33.925579,-118.293995,33.925579,-118.293995,2026-05-04 14:51:30.015 UTC
34.126448,-118.192110,34.126448,-118.192110,2026-03-16 15:00:48.152 UTC
-23.532914,-46.574167,-23.532914,-46.574167,2026-03-16 14:57:19.223 UTC
34.123204,-118.316543,34.123204,-118.316543,2026-03-16 21:01:21.188 UTC
33.885170,-118.305874,34.013606,-118.241479,2025-11-29 19:53:37.744 UTC
34.094272,-118.147641,34.094272,-118.147641,2025-11-29 19:28:45.053 UTC
34.094272,-118.147641,34.094272,-118.147641,2025-11-29 20:33:30.137 UTC
33.885170,-118.305874,34.094272,-118.147641,2025-11-29 19:12:54.486 UTC
33.885170,-118.305874,33.885170,-118.305874,2025-11-29 19:57:36.831 UTC
33.875444,-118.211008,33.875444,-118.211008,2026-02-07 21:12:12.24 UTC
34.094272,-118.147641,34.094272,-118.147641,2026-02-07 22:51:34.171 UTC
34.083113,-118.357065,34.083113,-118.357065,2026-02-07 17:43:20.863 UTC
34.083113,-118.357065,34.083113,-118.357065,2026-02-07 18:04:49.521 UTC
34.226718,-118.224536,34.226718,-118.224536,2026-02-07 23:55:57.17 UTC
34.153173,-118.353909,34.153173,-118.353909,2026-02-07 23:19:25.138 UTC
34.083113,-118.357065,34.083113,-118.357065,2026-02-07 17:58:02.419 UTC
51.527181,-0.086175,51.527181,-0.086175,2025-11-17 15:13:11.192 UTC
34.094272,-118.147641,34.094272,-118.147641,2025-11-17 00:08:24.268 UTC
34.094272,-118.147641,34.094272,-118.147641,2025-11-17 01:01:13.168 UTC
34.094272,-118.147641,34.094272,-118.147641,2025-11-17 00:20:35.917 UTC
34.153173,-118.353909,34.153173,-118.353909,2026-08-21 06:48:49.161 UTC
34.094272,-118.147641,34.001331,-118.042472,2025-12-21 04:34:46.5 UTC
35.622736,139.655754,35.622736,139.655754,2025-12-21 03:26:09.921 UTC
33.924870,-118.121300,33.924870,-118.121300,2025-12-21 05:36:15.154 UTC
33.929863,-118.154082,33.912998,-118.220366,2025-12-21 22:50:29.084 UTC
33.912998,-118.220366,33.912998,-118.220366,2025-12-21 21:56:02.106 UTC
33.912998,-118.220366,33.912998,-118.220366,2025-12-21 20:15:07.769 UTC
33.912998,-118.220366,33.912998,-118.220366,2025-12-21 20:25:25.542 UTC
33.912998,-118.220366,33.912998,-118.220366,2025-12-21 22:55:02.336 UTC
40.748360,-74.036159,40.748360,-74.036159,2025-12-21 17:12:22.022 UTC
35.626788,139.656370,35.626788,139.656370,2025-12-21 18:03:04.112 UTC
33.929863,-118.154082,33.929863,-118.154082,2025-12-21 19:06:56.941 UTC
33.929863,-118.154082,33.929863,-118.154082,2025-12-21 17:44:28.134 UTC
33.929863,-118.154082,33.929863,-118.154082,2025-12-21 20:42:16.311 UTC
33.929863,-118.154082,33.929863,-118.154082,2025-12-21 21:33:32.411 UTC
33.929863,-118.154082,33.929863,-118.154082,2025-12-21 22:19:21.618 UTC
33.929863,-118.154082,33.929863,-118.154082,2025-12-21 19:14:10.246 UTC
33.929863,-118.154082,33.929863,-118.154082,2025-12-21 17:39:45.169 UTC
33.929863,-118.154082,33.929863,-118.154082,2025-12-21 23:47:19.924 UTC
34.159676,-118.236619,34.159676,-118.236619,2025-12-21 05:39:59.182 UTC
33.929863,-118.154082,33.929863,-118.154082,2025-12-21 19:48:58.678 UTC
34.042702,-118.259102,34.042702,-118.259102,2026-05-20 15:31:43.298 UTC
-23.541090,-46.675060,-23.541090,-46.675060,2026-05-20 14:45:49.165 UTC
51.544321,-0.063797,51.544321,-0.063797,2026-05-20 15:01:52.121 UTC
33.885170,-118.305874,33.885170,-118.305874,2026-05-07 01:08:50.998 UTC
33.885170,-118.305874,34.094272,-118.147641,2026-05-07 00:50:05.586 UTC
34.194120,-118.363604,34.194120,-118.363604,2026-02-15 17:34:45.185 UTC
34.117742,-118.113794,34.117742,-118.113794,2026-02-15 22:17:40.203 UTC
35.701414,139.678515,35.701414,139.678515,2025-09-10 18:19:09.155 UTC
34.042702,-118.259102,34.042702,-118.259102,2025-09-10 15:05:52.278 UTC
33.944563,-118.077853,33.944563,-118.077853,2025-09-10 14:50:13.146 UTC
33.882205,-118.209719,33.882205,-118.209719,2026-03-15 19:14:47.28 UTC
33.924914,-118.213455,33.924914,-118.213455,2026-03-15 19:18:15.162 UTC
33.913080,-118.193290,33.913080,-118.193290,2026-06-21 02:10:40.362 UTC
34.044208,-118.326527,34.044208,-118.326527,2026-01-26 15:28:01.138 UTC
33.964026,-118.325040,33.964026,-118.325040,2026-01-26 15:11:31.174 UTC
33.884788,-118.179224,33.884788,-118.179224,2026-02-11 02:53:40.085 UTC
-23.530873,-46.652671,34.074971,-118.373853,2026-02-11 14:54:30.187 UTC
34.198840,-118.128019,34.198840,-118.128019,2026-02-11 23:37:28.955 UTC
-23.530873,-46.652671,-23.530873,-46.652671,2026-02-11 21:00:35.404 UTC
-23.530873,-46.652671,-23.530873,-46.652671,2026-02-11 16:37:34.704 UTC
-23.530873,-46.652671,-23.530873,-46.652671,2026-02-11 20:43:58.818 UTC
-23.530873,-46.652671,-23.530873,-46.652671,2026-02-11 14:47:11.203 UTC
-23.530873,-46.652671,-23.530873,-46.652671,2026-02-11 23:17:49.35 UTC
-23.530873,-46.652671,-23.530873,-46.652671,2026-02-11 18:19:12.04 UTC
-23.530873,-46.652671,-23.530873,-46.652671,2026-02-11 14:39:02.089 UTC
-23.530873,-46.652671,-23.530873,-46.652671,2026-02-11 20:36:55.638 UTC
-23.530873,-46.652671,-23.530873,-46.652671,2026-02-11 20:47:22.462 UTC
-23.530873,-46.652671,-23.530873,-46.652671,2026-02-11 14:48:43.33 UTC
-23.530873,-46.652671,-23.530873,-46.652671,2026-02-11 17:56:59.761 UTC
-23.530873,-46.652671,-23.530873,-46.652671,2026-02-11 16:49:25.686 UTC
-23.530873,-46.652671,-23.530873,-46.652671,2026-02-11 14:46:37.218 UTC
34.008020,-118.215155,34.008020,-118.215155,2026-02-11 00:04:59.764 UTC
33.930004,-118.154688,33.930004,-118.154688,2026-02-11 01:50:38.923 UTC
34.218875,-118.265242,34.218875,-118.265242,2026-02-11 01:25:00.027 UTC
34.218875,-118.265242,34.218875,-118.265242,2026-02-11 01:16:15.482 UTC
51.471855,-0.079287,51.471855,-0.079287,2026-02-11 00:24:28.394 UTC
34.053595,-118.147447,34.053595,-118.147447,2026-02-11 17:49:57.706 UTC
34.053595,-118.147447,34.053595,-118.147447,2026-02-11 20:20:17.602 UTC
34.053595,-118.147447,34.053595,-118.147447,2026-02-11 20:26:02.408 UTC
-23.530873,-46.652671,34.053595,-118.147447,2026-02-11 21:15:43.138 UTC
34.053595,-118.147447,34.053595,-118.147447,2026-02-11 17:02:59.087 UTC
33.951861,-118.280349,33.951861,-118.280349,2026-02-11 02:40:40.104 UTC
-33.897427,151.212608,-33.897427,151.212608,2025-12-29 19:26:05.658 UTC
34.094272,-118.147641,33.885170,-118.305874,2025-06-14 17:19:17.729 UTC
34.094272,-118.147641,34.094272,-118.147641,2025-06-14 18:09:18.792 UTC
34.094272,-118.147641,34.094272,-118.147641,2025-06-14 16:57:22.032 UTC
34.107258,-118.295577,33.999720,-118.366099,2025-07-20 19:42:23.218 UTC
34.031903,-118.328483,34.031903,-118.328483,2025-07-20 21:34:03.117 UTC
40.644167,-73.966382,40.644167,-73.966382,2025-07-20 20:42:34.715 UTC
34.007930,-118.077183,34.007930,-118.077183,2025-07-20 21:29:51.268 UTC
34.137907,-118.247195,34.137907,-118.247195,2025-07-20 22:32:22.982 UTC
51.523276,-0.097851,51.523276,-0.097851,2025-07-20 19:24:24.252 UTC
35.616333,139.629214,35.616333,139.629214,2025-07-20 17:13:01.232 UTC
34.123204,-118.316543,34.123204,-118.316543,2025-07-20 19:02:08.142 UTC
51.536704,-0.205926,51.536704,-0.205926,2026-01-07 14:53:39.214 UTC
40.759433,-73.984073,40.759433,-73.984073,2026-01-07 14:44:11.045 UTC
34.153173,-118.353909,34.153173,-118.353909,2026-01-07 00:04:32.067 UTC
34.044208,-118.326527,34.044208,-118.326527,2025-08-27 15:23:26.216 UTC
34.172008,-118.107136,34.172008,-118.107136,2025-08-27 15:08:46.159 UTC
51.525706,-0.034024,51.525706,-0.034024,2025-11-20 13:48:39.065 UTC
34.071121,-118.337367,34.071121,-118.337367,2025-11-20 20:08:09.254 UTC
51.525706,-0.034024,51.525706,-0.034024,2025-11-20 13:37:09.297 UTC
33.885170,-118.305874,33.885170,-118.305874,2025-06-23 03:10:34.62 UTC
35.622736,139.655754,35.622736,139.655754,2025-06-23 02:45:17.245 UTC
34.013606,-118.241479,34.013606,-118.241479,2025-07-12 22:27:10.083 UTC
34.094272,-118.147641,34.094272,-118.147641,2025-07-12 23:09:09.361 UTC
33.885170,-118.305874,33.885170,-118.305874,2025-07-12 22:11:10.753 UTC
34.094272,-118.147641,34.094272,-118.147641,2025-07-12 21:07:09.203 UTC
34.094272,-118.147641,34.094272,-118.147641,2025-07-12 02:49:31.629 UTC
33.885170,-118.305874,33.885170,-118.305874,2025-07-12 02:19:28.23 UTC
-23.566913,-46.598624,-23.566913,-46.598624,2026-02-22 00:38:52.523 UTC
-23.566913,-46.598624,-23.566913,-46.598624,2026-02-22 00:53:12.983 UTC
-23.566913,-46.598624,34.002617,-118.316147,2026-02-22 00:59:05.307 UTC
34.155949,-118.343237,34.155949,-118.343237,2026-02-22 05:52:56.127 UTC
34.190125,-118.289267,34.190125,-118.289267,2026-02-22 21:19:44.871 UTC
34.190125,-118.289267,34.190125,-118.289267,2026-02-22 21:26:59.258 UTC
34.190125,-118.289267,34.190125,-118.289267,2026-02-22 21:48:15.039 UTC
34.186470,-118.269261,34.186470,-118.269261,2026-02-22 20:58:43.84 UTC
34.186470,-118.269261,34.186470,-118.269261,2026-02-22 21:00:55.423 UTC
34.155949,-118.343237,34.125271,-118.358456,2026-02-22 02:31:19.156 UTC
34.018507,-118.255830,34.018507,-118.255830,2026-02-22 23:58:34.342 UTC
33.947898,-118.189469,33.947898,-118.189469,2026-02-22 17:26:23.753 UTC
33.947898,-118.189469,33.947898,-118.189469,2026-02-22 17:26:13.448 UTC
34.155949,-118.343237,34.155949,-118.343237,2026-02-22 03:20:30.757 UTC
34.097296,-118.196472,34.097296,-118.196472,2025-06-30 14:44:56.27 UTC
33.925579,-118.293995,33.925579,-118.293995,2025-06-30 00:01:03.033 UTC
34.044208,-118.326527,34.044208,-118.326527,2025-07-21 15:04:02.169 UTC
33.925579,-118.293995,33.925579,-118.293995,2025-07-21 00:05:57.21 UTC
34.097489,-118.382267,34.097489,-118.382267,2025-07-21 20:31:19.167 UTC
34.024094,-118.152736,34.024094,-118.152736,2025-07-21 16:57:01.186 UTC
33.991334,-118.444253,33.991334,-118.444253,2025-07-21 17:07:45.172 UTC
33.885170,-118.305874,33.885170,-118.305874,2025-06-05 01:37:12.216 UTC
34.094272,-118.147641,34.094272,-118.147641,2025-06-05 01:57:51.251 UTC
33.991361,-118.191156,33.991361,-118.191156,2025-10-17 01:53:23.241 UTC
34.094272,-118.147641,34.094272,-118.147641,2025-10-17 03:22:09.796 UTC
34.094272,-118.147641,34.094272,-118.147641,2025-10-17 03:09:37.645 UTC
34.172008,-118.107136,34.172008,-118.107136,2026-03-11 14:40:51.136 UTC
33.965408,-118.128917,33.965408,-118.128917,2026-01-30 16:02:37.38 UTC
34.094272,-118.147641,34.094272,-118.147641,2026-01-30 23:08:38.369 UTC
34.123204,-118.316543,34.123204,-118.316543,2026-01-30 22:11:27.169 UTC
34.153173,-118.353909,34.153173,-118.353909,2026-01-30 15:37:25.479 UTC
34.126448,-118.192110,34.126448,-118.192110,2026-08-24 15:31:05.348 UTC
34.082946,-118.302228,34.082946,-118.302228,2026-08-24 15:26:11.216 UTC
34.094272,-118.147641,34.094272,-118.147641,2025-12-22 03:44:49.477 UTC
33.912998,-118.220366,33.912998,-118.220366,2025-12-22 00:06:08.016 UTC
33.885170,-118.305874,34.013606,-118.241479,2026-01-24 21:14:04.538 UTC
33.885170,-118.305874,33.885170,-118.305874,2026-01-24 23:18:06.592 UTC
34.094272,-118.147641,34.094272,-118.147641,2026-01-24 21:40:04.204 UTC
33.885170,-118.305874,34.094272,-118.147641,2026-01-24 23:15:42.193 UTC
34.094272,-118.147641,34.094272,-118.147641,2026-01-24 23:31:49.801 UTC
34.082946,-118.302228,34.082946,-118.302228,2026-05-06 16:00:13.272 UTC
33.885170,-118.305874,33.885170,-118.305874,2026-04-04 23:21:36.236 UTC
34.094272,-118.147641,34.094272,-118.147641,2026-04-04 23:15:40.246 UTC
34.094272,-118.147641,34.094272,-118.147641,2026-04-04 23:15:49.381 UTC
33.885170,-118.305874,34.094272,-118.147641,2026-04-04 22:51:37.163 UTC
34.094272,-118.147641,34.094272,-118.147641,2026-04-04 22:28:20.275 UTC
33.991361,-118.191156,33.991361,-118.191156,2025-12-03 16:00:52.312 UTC
34.122395,-118.360541,34.122395,-118.360541,2025-12-03 15:50:19.119 UTC
34.153173,-118.353909,34.153173,-118.353909,2026-07-31 00:54:06.753 UTC
34.078136,-118.274132,34.078136,-118.274132,2026-04-01 14:51:58.124 UTC
33.964026,-118.325040,33.964026,-118.325040,2026-04-01 14:39:35.186 UTC
34.194120,-118.363604,34.194120,-118.363604,2025-12-26 18:42:59.187 UTC
34.123204,-118.316543,34.123204,-118.316543,2025-12-26 22:58:34.261 UTC
40.660193,-74.042416,40.660193,-74.042416,2025-12-26 03:27:38.141 UTC
34.226718,-118.224536,34.226718,-118.224536,2025-12-26 02:49:22.413 UTC
34.078136,-118.274132,34.078136,-118.274132,2026-01-14 15:16:12.222 UTC
34.172008,-118.107136,34.172008,-118.107136,2026-01-14 15:06:30.102 UTC
51.527181,-0.086175,51.527181,-0.086175,2026-07-27 15:06:17.287 UTC
34.153173,-118.353909,34.153173,-118.353909,2025-08-12 14:20:28.137 UTC
33.913855,-118.129314,33.913855,-118.129314,2025-08-15 14:38:26.157 UTC
33.885170,-118.305874,33.885170,-118.305874,2025-08-31 20:41:46.888 UTC
34.094272,-118.147641,34.094272,-118.147641,2025-08-31 21:26:45.492 UTC
34.094272,-118.147641,34.094272,-118.147641,2025-08-31 22:20:29.46 UTC
34.153173,-118.353909,34.153173,-118.353909,2025-08-31 23:23:20.281 UTC
34.094272,-118.147641,34.094272,-118.147641,2025-08-31 21:24:58.695 UTC
33.885170,-118.305874,33.885170,-118.305874,2026-03-08 03:36:56.78 UTC
34.094272,-118.147641,34.094272,-118.147641,2026-03-08 02:53:38.827 UTC
33.918893,-118.342248,33.918893,-118.342248,2026-03-08 23:56:06.282 UTC
34.094272,-118.147641,34.094272,-118.147641,2026-03-08 02:48:25.015 UTC
51.536704,-0.205926,51.536704,-0.205926,2025-11-13 15:15:57.337 UTC
40.759433,-73.984073,40.759433,-73.984073,2025-11-13 15:06:52.281 UTC
33.965408,-118.128917,33.965408,-118.128917,2026-05-26 21:25:05.21 UTC
34.123204,-118.316543,34.123204,-118.316543,2026-05-26 15:07:00.218 UTC
51.527181,-0.086175,51.527181,-0.086175,2026-02-26 15:32:34.222 UTC
34.041907,-118.089428,34.041907,-118.089428,2026-02-26 15:15:13.168 UTC
33.885170,-118.305874,34.013606,-118.241479,2025-10-18 23:34:39.939 UTC
33.885170,-118.305874,33.885170,-118.305874,2025-10-18 21:38:28.434 UTC
33.885170,-118.305874,33.885170,-118.305874,2025-10-18 22:43:38.37 UTC
34.001331,-118.042472,34.094272,-118.147641,2025-10-18 22:59:40.185 UTC
33.885170,-118.305874,34.094272,-118.147641,2025-10-18 23:44:34.262 UTC
35.622736,139.655754,35.622736,139.655754,2025-10-18 03:59:51.134 UTC
34.094272,-118.147641,34.094272,-118.147641,2025-10-18 04:37:27.895 UTC
33.885170,-118.305874,33.885170,-118.305874,2026-05-23 21:46:15.249 UTC
33.885170,-118.305874,34.094272,-118.147641,2026-05-23 22:23:23.999 UTC
35.622736,139.655754,35.622736,139.655754,2026-05-23 20:57:37.146 UTC
34.153173,-118.353909,34.153173,-118.353909,2025-10-13 14:20:43.264 UTC
40.730472,-73.940405,40.730472,-73.940405,2025-08-02 03:21:00.584 UTC
34.011629,-118.374891,34.011629,-118.374891,2026-03-09 20:24:57.084 UTC
-23.532914,-46.574167,-23.532914,-46.574167,2026-03-09 14:38:48.154 UTC
34.153173,-118.353909,34.153173,-118.353909,2026-03-09 14:08:12.625 UTC
34.194120,-118.363604,34.194120,-118.363604,2026-01-04 19:50:18.226 UTC
34.166197,-118.367765,34.166197,-118.367765,2026-01-04 20:04:38.167 UTC
33.919888,-118.328744,33.919888,-118.328744,2026-01-04 21:45:52.133 UTC
33.924960,-118.336475,33.924960,-118.336475,2026-01-04 23:41:32.246 UTC
34.094272,-118.147641,34.094272,-118.147641,2026-01-19 00:03:10.854 UTC
33.885170,-118.305874,33.885170,-118.305874,2026-01-19 17:30:30.088 UTC
34.005678,-118.271724,34.217111,-118.249073,2026-07-16 18:02:25.806 UTC
34.005678,-118.271724,34.005678,-118.271724,2026-07-16 21:33:33.532 UTC
34.005678,-118.271724,34.005678,-118.271724,2026-07-16 17:55:40.606 UTC
34.217111,-118.249073,34.005678,-118.271724,2026-07-16 18:15:51.267 UTC
34.173136,-118.303162,34.173136,-118.303162,2025-06-18 14:56:03.416 UTC
33.965408,-118.128917,33.965408,-118.128917,2025-07-25 19:21:50.074 UTC
34.097296,-118.196472,34.097296,-118.196472,2025-07-25 19:11:15.69 UTC
33.994197,-118.266992,33.994197,-118.266992,2025-07-25 19:19:47.078 UTC
34.153173,-118.353909,34.153173,-118.353909,2025-07-25 23:51:27.857 UTC
51.536704,-0.205926,51.536704,-0.205926,2026-01-21 15:30:18.303 UTC
40.759433,-73.984073,40.759433,-73.984073,2026-01-21 15:22:25.568 UTC
34.078136,-118.274132,34.078136,-118.274132,2026-01-21 15:28:40.49 UTC
40.759433,-73.984073,40.759433,-73.984073,2026-08-25 15:41:57.127 UTC
34.094272,-118.147641,33.885170,-118.305874,2026-07-11 23:53:40.311 UTC
34.094272,-118.147641,34.094272,-118.147641,2026-07-11 23:16:36.531 UTC
33.885170,-118.305874,33.885170,-118.305874,2026-07-11 22:17:19.282 UTC
33.885170,-118.305874,34.094272,-118.147641,2026-07-11 22:07:08.612 UTC
34.112363,-118.090931,34.112363,-118.090931,2026-07-11 19:55:14.267 UTC
34.094272,-118.147641,34.094272,-118.147641,2026-07-11 18:14:12.822 UTC
34.094272,-118.147641,34.094272,-118.147641,2026-07-11 18:10:16.761 UTC
33.885170,-118.305874,33.885170,-118.305874,2026-07-11 17:48:33.071 UTC
34.094272,-118.147641,34.094272,-118.147641,2026-07-11 16:21:46.279 UTC
34.025441,-118.342270,34.025441,-118.342270,2026-07-11 00:43:33.762 UTC
51.536704,-0.205926,51.536704,-0.205926,2025-11-25 19:07:45.279 UTC
33.998414,-118.318600,33.998414,-118.318600,2026-05-22 19:52:48.932 UTC
34.009909,-118.384882,-23.532914,-46.574167,2025-10-27 15:02:18.311 UTC
33.885170,-118.305874,34.094272,-118.147641,2025-10-27 02:43:02.711 UTC
34.153173,-118.353909,34.153173,-118.353909,2025-10-27 01:42:24.191 UTC
51.536704,-0.205926,51.536704,-0.205926,2025-11-24 15:08:56.551 UTC
33.991361,-118.191156,33.991361,-118.191156,2025-11-24 23:07:27.403 UTC
34.037464,-118.142944,33.927121,-118.297775,2025-07-24 16:57:37.155 UTC
34.044324,-118.428737,33.934955,-118.209551,2025-07-24 16:45:36.311 UTC
34.023547,-118.062279,34.023547,-118.062279,2025-07-24 16:42:30.18 UTC
34.081897,-118.445067,34.081897,-118.445067,2025-07-24 06:01:42.563 UTC
34.013078,-118.340242,34.013078,-118.340242,2025-07-24 00:27:24.894 UTC
34.099178,-118.309377,34.099178,-118.309377,2025-07-24 01:08:11.908 UTC
34.099178,-118.309377,34.099178,-118.309377,2025-07-24 01:44:17.459 UTC
34.154042,-118.280323,34.154042,-118.280323,2025-07-24 04:15:10.267 UTC
34.124201,-118.055895,34.124201,-118.055895,2025-07-24 03:35:18.384 UTC
34.001123,-118.057822,34.001123,-118.057822,2025-07-24 04:09:17.782 UTC
41.895635,-87.733150,41.895635,-87.733150,2025-07-24 03:18:05.449 UTC
33.964026,-118.325040,33.964026,-118.325040,2026-04-29 15:16:44.181 UTC
51.527181,-0.086175,51.527181,-0.086175,2026-04-29 15:27:03.077 UTC
34.069844,-118.409622,34.069844,-118.409622,2026-04-29 01:45:51.187 UTC
33.939931,-118.236030,33.939931,-118.236030,2025-12-02 20:11:33.194 UTC
34.153173,-118.353909,34.153173,-118.353909,2025-12-02 00:50:32.173 UTC
51.517730,-0.045612,51.517730,-0.045612,2026-08-18 15:25:52.167 UTC
40.765753,-74.024662,40.765753,-74.024662,2026-08-18 15:24:30.819 UTC
34.044208,-118.326527,34.044208,-118.326527,2025-12-01 15:27:25.173 UTC
34.008120,-118.068586,34.008120,-118.068586,2025-12-01 15:16:45.129 UTC
33.885170,-118.305874,33.885170,-118.305874,2025-07-05 22:10:13.463 UTC
33.885170,-118.305874,34.094272,-118.147641,2025-07-05 22:03:12.192 UTC
34.094272,-118.147641,34.094272,-118.147641,2025-07-05 21:53:42.148 UTC
34.094272,-118.147641,34.094272,-118.147641,2025-07-05 21:48:22.171 UTC
34.089181,-118.152011,34.089181,-118.152011,2025-07-05 19:51:24.865 UTC
34.153173,-118.353909,34.153173,-118.353909,2025-07-05 01:37:31.613 UTC
33.885170,-118.305874,34.094272,-118.147641,2025-07-05 21:23:57.945 UTC
34.123204,-118.316543,34.123204,-118.316543,2025-10-03 00:29:03.315 UTC
33.885170,-118.305874,33.885170,-118.305874,2025-12-31 20:57:01.216 UTC
34.111233,-118.196425,34.111233,-118.196425,2025-12-31 15:15:14.206 UTC
34.153173,-118.353909,34.153173,-118.353909,2025-12-31 21:29:51.536 UTC
34.121120,-118.266954,34.121120,-118.266954,2025-07-23 03:43:37.744 UTC
33.958500,-118.389793,33.958500,-118.389793,2025-07-23 04:46:04.178 UTC
34.081897,-118.445067,34.081897,-118.445067,2025-07-23 01:30:03.612 UTC
34.099178,-118.309377,34.099178,-118.309377,2025-07-23 02:04:46.014 UTC
34.147897,-118.149061,34.162924,-118.144590,2025-07-23 15:58:26.206 UTC
34.062899,-118.410100,34.062899,-118.410100,2025-07-23 02:37:29.142 UTC
34.154042,-118.280323,34.124201,-118.055895,2025-07-23 04:38:01.643 UTC
-33.864906,151.169944,-33.864906,151.169944,2025-07-23 04:04:46.151 UTC
34.149906,-118.139251,34.149906,-118.139251,2025-07-23 03:48:47.923 UTC
41.895635,-87.733150,41.895635,-87.733150,2025-07-23 03:22:00.252 UTC
-23.530873,-46.652671,-23.530873,-46.652671,2026-02-10 16:19:35.185 UTC
34.053595,-118.147447,-23.530873,-46.652671,2026-02-10 22:39:13.626 UTC
-23.530873,-46.652671,-23.530873,-46.652671,2026-02-10 16:15:58.756 UTC
34.053595,-118.147447,-23.530873,-46.652671,2026-02-10 23:08:11.627 UTC
-23.530873,-46.652671,-23.530873,-46.652671,2026-02-10 02:03:53.118 UTC
-23.530873,-46.652671,-23.530873,-46.652671,2026-02-10 02:06:14.856 UTC
34.053595,-118.147447,-23.530873,-46.652671,2026-02-10 19:50:44.076 UTC
-23.530873,-46.652671,-23.530873,-46.652671,2026-02-10 17:04:29.789 UTC
-23.530873,-46.652671,-23.530873,-46.652671,2026-02-10 16:29:03.874 UTC
34.218875,-118.265242,34.218875,-118.265242,2026-02-10 00:03:49.18 UTC
33.953643,-118.279884,33.953643,-118.279884,2026-02-10 01:05:34.961 UTC
33.953643,-118.279884,33.953643,-118.279884,2026-02-10 00:54:11.216 UTC
34.053595,-118.147447,34.053595,-118.147447,2026-02-10 23:30:37.792 UTC
34.053595,-118.147447,34.053595,-118.147447,2026-02-10 23:39:47.52 UTC
34.053595,-118.147447,34.053595,-118.147447,2026-02-10 22:37:20.662 UTC
34.053595,-118.147447,34.053595,-118.147447,2026-02-10 22:59:00.12 UTC
-23.530873,-46.652671,34.053595,-118.147447,2026-02-10 19:25:14.953 UTC
34.053595,-118.147447,34.053595,-118.147447,2026-02-10 22:37:28.33 UTC
33.983488,-118.244899,33.983488,-118.244899,2026-05-29 18:52:42.739 UTC
33.925579,-118.293995,33.925579,-118.293995,2026-05-29 23:30:38.148 UTC
34.051912,-118.261198,40.753671,-74.043239,2025-12-07 17:16:24.809 UTC
34.051912,-118.261198,40.753671,-74.043239,2025-12-07 00:40:02.449 UTC
34.051912,-118.261198,40.753671,-74.043239,2025-12-07 03:00:22.501 UTC
34.051912,-118.261198,34.051912,-118.261198,2025-12-07 02:14:32.373 UTC
34.051912,-118.261198,34.051912,-118.261198,2025-12-07 01:39:26.195 UTC
34.062937,-118.353978,34.062937,-118.353978,2025-12-07 21:58:43.115 UTC
33.925579,-118.293995,33.925579,-118.293995,2025-12-14 00:39:57.193 UTC
33.885170,-118.305874,33.885170,-118.305874,2025-12-14 23:28:43.437 UTC
33.885170,-118.305874,34.094272,-118.147641,2025-12-14 23:08:50.953 UTC
47.608407,-122.397883,47.608407,-122.397883,2025-12-14 00:17:56.929 UTC
51.492892,-0.054341,51.492892,-0.054341,2025-12-14 19:17:32.287 UTC
34.153173,-118.353909,34.153173,-118.353909,2025-12-14 22:29:13.462 UTC
33.885170,-118.305874,33.885170,-118.305874,2025-12-14 22:46:44.471 UTC
-23.532914,-46.574167,-23.532914,-46.574167,2026-03-31 14:46:42.062 UTC
33.944563,-118.077853,33.944563,-118.077853,2026-03-31 14:32:24.22 UTC
33.925579,-118.293995,34.153173,-118.353909,2026-03-31 00:30:08.372 UTC
34.094272,-118.147641,34.094272,-118.147641,2025-10-28 04:43:26.117 UTC
34.069844,-118.409622,34.069844,-118.409622,2025-10-28 04:58:23.29 UTC
34.009909,-118.384882,34.042702,-118.259102,2026-05-13 15:45:19.147 UTC
33.925579,-118.293995,33.925579,-118.293995,2026-05-13 15:10:04.297 UTC
51.517730,-0.045612,51.517730,-0.045612,2026-06-05 15:21:35.192 UTC
33.913080,-118.193290,33.913080,-118.193290,2026-06-05 14:55:49.181 UTC
51.492892,-0.054341,51.492892,-0.054341,2025-06-15 19:23:08.848 UTC
34.153173,-118.353909,34.153173,-118.353909,2026-03-02 14:10:57.321 UTC
34.094272,-118.147641,33.885170,-118.305874,2025-10-12 23:07:27.373 UTC
34.094272,-118.147641,34.094272,-118.147641,2025-10-12 21:26:49.223 UTC
33.885170,-118.305874,34.094272,-118.147641,2025-10-12 22:52:41.679 UTC
34.194120,-118.363604,34.194120,-118.363604,2025-10-12 23:41:59.192 UTC
34.069844,-118.409622,34.069844,-118.409622,2026-07-05 04:19:29.125 UTC
34.094272,-118.147641,34.094272,-118.147641,2026-07-05 04:14:25.556 UTC
33.885170,-118.305874,34.094272,-118.147641,2025-12-28 23:07:46.449 UTC
-23.503054,-46.604343,-23.503054,-46.604343,2025-12-28 21:49:51.257 UTC
40.765753,-74.024662,40.765753,-74.024662,2026-08-26 15:50:43.167 UTC
33.964026,-118.325040,33.964026,-118.325040,2026-08-26 15:38:49.291 UTC
34.161391,-118.260020,34.161391,-118.260020,2025-11-14 00:11:53.054 UTC
-23.532914,-46.574167,-23.532914,-46.574167,2025-11-14 15:16:42.215 UTC
34.153173,-118.353909,34.153173,-118.353909,2025-11-14 01:03:08.626 UTC
34.057651,-118.233689,34.057651,-118.233689,2025-11-11 21:30:03.279 UTC
34.056040,-118.195881,34.056040,-118.195881,2025-11-11 20:40:32.389 UTC
34.133395,-118.172872,34.226006,-118.270232,2025-11-11 01:07:01.328 UTC
34.133395,-118.172872,34.133395,-118.172872,2025-11-11 02:30:11.331 UTC
33.875444,-118.211008,33.875444,-118.211008,2026-06-20 23:17:50.135 UTC
34.094272,-118.147641,34.094272,-118.147641,2026-06-20 22:43:23.171 UTC
33.885170,-118.305874,33.885170,-118.305874,2026-06-20 22:07:54.011 UTC
40.765753,-74.024662,40.765753,-74.024662,2025-09-11 15:06:36.688 UTC
34.172008,-118.107136,34.172008,-118.107136,2025-09-11 14:58:37.268 UTC
34.094272,-118.147641,34.094272,-118.147641,2025-09-11 01:19:16.204 UTC
33.913855,-118.129314,33.913855,-118.129314,2025-09-11 14:50:07.204 UTC
-23.566913,-46.598624,-23.566913,-46.598624,2026-02-21 21:07:36.779 UTC
-23.566913,-46.598624,-23.566913,-46.598624,2026-02-21 21:03:27.634 UTC
-23.566913,-46.598624,-23.566913,-46.598624,2026-02-21 23:38:59.001 UTC
34.002617,-118.316147,-23.566913,-46.598624,2026-02-21 18:03:59.065 UTC
34.029086,-118.291055,34.029086,-118.291055,2026-02-21 00:41:39.249 UTC
40.785260,-74.020541,33.944053,-118.154312,2026-02-21 04:48:54.67 UTC
34.192718,-118.351012,33.925737,-118.174453,2026-02-21 02:26:05.189 UTC
34.192718,-118.351012,34.192718,-118.351012,2026-02-21 03:45:01.064 UTC
34.192718,-118.351012,34.192718,-118.351012,2026-02-21 03:40:18.818 UTC
34.192718,-118.351012,34.192718,-118.351012,2026-02-21 02:21:27.385 UTC
34.030026,-118.141946,34.030026,-118.141946,2026-02-21 00:50:14.966 UTC
34.198791,-118.148169,34.198791,-118.148169,2026-02-21 05:11:34.181 UTC
34.061403,-118.289119,34.061403,-118.289119,2026-02-21 05:00:35.205 UTC
34.155949,-118.343237,34.155949,-118.343237,2026-02-21 06:07:50.269 UTC
34.118288,-118.121248,34.118288,-118.121248,2026-02-21 04:56:25.687 UTC
40.785260,-74.020541,33.944053,-118.154312,2026-02-21 04:53:03.257 UTC
34.013078,-118.340242,34.013078,-118.340242,2025-12-18 02:40:22.55 UTC
34.099178,-118.309377,34.099178,-118.309377,2025-12-18 01:25:15.583 UTC
34.104737,-118.062476,34.104737,-118.062476,2025-12-18 03:30:29.211 UTC
33.969948,-118.362961,33.969948,-118.362961,2025-12-18 02:50:31.396 UTC
34.099178,-118.309377,34.099178,-118.309377,2025-12-18 02:06:15.839 UTC
34.094272,-118.147641,34.094272,-118.147641,2025-06-20 00:35:57.243 UTC
35.678719,139.682360,35.678719,139.682360,2025-07-07 23:43:05.906 UTC
34.145376,-118.131658,34.145376,-118.131658,2025-07-08 17:39:19.126 UTC
34.002059,-118.072246,34.002059,-118.072246,2025-07-08 17:14:22.365 UTC
34.171821,-118.371948,34.171821,-118.371948,2025-07-08 16:50:14.266 UTC
33.908815,-118.166571,33.908815,-118.166571,2025-07-08 18:19:14.171 UTC
33.925298,-118.110358,33.925298,-118.110358,2025-07-08 16:49:31.187 UTC
34.044208,-118.326527,34.044208,-118.326527,2026-06-18 15:19:24.186 UTC
-23.532914,-46.574167,-23.532914,-46.574167,2026-06-18 15:14:33.149 UTC
34.078136,-118.274132,34.078136,-118.274132,2025-10-07 15:02:46.528 UTC
33.885170,-118.305874,33.885170,-118.305874,2025-10-16 01:04:01.769 UTC
33.885170,-118.305874,33.885170,-118.305874,2025-10-16 02:04:35.827 UTC
34.094272,-118.147641,34.094272,-118.147641,2025-10-16 02:00:52.131 UTC
34.153173,-118.353909,34.153173,-118.353909,2025-10-16 02:28:01.253 UTC
33.913080,-118.193290,33.913080,-118.193290,2025-08-29 14:15:45.223 UTC
33.934955,-118.209551,33.934955,-118.209551,2025-12-19 20:16:54.306 UTC
34.023547,-118.062279,34.023547,-118.062279,2025-12-19 01:18:10.135 UTC
33.977009,-118.109956,33.977009,-118.109956,2025-12-19 00:44:01.209 UTC
34.005678,-118.271724,34.005678,-118.271724,2026-07-13 21:38:11.323 UTC
34.005678,-118.271724,34.005678,-118.271724,2026-07-13 21:12:50.7 UTC
33.885170,-118.305874,33.885170,-118.305874,2026-07-13 00:30:03.692 UTC
34.094272,-118.147641,34.094272,-118.147641,2026-07-13 00:10:17.382 UTC
34.118456,-118.321409,34.118456,-118.321409,2025-05-30 00:39:40.375 UTC
-23.555385,-46.603256,34.118456,-118.321409,2025-05-30 00:55:22.731 UTC
33.925579,-118.293995,33.925579,-118.293995,2025-08-23 19:34:58.498 UTC
33.885170,-118.305874,33.885170,-118.305874,2025-08-23 23:33:16.891 UTC
33.885170,-118.305874,33.885170,-118.305874,2025-08-23 17:02:39.713 UTC
34.094272,-118.147641,34.094272,-118.147641,2025-08-23 01:27:53.892 UTC
34.094272,-118.147641,34.094272,-118.147641,2025-08-23 22:47:33.918 UTC
34.094272,-118.147641,34.094272,-118.147641,2025-08-23 22:52:39.77 UTC
34.094272,-118.147641,34.094272,-118.147641,2025-08-23 01:22:40.24 UTC
34.094272,-118.147641,34.094272,-118.147641,2025-08-23 22:43:58.477 UTC
35.622736,139.655754,35.622736,139.655754,2025-08-23 19:53:34.174 UTC
-23.584721,-46.669257,-23.584721,-46.669257,2026-06-30 15:36:46.949 UTC
35.675108,139.649913,35.675108,139.649913,2025-12-25 00:59:04.206 UTC
34.041518,-118.445182,34.041518,-118.445182,2025-12-25 03:38:25.148 UTC
34.126448,-118.192110,51.517730,-0.045612,2026-03-30 14:45:03.093 UTC
-23.532914,-46.574167,-23.532914,-46.574167,2026-03-30 14:42:17.178 UTC
34.094272,-118.147641,33.885170,-118.305874,2025-11-23 02:34:11.153 UTC
33.885170,-118.305874,34.094272,-118.147641,2025-11-23 02:40:27.221 UTC
34.094272,-118.147641,34.094272,-118.147641,2025-11-23 01:48:37.251 UTC
34.057465,-118.165646,34.057465,-118.165646,2025-11-23 18:21:36.632 UTC
34.132458,-118.135697,34.131711,-118.146063,2025-11-23 19:36:53.134 UTC
34.153173,-118.353909,34.153173,-118.353909,2025-11-23 17:32:32.253 UTC
34.008120,-118.068586,34.008120,-118.068586,2025-08-11 15:41:26.149 UTC
33.953254,-118.326099,33.953254,-118.326099,2025-07-15 14:58:49.14 UTC
34.023547,-118.062279,34.023547,-118.062279,2025-09-19 02:00:25.51 UTC
-33.859527,151.236252,-33.859527,151.236252,2025-09-19 02:39:04.743 UTC
34.126448,-118.192110,34.126448,-118.192110,2025-12-12 15:51:05.128 UTC
34.138156,-118.395074,34.138156,-118.395074,2025-12-12 15:47:35.104 UTC
33.925579,-118.293995,33.925579,-118.293995,2025-09-29 14:22:55.629 UTC
33.885170,-118.305874,33.885170,-118.305874,2026-03-28 20:58:35.014 UTC
34.094272,-118.147641,34.094272,-118.147641,2026-03-28 16:55:28.686 UTC
34.094272,-118.147641,34.094272,-118.147641,2026-03-28 21:29:16.334 UTC
34.094272,-118.147641,34.094272,-118.147641,2026-03-28 16:27:46.517 UTC
34.094272,-118.147641,34.094272,-118.147641,2026-03-28 16:07:58.702 UTC
33.885170,-118.305874,34.094272,-118.147641,2026-03-28 22:04:55.622 UTC
34.105690,-118.229551,34.105690,-118.229551,2025-06-22 22:59:34.131 UTC
34.153173,-118.353909,34.153173,-118.353909,2025-06-22 23:20:30.216 UTC
33.885170,-118.305874,33.885170,-118.305874,2026-08-22 20:58:15.039 UTC
34.094272,-118.147641,34.094272,-118.147641,2026-08-22 21:18:37.794 UTC
34.105690,-118.229551,34.105690,-118.229551,2025-07-13 20:49:35.205 UTC
34.178525,-118.252156,34.178525,-118.252156,2025-07-13 21:50:17.677 UTC
34.153173,-118.353909,34.153173,-118.353909,2025-07-13 17:47:37.152 UTC
34.153173,-118.353909,34.153173,-118.353909,2025-07-13 19:57:07.218 UTC
40.765753,-74.024662,40.765753,-74.024662,2026-02-02 15:42:17.201 UTC
33.925579,-118.293995,33.925579,-118.293995,2026-02-02 01:58:07.176 UTC
34.123204,-118.316543,34.123204,-118.316543,2026-02-02 01:55:19.19 UTC
41.839622,-87.697470,41.839622,-87.697470,2025-06-12 01:16:07.159 UTC
34.081897,-118.445067,34.081897,-118.445067,2025-06-12 02:37:13.209 UTC
34.099178,-118.309377,34.099178,-118.309377,2025-06-12 03:09:20.768 UTC
34.099178,-118.309377,34.099178,-118.309377,2025-06-12 02:58:07.581 UTC
33.961896,-118.377810,33.961896,-118.377810,2025-11-12 00:07:21.169 UTC
34.153173,-118.353909,34.153173,-118.353909,2025-11-12 16:35:55.352 UTC
33.929184,-118.094535,33.929184,-118.094535,2025-09-26 01:41:50.102 UTC
40.767376,-74.051359,47.608407,-122.397883,2025-09-26 20:28:16.443 UTC
35.701414,139.678515,35.701414,139.678515,2025-10-20 03:00:01.216 UTC
35.616528,139.639898,35.616528,139.639898,2025-10-20 01:54:53.211 UTC
33.925579,-118.293995,33.925579,-118.293995,2025-10-20 18:58:03.241 UTC
33.985169,-118.091595,33.985169,-118.091595,2025-10-20 04:24:06.158 UTC
34.057748,-118.353288,34.057748,-118.353288,2025-10-20 03:14:34.149 UTC
34.094272,-118.147641,34.094272,-118.147641,2025-10-20 04:48:32.337 UTC
34.002059,-118.072246,34.002059,-118.072246,2025-08-26 20:48:48.67 UTC
34.002059,-118.072246,34.002059,-118.072246,2025-08-26 20:05:52.122 UTC
34.149183,-118.275224,34.002059,-118.072246,2025-08-26 06:24:47.481 UTC
34.185824,-118.203615,34.185824,-118.203615,2025-08-26 06:12:58.184 UTC
34.149183,-118.275224,34.149183,-118.275224,2025-08-26 05:23:21.673 UTC
34.153173,-118.353909,34.153173,-118.353909,2025-08-26 04:48:34.052 UTC
34.149183,-118.275224,34.002059,-118.072246,2025-08-26 05:39:02.925 UTC
51.527181,-0.086175,51.527181,-0.086175,2026-07-09 15:12:18.155 UTC
33.941692,-118.126358,-23.584721,-46.669257,2026-07-09 15:03:50.16 UTC
35.626788,139.656370,35.626788,139.656370,2026-07-09 04:04:51.174 UTC
33.924960,-118.336475,33.924960,-118.336475,2026-07-09 04:01:52.27 UTC
51.536704,-0.205926,51.536704,-0.205926,2026-06-10 15:21:47.18 UTC
40.759433,-73.984073,40.759433,-73.984073,2026-06-10 15:15:26.167 UTC
34.024916,-118.415896,34.024916,-118.415896,2026-06-10 14:48:35.771 UTC
34.017877,-118.067042,34.017877,-118.067042,2025-05-31 15:11:50.246 UTC
34.109885,-118.110058,34.109885,-118.110058,2025-05-31 15:42:55.811 UTC
34.142499,-118.135956,34.142499,-118.135956,2025-05-31 15:47:54.235 UTC
40.765623,-73.992718,34.112132,-118.266204,2025-05-31 23:17:52.135 UTC
33.885170,-118.305874,33.885170,-118.305874,2025-05-31 21:22:39.134 UTC
34.094272,-118.147641,34.094272,-118.147641,2025-05-31 22:20:47.429 UTC
34.094272,-118.147641,34.094272,-118.147641,2025-05-31 22:15:15.767 UTC
34.094272,-118.147641,34.094272,-118.147641,2025-05-31 23:07:48.318 UTC
34.201378,-118.222603,33.901123,-118.355298,2025-05-31 16:45:45.335 UTC
33.882605,-118.290247,33.882605,-118.290247,2025-05-31 16:43:30.221 UTC
33.909412,-118.202981,33.909412,-118.202981,2025-05-31 16:14:56.198 UTC
51.470889,-0.119229,51.470889,-0.119229,2025-05-31 15:56:59.261 UTC
34.094272,-118.147641,34.094272,-118.147641,2026-03-14 23:24:39.978 UTC
34.094272,-118.147641,34.094272,-118.147641,2026-03-14 22:46:42.108 UTC
34.094272,-118.147641,34.094272,-118.147641,2026-03-14 22:31:08.207 UTC
41.829632,-87.713974,41.829632,-87.713974,2026-03-14 21:36:56.11 UTC
35.678719,139.682360,35.678719,139.682360,2026-03-14 19:18:22.147 UTC
40.765753,-74.024662,40.765753,-74.024662,2026-05-14 16:04:58.216 UTC
33.969989,-118.240459,33.969989,-118.240459,2026-05-14 15:58:41.176 UTC
40.765753,-74.024662,40.765753,-74.024662,2026-08-13 15:36:28.19 UTC
33.964026,-118.325040,33.964026,-118.325040,2026-08-13 15:26:27.21 UTC
33.925579,-118.293995,33.925579,-118.293995,2025-07-26 16:19:47.216 UTC
33.885170,-118.305874,33.885170,-118.305874,2025-07-26 15:08:26.924 UTC
34.094272,-118.147641,34.094272,-118.147641,2025-07-26 18:23:49.275 UTC
34.094272,-118.147641,34.094272,-118.147641,2025-07-26 15:42:07.349 UTC
33.925579,-118.293995,34.153173,-118.353909,2025-07-26 17:16:05.919 UTC
33.936471,-118.378185,33.936471,-118.378185,2026-02-13 15:56:17.78 UTC
34.133303,-118.268880,34.133303,-118.268880,2026-02-13 15:44:36.522 UTC
34.078136,-118.274132,34.078136,-118.274132,2026-01-05 14:54:44.125 UTC
33.925579,-118.293995,33.925579,-118.293995,2026-01-05 00:13:19.19 UTC
34.153173,-118.353909,34.153173,-118.353909,2026-01-05 14:17:31.887 UTC
34.063042,-118.344275,34.063042,-118.344275,2025-06-24 14:56:25.187 UTC
33.885170,-118.305874,33.885170,-118.305874,2025-06-24 01:43:00.119 UTC
33.998164,-118.135090,34.111233,-118.196425,2025-06-24 14:37:13.153 UTC
40.765753,-74.024662,40.765753,-74.024662,2026-01-28 15:29:44.207 UTC
34.153173,-118.353909,34.153173,-118.353909,2026-01-28 14:46:44.416 UTC
34.078136,-118.274132,34.078136,-118.274132,2025-12-17 16:19:24.376 UTC
34.138156,-118.395074,34.138156,-118.395074,2025-12-17 16:14:42.149 UTC
34.126448,-118.192110,34.126448,-118.192110,2025-07-02 14:55:05.088 UTC
-23.532914,-46.574167,-23.532914,-46.574167,2025-07-02 14:51:19.185 UTC
33.913080,-118.193290,33.913080,-118.193290,2025-07-02 14:26:39.153 UTC
33.885170,-118.305874,34.094272,-118.147641,2026-02-01 22:23:24.164 UTC
33.885170,-118.305874,33.885170,-118.305874,2026-02-01 22:46:57.161 UTC
34.094272,-118.147641,34.094272,-118.147641,2026-02-01 21:40:10.397 UTC
33.885170,-118.305874,33.885170,-118.305874,2026-02-01 21:27:26.737 UTC
51.527181,-0.086175,40.765753,-74.024662,2026-04-02 15:35:10.141 UTC
34.172008,-118.107136,34.172008,-118.107136,2026-04-02 15:30:27.57 UTC
33.996016,-118.194012,33.996016,-118.194012,2026-01-27 19:09:55.153 UTC
51.536704,-0.205926,51.536704,-0.205926,2026-01-27 15:44:07.153 UTC
34.172008,-118.107136,34.172008,-118.107136,2026-01-27 15:28:39.174 UTC
33.996921,-118.259485,33.996921,-118.259485,2026-01-22 15:26:23.184 UTC
34.153173,-118.353909,34.153173,-118.353909,2026-01-22 14:43:36.124 UTC
34.094272,-118.147641,34.094272,-118.147641,2025-10-19 00:20:48.56 UTC
34.112132,-118.266204,34.112132,-118.266204,2026-05-25 15:43:20.157 UTC
-33.830806,151.162908,-33.830806,151.162908,2026-05-25 15:56:26.284 UTC
-33.830806,151.162908,-33.830806,151.162908,2026-05-25 16:54:48.388 UTC
34.126448,-118.192110,34.126448,-118.192110,2026-06-16 15:17:01.203 UTC
-23.532914,-46.574167,-23.532914,-46.574167,2026-06-16 15:12:40.184 UTC
51.536704,-0.205926,51.536704,-0.205926,2026-06-01 15:20:17.197 UTC
34.063042,-118.344275,34.063042,-118.344275,2026-06-01 15:10:40.088 UTC
33.925579,-118.293995,33.925579,-118.293995,2025-10-04 20:37:51.266 UTC
33.885170,-118.305874,33.885170,-118.305874,2025-10-04 23:34:41.402 UTC
33.885170,-118.305874,33.885170,-118.305874,2025-10-04 22:47:27.211 UTC
34.094272,-118.147641,34.094272,-118.147641,2025-10-04 22:09:14.2 UTC
34.094272,-118.147641,34.094272,-118.147641,2025-10-04 22:53:32.184 UTC
34.153173,-118.353909,34.153173,-118.353909,2025-10-04 18:55:02.077 UTC
-23.532914,-46.574167,-23.532914,-46.574167,2026-01-29 13:09:35.947 UTC
33.925579,-118.293995,34.153173,-118.353909,2026-01-29 12:39:33.156 UTC
34.002059,-118.072246,33.956024,-118.260223,2025-08-10 20:57:07.029 UTC
34.166550,-118.406889,34.016087,-118.181232,2025-08-10 18:09:15.164 UTC
34.002059,-118.072246,34.002059,-118.072246,2025-08-10 18:48:25.93 UTC
34.002059,-118.072246,34.002059,-118.072246,2025-08-10 20:40:14.83 UTC
34.002059,-118.072246,34.002059,-118.072246,2025-08-10 20:27:59.12 UTC
34.002059,-118.072246,34.002059,-118.072246,2025-08-10 21:53:25.677 UTC
33.956024,-118.260223,34.002059,-118.072246,2025-08-10 20:25:24.591 UTC
34.002059,-118.072246,34.002059,-118.072246,2025-08-10 19:41:57.086 UTC
34.002059,-118.072246,34.002059,-118.072246,2025-08-10 18:26:57.123 UTC
34.002059,-118.072246,34.002059,-118.072246,2025-08-10 21:08:36.3 UTC
34.002059,-118.072246,34.002059,-118.072246,2025-08-10 20:00:16.489 UTC
34.002059,-118.072246,34.002059,-118.072246,2025-08-10 22:31:04.922 UTC
34.149183,-118.275224,34.149183,-118.275224,2025-08-10 22:32:58.151 UTC
33.994131,-118.140200,33.994131,-118.140200,2025-08-10 22:56:19.215 UTC
34.153173,-118.353909,34.153173,-118.353909,2025-08-10 17:47:02.144 UTC
34.078136,-118.274132,34.078136,-118.274132,2026-04-28 15:34:10.149 UTC
33.969989,-118.240459,33.969989,-118.240459,2026-04-28 15:25:42.245 UTC
33.995222,-118.096170,33.995222,-118.096170,2026-02-12 21:48:16.214 UTC
33.995222,-118.096170,33.995222,-118.096170,2026-02-12 21:46:58.2 UTC
-23.530873,-46.652671,-23.530873,-46.652671,2026-02-12 15:22:47.978 UTC
-23.530873,-46.652671,-23.530873,-46.652671,2026-02-12 15:44:06.032 UTC
-23.530873,-46.652671,-23.530873,-46.652671,2026-02-12 20:19:27.062 UTC
34.133303,-118.268880,34.133303,-118.268880,2026-02-12 20:51:09.803 UTC
34.063093,-118.290600,34.063093,-118.290600,2026-02-12 21:39:26.123 UTC
34.000422,-118.057672,34.000422,-118.057672,2025-12-08 04:19:35.396 UTC
40.759433,-73.984073,40.759433,-73.984073,2025-09-16 14:54:46.889 UTC
33.885170,-118.305874,34.013606,-118.241479,2025-08-17 15:36:04.348 UTC
34.094272,-118.147641,34.094272,-118.147641,2025-08-17 15:12:40.212 UTC
34.088872,-118.399603,34.088872,-118.399603,2025-08-17 23:48:45.18 UTC
33.943902,-118.127770,33.943902,-118.127770,2025-07-03 19:04:42.467 UTC
33.925579,-118.293995,33.925579,-118.293995,2025-07-03 23:11:04.309 UTC
33.885170,-118.305874,34.094272,-118.147641,2025-07-03 00:56:39.191 UTC
34.153173,-118.353909,34.153173,-118.353909,2025-07-03 23:08:42.307 UTC
34.126448,-118.192110,34.126448,-118.192110,2026-02-05 20:03:50.259 UTC
34.082946,-118.302228,34.082946,-118.302228,2026-02-05 15:47:17.697 UTC
34.153173,-118.353909,34.123204,-118.316543,2025-12-06 00:40:23.991 UTC
34.082895,-118.080267,34.082895,-118.080267,2025-12-06 23:38:54.328 UTC
34.037693,-118.088639,34.037693,-118.088639,2025-12-06 22:22:14.397 UTC
33.905819,-118.251997,33.905819,-118.251997,2025-12-06 13:48:32.406 UTC
34.096080,-118.144377,34.096080,-118.144377,2025-11-10 14:17:46.242 UTC
34.134897,-118.078860,34.134897,-118.078860,2025-11-10 16:13:26.158 UTC
33.934955,-118.209551,33.934955,-118.209551,2025-11-10 18:47:54.969 UTC
34.153735,-118.405166,41.851440,-87.534170,2025-11-10 21:24:04.344 UTC
34.115245,-118.075785,34.115245,-118.075785,2025-11-10 21:43:49.383 UTC
33.885170,-118.305874,33.885170,-118.305874,2026-07-03 03:04:28.494 UTC
34.111875,-118.294041,34.111875,-118.294041,2026-07-03 00:38:38.136 UTC
33.957929,-118.162718,33.957929,-118.162718,2026-07-03 00:11:54.11 UTC
34.002059,-118.072246,34.002059,-118.072246,2025-08-19 17:04:41.88 UTC
47.582648,-122.361077,47.582648,-122.361077,2025-08-19 15:28:56.201 UTC
33.965408,-118.128917,33.965408,-118.128917,2025-08-19 23:17:31.251 UTC
51.527181,-0.086175,51.527181,-0.086175,2025-08-19 15:10:23.131 UTC
34.022614,-118.281897,34.223614,-118.277016,2025-08-19 14:30:41.219 UTC
34.171821,-118.371948,34.171821,-118.371948,2025-08-19 16:27:40.049 UTC
33.925642,-118.290195,33.925642,-118.290195,2026-03-05 19:39:08.178 UTC
40.765753,-74.024662,40.765753,-74.024662,2026-03-05 14:50:07.012 UTC
47.582648,-122.361077,47.582648,-122.361077,2025-06-26 19:05:56.382 UTC
33.965408,-118.128917,33.965408,-118.128917,2025-06-26 15:17:11.168 UTC
33.885170,-118.305874,33.885170,-118.305874,2025-06-26 01:48:54.669 UTC
33.885170,-118.305874,34.094272,-118.147641,2025-06-26 01:05:12.835 UTC
34.204800,-118.174146,34.204800,-118.174146,2025-12-10 18:36:49.162 UTC
33.925579,-118.293995,33.925579,-118.293995,2025-12-10 22:56:45.161 UTC
34.084144,-118.311413,34.125955,-118.280502,2025-12-10 16:09:11.127 UTC
34.035155,-118.146812,34.035155,-118.146812,2025-12-10 16:23:19.234 UTC
33.925325,-118.205674,33.925325,-118.205674,2025-12-10 18:14:54.675 UTC
34.094272,-118.147641,34.094272,-118.147641,2025-12-10 03:30:03.084 UTC
34.094272,-118.147641,34.094272,-118.147641,2025-06-07 21:10:19.02 UTC
33.885170,-118.305874,33.885170,-118.305874,2025-06-07 01:43:03.73 UTC
34.078136,-118.274132,34.078136,-118.274132,2025-06-03 15:18:33.323 UTC
47.582648,-122.361077,47.582648,-122.361077,2025-08-18 18:21:42.227 UTC
33.994197,-118.266992,33.994197,-118.266992,2025-08-18 15:00:21.151 UTC
34.111233,-118.196425,34.111233,-118.196425,2025-08-18 23:31:18.18 UTC
34.094272,-118.147641,34.094272,-118.147641,2026-07-12 23:48:58.582 UTC
34.094272,-118.147641,34.094272,-118.147641,2026-07-12 23:16:59.232 UTC
34.167868,-118.280823,34.167868,-118.280823,2026-07-12 22:22:27.358 UTC
34.094272,-118.147641,34.094272,-118.147641,2026-07-12 21:15:14.946 UTC
47.665835,-122.282588,47.665835,-122.282588,2026-07-12 19:27:20.296 UTC
33.885170,-118.305874,34.094272,-118.147641,2026-07-12 18:46:10.524 UTC
34.094272,-118.147641,34.094272,-118.147641,2026-07-12 17:12:15.266 UTC
34.094272,-118.147641,34.094272,-118.147641,2026-07-12 00:34:53.786 UTC
33.925579,-118.293995,33.925579,-118.293995,2025-10-05 02:59:33.352 UTC
34.165377,-118.389587,34.165377,-118.389587,2025-10-05 02:35:53.351 UTC
33.885170,-118.305874,33.885170,-118.305874,2025-06-19 01:51:33.667 UTC
34.126244,-118.237837,34.126244,-118.237837,2025-06-19 21:01:43.568 UTC
34.153173,-118.353909,34.153173,-118.353909,2025-06-19 21:34:59.182 UTC
34.078136,-118.274132,34.078136,-118.274132,2025-12-11 15:50:06.732 UTC
33.969989,-118.240459,33.969989,-118.240459,2025-12-11 15:43:41.203 UTC
51.517730,-0.045612,51.517730,-0.045612,2026-06-17 15:24:55.854 UTC
40.765753,-74.024662,40.765753,-74.024662,2026-06-17 15:23:06.196 UTC
34.082946,-118.302228,34.082946,-118.302228,2026-06-17 23:52:06.022 UTC
33.964026,-118.325040,33.964026,-118.325040,2026-06-17 23:59:25.174 UTC
33.925579,-118.293995,33.925579,-118.293995,2025-11-15 20:46:54.127 UTC
33.885170,-118.305874,33.885170,-118.305874,2025-11-15 19:57:02.813 UTC
33.885170,-118.305874,33.885170,-118.305874,2025-11-15 22:15:31.211 UTC
33.885170,-118.305874,33.885170,-118.305874,2025-11-15 20:08:37.18 UTC
34.094272,-118.147641,34.094272,-118.147641,2025-11-15 19:23:28.235 UTC
34.094272,-118.147641,34.094272,-118.147641,2025-11-15 19:37:15.023 UTC
34.094272,-118.147641,34.094272,-118.147641,2025-11-15 22:51:44.118 UTC
34.094272,-118.147641,34.094272,-118.147641,2025-11-15 19:22:48.172 UTC
34.094272,-118.147641,34.094272,-118.147641,2025-11-15 21:27:57.224 UTC
33.885170,-118.305874,34.094272,-118.147641,2025-11-15 23:55:56.704 UTC
34.094272,-118.147641,34.094272,-118.147641,2025-11-15 19:32:24.273 UTC
34.018845,-118.304790,34.018845,-118.304790,2025-11-15 00:10:56.521 UTC
33.885170,-118.305874,33.885170,-118.305874,2025-11-15 01:08:29.856 UTC
34.153173,-118.353909,34.153173,-118.353909,2025-11-15 20:15:01.286 UTC
33.924960,-118.336475,33.924960,-118.336475,2025-09-28 00:35:52.485 UTC
34.094272,-118.147641,34.094272,-118.147641,2025-09-28 21:24:11.293 UTC
40.765753,-74.024662,40.765753,-74.024662,2026-01-15 15:06:03.156 UTC
33.925579,-118.293995,33.925579,-118.293995,2026-01-15 00:17:31.106 UTC
34.078136,-118.274132,34.078136,-118.274132,2026-01-06 15:08:53.128 UTC
34.172008,-118.107136,34.172008,-118.107136,2026-01-06 14:58:34.985 UTC
34.153173,-118.353909,34.153173,-118.353909,2026-01-06 14:15:43.352 UTC
34.153173,-118.353909,33.925579,-118.293995,2026-03-23 02:39:03.149 UTC
47.573608,-122.278425,47.573608,-122.278425,2026-07-15 19:32:46.346 UTC
47.573608,-122.278425,47.573608,-122.278425,2026-07-15 19:21:04.322 UTC
34.005678,-118.271724,34.005678,-118.271724,2026-07-15 19:05:57.157 UTC
34.217111,-118.249073,34.217111,-118.249073,2026-07-15 18:09:07.43 UTC
34.005678,-118.271724,34.005678,-118.271724,2026-07-15 18:25:09.312 UTC
34.005678,-118.271724,34.005678,-118.271724,2026-07-15 18:20:17.9 UTC
34.005678,-118.271724,34.005678,-118.271724,2026-07-15 17:34:48.141 UTC
34.005678,-118.271724,34.005678,-118.271724,2026-07-15 17:31:38.54 UTC
34.217111,-118.249073,34.005678,-118.271724,2026-07-15 20:43:18.405 UTC
34.217111,-118.249073,34.005678,-118.271724,2026-07-15 20:58:55.313 UTC
41.881509,-87.710136,41.881509,-87.710136,2026-07-15 04:52:17.154 UTC
41.881509,-87.710136,41.881509,-87.710136,2026-07-15 00:53:20.408 UTC
35.678719,139.682360,35.678719,139.682360,2026-05-18 00:54:35.175 UTC
34.153173,-118.353909,34.153173,-118.353909,2025-10-24 23:15:29.817 UTC
34.009909,-118.384882,34.042702,-118.259102,2025-09-30 15:27:26.372 UTC
34.103988,-118.277136,34.103988,-118.277136,2025-09-30 00:29:46.159 UTC
33.925579,-118.293995,33.925579,-118.293995,2025-09-07 20:51:39.182 UTC
33.885170,-118.305874,33.885170,-118.305874,2025-09-07 22:32:48.694 UTC
34.094272,-118.147641,34.094272,-118.147641,2025-09-07 21:57:01.176 UTC
34.094272,-118.147641,34.094272,-118.147641,2025-09-07 20:59:13.176 UTC
34.044208,-118.326527,51.517730,-0.045612,2026-05-12 15:37:58.164 UTC
34.009909,-118.384882,34.042702,-118.259102,2026-05-12 15:31:53.26 UTC
33.964026,-118.325040,33.964026,-118.325040,2026-05-12 15:22:35.238 UTC
34.010977,-118.386807,34.010977,-118.386807,2025-11-06 00:38:44.706 UTC
34.010977,-118.386807,34.010977,-118.386807,2025-11-06 00:17:29.871 UTC
34.099181,-118.282753,34.099181,-118.282753,2025-11-06 02:04:42.02 UTC
34.174858,-118.357122,34.174858,-118.357122,2026-02-03 19:27:54.38 UTC
33.949205,-118.186945,33.949205,-118.186945,2026-02-03 19:18:42.09 UTC
34.078136,-118.274132,34.078136,-118.274132,2026-02-03 15:49:46.091 UTC
33.925579,-118.293995,33.925579,-118.293995,2026-02-03 15:07:32.098 UTC
34.082946,-118.302228,34.082946,-118.302228,2026-02-03 15:44:11.753 UTC
34.155030,-118.410650,34.155030,-118.410650,2025-09-17 16:20:20.162 UTC
-33.859527,151.236252,-33.859527,151.236252,2025-09-17 18:26:51.169 UTC
34.073317,-118.221103,34.073317,-118.221103,2025-09-17 21:38:20.761 UTC
51.536704,-0.205926,51.536704,-0.205926,2025-09-03 15:10:18.506 UTC
40.759433,-73.984073,40.759433,-73.984073,2025-09-03 14:57:53.169 UTC
33.885170,-118.305874,33.885170,-118.305874,2026-02-14 21:53:01.604 UTC
34.094272,-118.147641,34.094272,-118.147641,2026-02-14 21:27:31.182 UTC
33.885170,-118.305874,34.094272,-118.147641,2026-02-14 04:03:32.31 UTC
40.767376,-74.051359,40.767376,-74.051359,2026-02-14 20:38:49.202 UTC
34.123204,-118.316543,34.123204,-118.316543,2026-02-14 23:43:17.125 UTC
34.013078,-118.340242,34.013078,-118.340242,2025-09-18 00:46:20.303 UTC
34.099178,-118.309377,34.099178,-118.309377,2025-09-18 01:05:26.178 UTC
34.147897,-118.149061,34.147897,-118.149061,2025-09-18 02:12:48.18 UTC
34.070277,-118.442190,34.059563,-118.202052,2026-02-08 01:33:24.23 UTC
34.200775,-118.179548,34.200775,-118.179548,2026-02-08 00:38:42.156 UTC
47.566846,-122.349461,47.566846,-122.349461,2026-02-08 00:57:26.173 UTC
33.999328,-118.084075,33.999328,-118.084075,2026-02-08 00:14:48.208 UTC
34.180102,-118.183404,34.180102,-118.183404,2026-02-08 01:15:32.416 UTC
34.200775,-118.179548,34.200775,-118.179548,2026-02-08 00:33:29.504 UTC
33.915100,-118.213283,33.915100,-118.213283,2026-02-08 01:01:01.443 UTC
34.038219,-118.188001,34.038219,-118.188001,2025-09-15 18:05:04.249 UTC
40.765753,-74.024662,40.765753,-74.024662,2025-09-15 15:04:36.632 UTC
33.991361,-118.191156,33.991361,-118.191156,2025-09-15 02:24:30.123 UTC
34.166214,-118.268331,34.166214,-118.268331,2025-09-15 14:32:15.21 UTC
35.678719,139.682360,35.678719,139.682360,2025-09-15 02:13:17.113 UTC
33.885170,-118.305874,34.013606,-118.241479,2026-02-23 23:03:37.68 UTC
34.094272,-118.147641,34.094272,-118.147641,2026-02-23 23:17:15.154 UTC
34.094272,-118.147641,34.094272,-118.147641,2026-02-23 22:37:46.187 UTC
33.885170,-118.305874,34.094272,-118.147641,2026-02-23 22:10:10.136 UTC
34.013606,-118.241479,33.885170,-118.305874,2026-02-23 21:45:54.184 UTC
34.153173,-118.353909,34.153173,-118.353909,2026-02-23 06:28:42.122 UTC
33.925579,-118.293995,34.153173,-118.353909,2026-02-23 05:20:00.276 UTC
-33.892552,151.160854,-33.892552,151.160854,2026-02-23 00:54:34.892 UTC
34.073611,-118.227268,34.073611,-118.227268,2025-09-02 18:50:20.17 UTC
47.582648,-122.361077,47.582648,-122.361077,2025-09-02 18:46:03.416 UTC
40.765753,-74.024662,40.765753,-74.024662,2025-09-02 15:06:48.737 UTC
34.172008,-118.107136,34.172008,-118.107136,2025-09-02 14:58:31.209 UTC
33.885170,-118.305874,34.094272,-118.147641,2025-10-31 04:18:58.159 UTC
34.153173,-118.353909,34.153173,-118.353909,2025-10-31 20:42:03.126 UTC
34.044208,-118.326527,34.044208,-118.326527,2025-12-16 15:17:03.177 UTC
51.527181,-0.086175,51.527181,-0.086175,2025-12-16 15:13:28.154 UTC
33.925579,-118.293995,33.925579,-118.293995,2025-12-16 14:25:31.326 UTC
40.765753,-74.024662,40.765753,-74.024662,2025-12-16 15:13:54.027 UTC
33.991361,-118.191156,33.991361,-118.191156,2025-12-27 19:18:30.214 UTC
34.094272,-118.147641,34.094272,-118.147641,2025-12-27 22:02:42.531 UTC
34.070277,-118.442190,34.059563,-118.202052,2025-12-27 00:51:34.049 UTC
34.162350,-118.192800,34.162350,-118.192800,2025-12-27 20:31:14.265 UTC
34.094272,-118.147641,34.094272,-118.147641,2025-12-27 21:43:46.686 UTC
33.925579,-118.293995,33.925579,-118.293995,2026-03-07 20:59:36.219 UTC
34.153173,-118.353909,34.153173,-118.353909,2026-03-07 20:58:03.82 UTC
47.608407,-122.397883,47.608407,-122.397883,2026-03-07 20:34:11.094 UTC
34.088171,-118.073961,34.088171,-118.073961,2026-02-25 23:36:41.243 UTC
33.934955,-118.209551,33.934955,-118.209551,2026-02-25 18:00:55.619 UTC
34.042451,-118.234238,34.042451,-118.234238,2026-02-25 14:50:21.233 UTC
34.094272,-118.147641,34.094272,-118.147641,2025-11-08 20:21:54.721 UTC
34.094272,-118.147641,34.094272,-118.147641,2025-11-08 21:05:49.306 UTC
34.094272,-118.147641,34.094272,-118.147641,2025-11-08 21:10:31.355 UTC
34.052112,-118.174091,33.922631,-118.393726,2025-11-27 00:22:17.123 UTC
34.188925,-118.188030,34.188925,-118.188030,2025-11-27 00:17:18.075 UTC
33.925579,-118.293995,33.925579,-118.293995,2025-11-18 04:40:03.275 UTC
34.094272,-118.147641,34.094272,-118.147641,2025-11-18 04:52:22.956 UTC
33.995090,-118.265737,33.929369,-118.118675,2025-11-18 18:22:27.794 UTC
33.885170,-118.305874,33.885170,-118.305874,2025-11-18 04:48:01.484 UTC
34.094272,-118.147641,34.094272,-118.147641,2025-11-18 05:00:33.65 UTC
33.925579,-118.293995,33.925579,-118.293995,2025-08-16 18:36:30.48 UTC
33.885170,-118.305874,33.885170,-118.305874,2025-08-16 16:25:18.774 UTC
34.094272,-118.147641,34.094272,-118.147641,2025-08-16 15:41:03.206 UTC
35.622736,139.655754,35.622736,139.655754,2025-08-16 17:58:44.095 UTC
34.153173,-118.353909,34.153173,-118.353909,2025-08-16 16:45:50.17 UTC
33.991361,-118.191156,33.991361,-118.191156,2026-04-05 18:39:55.44 UTC
34.117742,-118.113794,34.117742,-118.113794,2026-04-05 19:09:14.183 UTC
33.923764,-118.337440,33.923764,-118.337440,2025-09-27 19:06:57.301 UTC
35.696975,139.670408,35.696975,139.670408,2025-09-27 18:17:20.255 UTC
34.123204,-118.316543,34.123204,-118.316543,2025-09-27 01:02:56.403 UTC
33.953254,-118.326099,33.953254,-118.326099,2025-06-04 13:59:38.193 UTC
51.536704,-0.205926,51.536704,-0.205926,2026-05-08 15:30:27.176 UTC
51.527181,-0.086175,51.527181,-0.086175,2026-05-08 15:26:58.092 UTC
33.885170,-118.305874,33.885170,-118.305874,2025-05-29 01:01:32.028 UTC
33.885170,-118.305874,33.885170,-118.305874,2025-05-29 01:42:19.72 UTC
33.991361,-118.191156,33.925579,-118.293995,2025-05-29 16:50:20.245 UTC
34.177809,-118.240255,34.177809,-118.240255,2025-05-29 18:21:20.279 UTC
47.592043,-122.242105,47.592043,-122.242105,2025-05-29 20:16:15.394 UTC
35.650831,139.579905,35.650831,139.579905,2025-05-29 21:32:38.229 UTC
35.650831,139.579905,35.650831,139.579905,2025-05-29 21:32:52.178 UTC
34.179470,-118.321311,34.179470,-118.321311,2025-05-29 21:57:40.154 UTC
34.142817,-118.228017,34.142817,-118.228017,2025-05-29 21:56:07.213 UTC
33.885170,-118.305874,34.013606,-118.241479,2025-05-29 01:05:30.076 UTC
34.201146,-118.125477,34.201146,-118.125477,2026-04-20 20:07:42.349 UTC
33.889008,-118.257443,33.889008,-118.257443,2026-04-20 17:45:01.946 UTC
34.071096,-118.161395,34.071096,-118.161395,2026-04-20 17:26:30.213 UTC
47.570902,-122.281269,47.570902,-122.281269,2026-02-09 14:53:55.824 UTC
33.925579,-118.293995,33.925579,-118.293995,2026-02-09 13:01:08.211 UTC
33.983237,-118.256995,33.983237,-118.256995,2026-02-09 19:04:06.571 UTC
33.983237,-118.256995,51.540645,-0.190734,2026-02-09 19:08:21.057 UTC
33.936471,-118.378185,33.946616,-118.397781,2026-02-09 21:49:30.232 UTC
-23.530873,-46.652671,-23.530873,-46.652671,2026-02-09 23:08:56.276 UTC
34.008020,-118.215155,34.008020,-118.215155,2026-02-09 22:31:37.156 UTC
35.626409,139.676644,35.626409,139.676644,2026-02-09 23:29:24.501 UTC
33.936471,-118.378185,33.936471,-118.378185,2026-02-09 21:39:57.311 UTC
-23.541090,-46.675060,-23.541090,-46.675060,2025-12-24 04:21:10.175 UTC
33.950334,-118.278948,33.950334,-118.278948,2025-12-24 03:06:41.216 UTC
34.153173,-118.353909,34.153173,-118.353909,2025-12-24 19:12:36.027 UTC
33.885170,-118.305874,33.885170,-118.305874,2025-06-29 21:37:46.229 UTC
33.885170,-118.305874,33.885170,-118.305874,2025-06-29 22:18:44.397 UTC
34.022932,-118.188717,34.022932,-118.188717,2025-06-29 20:26:28.195 UTC
33.885170,-118.305874,34.013606,-118.241479,2025-06-29 18:49:15.256 UTC
34.094272,-118.147641,34.094272,-118.147641,2025-06-29 18:28:01.187 UTC
33.885170,-118.305874,33.885170,-118.305874,2025-06-29 17:43:41.289 UTC
33.885170,-118.305874,33.885170,-118.305874,2025-06-29 17:22:50.151 UTC
34.009909,-118.384882,34.042702,-118.259102,2026-03-03 15:00:51.262 UTC
34.153173,-118.353909,34.153173,-118.353909,2026-03-03 14:05:01.037 UTC
33.996016,-118.194012,33.996016,-118.194012,2025-12-04 19:19:26.179 UTC
33.925579,-118.293995,33.925579,-118.293995,2025-12-04 00:26:01.488 UTC
-23.532914,-46.574167,-23.532914,-46.574167,2025-10-29 15:00:17.669 UTC
34.094272,-118.147641,34.094272,-118.147641,2025-10-29 01:10:12.199 UTC
34.094272,-118.147641,34.094272,-118.147641,2025-10-29 01:49:22.276 UTC
33.885170,-118.305874,34.013606,-118.241479,2025-10-29 01:23:15.916 UTC
47.608407,-122.397883,47.608407,-122.397883,2025-08-25 00:45:12.5 UTC
34.078136,-118.274132,34.078136,-118.274132,2026-07-29 15:15:58.084 UTC
34.172008,-118.107136,34.172008,-118.107136,2026-07-29 15:10:26.148 UTC
40.765753,-74.024662,40.765753,-74.024662,2026-04-23 15:45:38.596 UTC
-23.584721,-46.669257,33.941692,-118.126358,2026-04-23 15:34:24.146 UTC
34.002059,-118.072246,34.002059,-118.072246,2026-04-23 03:35:36.964 UTC
34.082946,-118.302228,34.082946,-118.302228,2026-04-23 15:41:58.786 UTC
51.527181,-0.086175,51.527181,-0.086175,2026-08-10 15:11:11.758 UTC
34.111233,-118.196425,34.111233,-118.196425,2026-08-10 14:39:24.169 UTC
35.701414,139.678515,35.701414,139.678515,2025-10-21 19:40:00.164 UTC
-23.532914,-46.574167,-23.532914,-46.574167,2025-10-21 15:05:05.165 UTC
34.094272,-118.147641,34.094272,-118.147641,2025-10-21 00:25:16.218 UTC
34.094272,-118.147641,34.094272,-118.147641,2025-10-21 00:28:56.541 UTC
33.925579,-118.293995,34.153173,-118.353909,2025-11-28 01:55:28.135 UTC
34.094272,-118.147641,33.885170,-118.305874,2025-11-28 19:08:30.692 UTC
34.094272,-118.147641,34.094272,-118.147641,2025-11-28 18:31:19.013 UTC
34.094272,-118.147641,34.094272,-118.147641,2025-11-28 18:33:25.026 UTC
34.153173,-118.353909,34.153173,-118.353909,2025-09-12 14:11:44.248 UTC
33.996016,-118.194012,33.996016,-118.194012,2025-06-17 20:40:32.183 UTC
33.902178,-118.277965,35.616528,139.639898,2025-06-17 21:02:39.206 UTC
33.925579,-118.293995,33.925579,-118.293995,2025-06-17 03:11:11.121 UTC
34.078136,-118.274132,34.078136,-118.274132,2026-08-20 15:46:47.204 UTC
34.172008,-118.107136,34.172008,-118.107136,2026-08-20 15:38:18.329 UTC
33.994197,-118.266992,33.994197,-118.266992,2025-09-25 15:03:18.349 UTC
34.094272,-118.147641,34.094272,-118.147641,2025-09-25 02:00:36.201 UTC
33.885170,-118.305874,34.013606,-118.241479,2026-05-02 22:32:49.262 UTC
33.885170,-118.305874,33.885170,-118.305874,2026-05-02 21:51:27.963 UTC
34.094272,-118.147641,34.094272,-118.147641,2026-05-02 21:55:35.971 UTC
33.985169,-118.091595,33.985169,-118.091595,2026-05-02 20:59:24.232 UTC
51.527181,-0.086175,51.527181,-0.086175,2026-07-30 15:58:06.143 UTC
51.536704,-0.205926,51.536704,-0.205926,2025-09-04 15:03:44.007 UTC
-23.532914,-46.574167,-23.532914,-46.574167,2025-09-04 14:56:34.195 UTC
33.885170,-118.305874,33.885170,-118.305874,2025-09-04 01:18:08.694 UTC
33.885170,-118.305874,34.094272,-118.147641,2025-09-04 00:55:03.673 UTC
34.153173,-118.353909,34.153173,-118.353909,2025-09-04 02:20:52.219 UTC
33.925579,-118.293995,34.111795,-118.143366,2025-09-06 18:53:55.861 UTC
33.885170,-118.305874,33.885170,-118.305874,2025-09-06 22:49:21.741 UTC
33.885170,-118.305874,33.885170,-118.305874,2025-09-06 01:14:07.691 UTC
34.094272,-118.147641,34.094272,-118.147641,2025-09-06 19:46:52.343 UTC
34.094272,-118.147641,34.094272,-118.147641,2025-09-06 01:54:33.454 UTC
34.094272,-118.147641,34.094272,-118.147641,2025-09-06 22:52:36.797 UTC
33.885170,-118.305874,33.885170,-118.305874,2025-09-06 21:21:50.553 UTC
34.094272,-118.147641,34.094272,-118.147641,2025-09-06 02:04:39.915 UTC
34.094272,-118.147641,34.094272,-118.147641,2025-09-06 22:03:24.012 UTC
33.885170,-118.305874,33.885170,-118.305874,2026-02-28 17:14:36.262 UTC
33.885170,-118.305874,34.013606,-118.241479,2026-02-28 22:07:39.304 UTC
33.885170,-118.305874,33.885170,-118.305874,2026-02-28 17:53:59.167 UTC
33.885170,-118.305874,33.885170,-118.305874,2026-02-28 23:16:14.355 UTC
34.094272,-118.147641,34.094272,-118.147641,2026-02-28 17:39:08.152 UTC
34.094272,-118.147641,34.094272,-118.147641,2026-02-28 17:27:01.174 UTC
34.094272,-118.147641,34.094272,-118.147641,2026-02-28 19:36:55.252 UTC
34.094272,-118.147641,34.094272,-118.147641,2026-02-28 19:29:50.235 UTC
33.925579,-118.293995,34.153173,-118.353909,2026-02-28 21:13:57.833 UTC
33.998414,-118.318600,33.998414,-118.318600,2026-03-06 19:29:11.69 UTC
34.126448,-118.192110,34.126448,-118.192110,2026-03-06 15:21:08.184 UTC
34.078136,-118.274132,34.078136,-118.274132,2026-03-06 15:20:45.939 UTC
34.006693,-118.102593,34.006693,-118.102593,2026-03-06 14:49:49.391 UTC
33.885170,-118.305874,34.094272,-118.147641,2025-09-20 18:48:49.488 UTC
34.118775,-118.308349,34.118775,-118.308349,2025-09-20 17:53:00.577 UTC
34.085869,-118.050467,47.566846,-122.349461,2025-09-20 16:44:22.128 UTC
34.085869,-118.050467,34.085869,-118.050467,2025-09-20 16:11:54.191 UTC
41.855128,-87.590608,41.855128,-87.590608,2025-09-20 17:32:11.149 UTC
34.094272,-118.147641,34.094272,-118.147641,2025-09-20 01:58:16.831 UTC
33.925579,-118.293995,33.925579,-118.293995,2025-12-30 02:18:20.672 UTC
33.885170,-118.305874,34.094272,-118.147641,2025-12-30 01:55:30.829 UTC
35.622736,139.655754,35.622736,139.655754,2025-12-30 01:03:16.154 UTC
34.094272,-118.147641,34.094272,-118.147641,2025-12-30 01:36:18.241 UTC
33.885170,-118.305874,33.885170,-118.305874,2025-09-14 23:35:22.696 UTC
34.094272,-118.147641,34.094272,-118.147641,2025-09-14 23:39:14.137 UTC
33.978536,-118.145786,33.978536,-118.145786,2025-09-14 19:02:40.542 UTC
34.094272,-118.147641,34.094272,-118.147641,2025-09-14 23:18:06.663 UTC
34.078136,-118.274132,34.078136,-118.274132,2025-10-01 14:56:34.427 UTC
34.138156,-118.395074,34.138156,-118.395074,2025-10-01 14:52:10.114 UTC
34.097296,-118.196472,34.097296,-118.196472,2026-01-20 15:38:38.203 UTC
34.006693,-118.102593,34.006693,-118.102593,2026-01-20 00:43:21.234 UTC
34.173136,-118.303162,34.173136,-118.303162,2025-07-14 14:42:30.19 UTC
34.089181,-118.152011,34.089181,-118.152011,2025-07-14 02:21:24.167 UTC
33.978536,-118.145786,33.978536,-118.145786,2025-07-14 03:13:32.172 UTC
33.885170,-118.305874,33.885170,-118.305874,2025-07-27 17:38:12.837 UTC
33.885170,-118.305874,33.885170,-118.305874,2025-07-27 17:32:02.786 UTC
34.094272,-118.147641,34.094272,-118.147641,2025-07-27 16:18:27.19 UTC
35.622736,139.655754,35.622736,139.655754,2025-07-27 14:57:15.165 UTC
33.981040,-118.102815,33.981040,-118.102815,2025-07-27 22:01:03.142 UTC
34.178979,-118.155283,34.178979,-118.155283,2025-07-27 19:11:12.199 UTC
51.536704,-0.205926,51.536704,-0.205926,2025-07-09 18:46:07.169 UTC
51.523276,-0.097851,51.523276,-0.097851,2025-07-09 23:40:33.217 UTC
40.765753,-74.024662,40.765753,-74.024662,2025-07-09 18:43:27.327 UTC
34.094272,-118.147641,34.094272,-118.147641,2025-07-09 03:58:00.671 UTC
34.143489,-118.148369,34.143489,-118.148369,2025-07-09 18:41:59.214 UTC
33.925579,-118.293995,33.925579,-118.293995,2025-11-22 19:56:40.189 UTC
33.885170,-118.305874,33.885170,-118.305874,2025-11-22 17:00:42.888 UTC
34.094272,-118.147641,34.094272,-118.147641,2025-11-22 00:13:38.25 UTC
35.622736,139.655754,35.622736,139.655754,2025-11-22 16:16:14.164 UTC
34.153173,-118.353909,34.153173,-118.353909,2025-11-22 22:52:48.612 UTC
34.094272,-118.147641,34.094272,-118.147641,2025-11-22 17:34:18.526 UTC
34.009909,-118.384882,34.042702,-118.259102,2026-03-26 15:32:37.136 UTC
34.059563,-118.202052,34.059563,-118.202052,2026-03-26 14:42:18.164 UTC
34.080928,-118.341541,34.080928,-118.341541,2026-03-26 15:03:14.241 UTC
34.126448,-118.192110,34.126448,-118.192110,2026-01-13 15:26:38.976 UTC
34.082946,-118.302228,34.082946,-118.302228,2026-01-13 15:20:00.177 UTC
34.153173,-118.353909,34.153173,-118.353909,2026-01-13 23:58:12.28 UTC
34.078136,-118.274132,34.078136,-118.274132,2025-09-23 15:52:38.679 UTC
34.172008,-118.107136,34.172008,-118.107136,2025-09-23 15:46:27.187 UTC
33.898513,-118.177390,33.898513,-118.177390,2025-09-23 03:00:04.701 UTC
33.925579,-118.293995,34.153173,-118.353909,2025-09-23 01:09:58.204 UTC
34.009909,-118.384882,34.042702,-118.259102,2025-08-14 14:54:00.21 UTC
34.094272,-118.147641,34.094272,-118.147641,2025-08-14 01:49:32.472 UTC
34.094272,-118.147641,34.094272,-118.147641,2025-08-14 01:06:48.072 UTC
34.094272,-118.147641,34.094272,-118.147641,2026-06-27 21:30:30.284 UTC
33.925579,-118.293995,33.925579,-118.293995,2025-07-04 18:56:05.231 UTC
33.885170,-118.305874,34.094272,-118.147641,2025-07-04 17:46:00.196 UTC
34.094272,-118.147641,34.094272,-118.147641,2025-07-04 17:49:19.36 UTC
34.094272,-118.147641,34.094272,-118.147641,2025-07-04 17:47:33.907 UTC
33.985169,-118.091595,33.985169,-118.091595,2025-07-04 17:38:23.296 UTC
34.153173,-118.353909,34.153173,-118.353909,2025-07-04 20:03:44.159 UTC
51.536704,-0.205926,51.536704,-0.205926,2025-10-22 15:03:11.068 UTC
-23.532914,-46.574167,-23.532914,-46.574167,2025-10-22 14:51:03.14 UTC
33.925579,-118.293995,33.925579,-118.293995,2025-06-13 04:17:24.16 UTC
33.885170,-118.305874,34.094272,-118.147641,2025-06-13 03:42:23.195 UTC
51.536704,-0.205926,51.536704,-0.205926,2026-03-10 14:55:39.158 UTC
40.773541,-73.979277,33.941692,-118.126358,2026-03-10 14:38:31.191 UTC
-33.897427,151.212608,-33.897427,151.212608,2025-07-18 14:51:55.239 UTC
33.925579,-118.293995,33.925579,-118.293995,2025-07-18 14:21:43.191 UTC
34.094272,-118.147641,34.094272,-118.147641,2025-07-18 03:36:31.271 UTC
34.094272,-118.147641,34.094272,-118.147641,2025-07-18 03:30:29.587 UTC
47.570902,-122.281269,47.570902,-122.281269,2025-11-04 11:37:28.189 UTC
34.166550,-118.406889,33.983488,-118.244899,2025-11-04 11:30:28.125 UTC
33.994829,-118.422372,33.994829,-118.422372,2025-11-04 11:15:53.286 UTC
35.684024,139.717087,35.684024,139.717087,2025-11-04 19:07:35.114 UTC
34.197584,-118.219422,34.197584,-118.219422,2025-11-04 17:13:31.5 UTC
34.161391,-118.260020,34.161391,-118.260020,2025-07-22 15:10:25.3 UTC
35.678719,139.682360,35.678719,139.682360,2025-07-22 03:37:52.929 UTC
34.157536,-118.173793,34.157536,-118.173793,2025-07-22 23:27:49.226 UTC
33.885170,-118.305874,33.885170,-118.305874,2026-03-01 20:18:29.965 UTC
33.885170,-118.305874,33.885170,-118.305874,2026-03-01 20:16:54.587 UTC
33.885170,-118.305874,33.885170,-118.305874,2026-03-01 20:45:45.488 UTC
34.094272,-118.147641,34.094272,-118.147641,2026-03-01 21:08:11.27 UTC
34.094272,-118.147641,34.094272,-118.147641,2026-03-01 21:53:39.235 UTC
34.094272,-118.147641,34.094272,-118.147641,2026-03-01 22:59:19.552 UTC
34.094272,-118.147641,34.094272,-118.147641,2026-03-01 17:17:00.042 UTC
33.985169,-118.091595,33.985169,-118.091595,2026-03-01 17:11:47.187 UTC
33.885170,-118.305874,33.885170,-118.305874,2026-03-01 21:28:57.57 UTC
34.094272,-118.147641,34.094272,-118.147641,2026-03-01 18:32:04.886 UTC
34.094272,-118.147641,34.094272,-118.147641,2025-09-21 18:29:22.111 UTC
34.183920,-118.293688,34.183920,-118.293688,2025-09-21 16:03:24.21 UTC
33.898513,-118.177390,33.898513,-118.177390,2025-09-21 15:47:15.204 UTC
33.915100,-118.213283,33.915100,-118.213283,2025-09-21 17:17:55.21 UTC
35.678719,139.682360,35.678719,139.682360,2025-09-21 15:33:24.185 UTC
33.915100,-118.213283,33.915100,-118.213283,2025-09-21 17:08:19.866 UTC
51.527181,-0.086175,51.527181,-0.086175,2026-01-09 15:28:01.153 UTC
34.011629,-118.374891,34.011629,-118.374891,2025-06-27 19:45:47.356 UTC
33.885170,-118.305874,34.013606,-118.241479,2025-06-27 01:41:38.678 UTC
33.885170,-118.305874,34.094272,-118.147641,2025-06-27 01:44:30.651 UTC
34.123204,-118.316543,34.123204,-118.316543,2025-06-27 23:54:57.463 UTC
34.073611,-118.227268,34.073611,-118.227268,2025-08-22 18:56:06.162 UTC
34.199692,-118.309318,34.199692,-118.309318,2025-08-22 19:01:48.101 UTC
34.140258,-118.327547,33.894176,-118.186792,2025-08-22 19:39:27.108 UTC
34.172802,-118.309773,34.011629,-118.374891,2025-08-22 19:50:38.956 UTC
33.994197,-118.266992,33.994197,-118.266992,2025-08-22 22:14:47.109 UTC
-23.532914,-46.574167,-23.532914,-46.574167,2025-08-22 14:52:18.101 UTC
33.885170,-118.305874,33.885170,-118.305874,2025-08-22 01:36:35.886 UTC
34.094272,-118.147641,34.094272,-118.147641,2025-08-22 01:16:24.482 UTC
34.153173,-118.353909,34.153173,-118.353909,2025-08-22 00:12:43.575 UTC
33.885170,-118.305874,33.885170,-118.305874,2025-12-13 23:16:59.803 UTC
34.094272,-118.147641,34.094272,-118.147641,2025-12-13 22:40:47.983 UTC
34.094272,-118.147641,34.094272,-118.147641,2025-12-13 23:38:51.581 UTC
34.094272,-118.147641,34.094272,-118.147641,2025-12-13 22:41:56.591 UTC
34.041879,-118.367953,34.041879,-118.367953,2026-01-25 20:13:18.176 UTC
33.965408,-118.128917,33.965408,-118.128917,2025-06-09 15:33:43.144 UTC
41.903717,-87.616502,41.903717,-87.616502,2025-06-09 17:08:14.279 UTC
33.998414,-118.318600,33.998414,-118.318600,2025-11-21 20:44:19.197 UTC
33.965408,-118.128917,33.965408,-118.128917,2025-11-21 15:52:38.261 UTC
33.925579,-118.293995,33.925579,-118.293995,2025-11-21 03:46:35.185 UTC
34.094272,-118.147641,34.094272,-118.147641,2025-11-21 23:39:42.922 UTC
34.153173,-118.353909,34.153173,-118.353909,2025-11-21 03:43:50.19 UTC
34.094272,-118.147641,34.094272,-118.147641,2025-11-21 23:21:26.998 UTC
34.153173,-118.353909,34.153173,-118.353909,2025-06-10 02:35:04.675 UTC
33.947898,-118.189469,33.947898,-118.189469,2026-02-20 03:07:18.596 UTC
33.947898,-118.189469,33.947898,-118.189469,2026-02-20 01:46:39.709 UTC
33.947898,-118.189469,33.947898,-118.189469,2026-02-20 03:40:31.175 UTC
-23.542129,-46.584765,-23.542129,-46.584765,2026-02-20 04:12:32.158 UTC
34.060924,-118.297290,34.060924,-118.297290,2026-02-20 01:25:54.296 UTC
33.904623,-118.195406,33.904623,-118.195406,2026-02-20 04:13:02.147 UTC
34.039214,-118.352988,34.028445,-118.406902,2026-02-20 04:17:50.187 UTC
34.029086,-118.291055,34.029086,-118.291055,2026-02-20 20:35:03.341 UTC
34.029086,-118.291055,34.029086,-118.291055,2026-02-20 23:23:52.305 UTC
40.785260,-74.020541,40.785260,-74.020541,2026-02-20 16:30:53.196 UTC
41.920536,-87.585560,41.920536,-87.585560,2026-02-20 16:37:45.147 UTC
35.627507,139.614475,35.627507,139.614475,2026-02-20 16:57:19.496 UTC
33.925737,-118.174453,33.925737,-118.174453,2026-02-20 21:36:56.639 UTC
33.925737,-118.174453,34.192718,-118.351012,2026-02-20 21:48:00.119 UTC
34.192718,-118.351012,34.192718,-118.351012,2026-02-20 19:04:04.092 UTC
34.192718,-118.351012,34.192718,-118.351012,2026-02-20 19:15:25.183 UTC
34.192718,-118.351012,34.192718,-118.351012,2026-02-20 19:36:12.271 UTC
34.192718,-118.351012,34.192718,-118.351012,2026-02-20 18:10:05.524 UTC
34.192718,-118.351012,34.192718,-118.351012,2026-02-20 22:15:38.674 UTC
34.192718,-118.351012,34.192718,-118.351012,2026-02-20 18:58:44.614 UTC
34.192718,-118.351012,34.192718,-118.351012,2026-02-20 18:53:14.193 UTC
34.030026,-118.141946,34.030026,-118.141946,2026-02-20 20:19:35.135 UTC
34.030026,-118.141946,34.030026,-118.141946,2026-02-20 20:02:37.168 UTC
34.030026,-118.141946,34.030026,-118.141946,2026-02-20 19:53:52.596 UTC
34.030026,-118.141946,34.030026,-118.141946,2026-02-20 20:19:42.504 UTC
34.155949,-118.343237,34.155949,-118.343237,2026-02-20 04:37:17.218 UTC
34.186470,-118.269261,34.186470,-118.269261,2026-02-20 01:08:40.543 UTC
33.894563,-118.149742,33.894563,-118.149742,2026-02-20 01:13:56.679 UTC
34.030026,-118.141946,34.029086,-118.291055,2026-02-20 23:45:25.328 UTC
34.155949,-118.343237,34.155949,-118.343237,2026-02-20 00:00:02.42 UTC
40.759433,-73.984073,40.759433,-73.984073,2026-01-08 14:48:54.229 UTC
34.153173,-118.353909,34.153173,-118.353909,2026-01-08 14:14:03.662 UTC
34.023547,-118.062279,34.023547,-118.062279,2025-06-11 05:52:40.975 UTC
41.839622,-87.697470,41.839622,-87.697470,2025-06-11 06:04:39.165 UTC
34.081897,-118.445067,34.081897,-118.445067,2025-06-11 04:28:49.512 UTC
34.099178,-118.309377,34.013078,-118.340242,2025-06-11 03:02:06.62 UTC
34.081897,-118.445067,34.081897,-118.445067,2025-06-11 06:37:38.947 UTC
33.925579,-118.293995,33.925579,-118.293995,2025-06-28 19:31:04.249 UTC
34.013606,-118.241479,34.013606,-118.241479,2025-06-28 21:07:12.664 UTC
34.013606,-118.241479,33.885170,-118.305874,2025-06-28 20:59:33.23 UTC
33.885170,-118.305874,33.885170,-118.305874,2025-06-28 21:38:20.889 UTC
33.885170,-118.305874,33.885170,-118.305874,2025-06-28 22:47:31.124 UTC
34.094272,-118.147641,33.885170,-118.305874,2025-06-28 17:09:23.672 UTC
33.885170,-118.305874,33.885170,-118.305874,2025-06-28 21:46:47.167 UTC
34.094272,-118.147641,34.094272,-118.147641,2025-06-28 01:46:49.171 UTC
34.094272,-118.147641,34.094272,-118.147641,2025-06-28 21:27:33.25 UTC
34.094272,-118.147641,34.094272,-118.147641,2025-06-28 21:29:34.89 UTC
35.622736,139.655754,35.622736,139.655754,2025-06-28 00:55:51.176 UTC
34.009909,-118.384882,34.042702,-118.259102,2026-08-12 15:13:58.22 UTC
33.885170,-118.305874,33.885170,-118.305874,2026-08-01 22:37:24.625 UTC
33.885170,-118.305874,33.885170,-118.305874,2026-08-01 22:18:55.782 UTC
34.094272,-118.147641,34.094272,-118.147641,2026-08-01 23:27:00.4 UTC
34.044208,-118.326527,34.044208,-118.326527,2026-08-12 23:41:25.343 UTC
34.186451,-118.364244,34.186451,-118.364244,2026-05-01 15:22:37.207 UTC
34.123204,-118.316543,34.123204,-118.316543,2025-11-26 19:21:24.758 UTC
34.094272,-118.147641,34.094272,-118.147641,2025-12-20 04:33:41.46 UTC
34.155949,-118.343237,34.155949,-118.343237,2026-02-19 23:25:31.357 UTC
34.058418,-118.245637,34.058418,-118.245637,2025-10-30 14:47:23.893 UTC
33.885170,-118.305874,33.885170,-118.305874,2025-10-30 01:45:59.221 UTC
34.094272,-118.147641,34.094272,-118.147641,2025-10-30 01:33:16.708 UTC
34.094272,-118.147641,34.094272,-118.147641,2025-10-30 01:26:59.228 UTC
34.126448,-118.192110,34.126448,-118.192110,2026-02-04 15:48:41.483 UTC
33.925579,-118.293995,33.925579,-118.293995,2026-02-04 15:05:01.161 UTC
34.153173,-118.353909,34.123204,-118.316543,2026-02-04 15:05:50.168 UTC
51.536704,-0.205926,51.536704,-0.205926,2026-02-04 15:51:24.486 UTC
33.925579,-118.293995,33.925579,-118.293995,2026-04-06 15:02:57.863 UTC
34.172802,-118.309773,34.011629,-118.374891,2025-08-20 18:42:37.16 UTC
34.042702,-118.259102,34.042702,-118.259102,2025-08-20 15:04:21.164 UTC
34.094272,-118.147641,34.001331,-118.042472,2025-08-20 02:13:06.413 UTC
34.094272,-118.147641,34.094272,-118.147641,2025-08-20 02:01:16.092 UTC
34.094272,-118.147641,34.094272,-118.147641,2025-08-20 02:26:33.964 UTC
34.153173,-118.353909,34.153173,-118.353909,2025-08-20 14:09:05.225 UTC
35.704262,139.581471,35.704262,139.581471,2026-01-23 18:47:45.812 UTC
33.965408,-118.128917,33.965408,-118.128917,2026-01-23 23:15:08.193 UTC
33.977488,-118.183072,34.012878,-118.190516,2026-01-23 03:21:41.049 UTC
33.931810,-118.368394,33.931810,-118.368394,2026-01-23 02:58:32.849 UTC
34.161391,-118.260020,51.523276,-0.097851,2026-01-12 23:21:35.199 UTC
34.172008,-118.107136,34.172008,-118.107136,2026-01-12 15:08:52.143 UTC
-33.823765,151.207888,-33.823765,151.207888,2025-11-02 03:49:58.193 UTC
34.094272,-118.147641,34.094272,-118.147641,2026-01-02 22:54:25.461 UTC
34.094272,-118.147641,34.094272,-118.147641,2026-01-02 22:58:34.227 UTC
34.094272,-118.147641,34.094272,-118.147641,2026-01-02 23:03:59.862 UTC
34.016032,-118.260311,34.016032,-118.260311,2026-01-02 20:13:29.321 UTC
33.885170,-118.305874,33.885170,-118.305874,2026-01-02 22:00:16.994 UTC
34.009909,-118.384882,34.042702,-118.259102,2026-04-07 15:42:04.648 UTC
34.094272,-118.147641,34.094272,-118.147641,2025-11-16 23:04:52.292 UTC
33.885170,-118.305874,33.885170,-118.305874,2025-11-16 23:51:49.266 UTC
33.885170,-118.305874,33.885170,-118.305874,2025-11-16 22:21:00.166 UTC
34.153173,-118.353909,34.153173,-118.353909,2025-11-16 21:23:50.229 UTC
47.608407,-122.397883,47.608407,-122.397883,2025-11-16 20:50:48.508 UTC
34.094272,-118.147641,33.885170,-118.305874,2025-11-16 19:41:51.19 UTC
47.608407,-122.397883,47.608407,-122.397883,2025-11-16 20:24:20.029 UTC
34.094272,-118.147641,34.094272,-118.147641,2025-11-16 19:13:52.18 UTC
34.094272,-118.147641,33.885170,-118.305874,2025-11-16 18:54:41.588 UTC
33.885170,-118.305874,34.094272,-118.147641,2025-11-16 01:02:37.653 UTC
34.094272,-118.147641,34.094272,-118.147641,2025-11-16 00:15:26.478 UTC
33.885170,-118.305874,33.885170,-118.305874,2025-11-16 17:25:30.185 UTC
33.885170,-118.305874,33.885170,-118.305874,2025-11-16 17:02:20.494 UTC
33.875444,-118.211008,33.875444,-118.211008,2026-07-04 23:28:11.171 UTC
34.153173,-118.353909,34.153173,-118.353909,2026-07-04 04:15:00.236 UTC
33.980075,-118.148706,33.980075,-118.148706,2026-07-04 03:26:38.226 UTC
34.094272,-118.147641,34.094272,-118.147641,2025-07-11 04:06:11.15 UTC
33.913080,-118.193290,33.913080,-118.193290,2025-07-11 14:16:05.172 UTC