Friend's codename	Date of friendship start	Date of first Niantic friendship start	Friendship initiated by	Friendship Source	Originating Game (If source is Friend Graph)	Nickname	Games they are Friends in
LuckyTrainer473	2021-06-23T20:09:25.206Z	2021-06-23T20:09:25.206Z	Friend	FRIEND_INVITE	pgo		niasocial, pgo
BraveMaverick101	2021-07-05T05:50:03.694Z	2021-07-05T05:50:03.694Z	Friend	FRIEND_INVITE	pgo		pgo
ThunderSage466	2021-07-05T14:00:05.515Z	2021-07-05T14:00:05.515Z	Friend	FRIEND_INVITE	pgo		niasocial, pgo
WildComet287	2022-03-28T10:34:32.710Z	2022-03-28T10:34:32.718Z	You	FRIEND_INVITE	pgo		niasocial, pgo
ThunderPioneer812	2022-03-28T20:35:27.373Z	2022-03-28T20:35:27.374Z	Friend	FRIEND_INVITE	pgo		niasocial, pgo
EmberRaptor892	2022-03-29T14:36:03.235Z	2022-03-29T14:36:03.237Z	Friend	FRIEND_INVITE	pgo		niasocial, pgo
SwiftWanderer138	2022-04-11T05:30:11.114Z	2022-04-11T05:30:11.121Z	You	FRIEND_INVITE	pgo		niasocial, pgo
ThunderRaptor336	2022-09-03T04:01:58.137Z	2022-09-03T04:01:58.138Z	Friend	FRIEND_INVITE	pgo		niasocial, pgo
LuckySage335	2022-09-03T04:03:33.243Z	2022-09-03T04:03:33.252Z	You	FRIEND_INVITE	pgo		niasocial, pgo
MightySage810	2022-09-14T23:02:27.127Z	2022-09-14T23:02:27.128Z	Friend	FRIEND_INVITE	pgo		niasocial, pgo
SwiftPioneer954	2024-02-22T02:48:28.943Z	2024-02-22T02:48:28.916Z	Friend	FRIEND_INVITE	pgo		niasocial, pgo
SolarFalcon308	2024-02-22T20:42:54.340Z	2024-02-22T20:42:54.295Z	You	FRIEND_GRAPH	niasocial		niasocial, pgo
TurboCharizard211	2024-02-23T22:03:43.119Z	2024-02-23T22:03:43.093Z	You	FRIEND_INVITE	pgo		niasocial, pgo
SolarTracker744	2024-02-24T20:27:07.607Z	2024-02-24T20:27:07.588Z	You	FRIEND_GRAPH	niasocial		niasocial, pgo
LuckyRanger316	2024-02-24T20:47:42.483Z	2024-02-24T20:47:42.463Z	You	FRIEND_INVITE	pgo		niasocial, pgo
LunarNomad369	2024-02-24T21:12:45.819Z	2024-02-24T21:12:45.797Z	Friend	FRIEND_INVITE	pgo		niasocial, pgo
RadiantStriker478	2024-02-24T21:12:46.769Z	2024-02-24T21:12:46.754Z	You	FRIEND_INVITE	pgo		niasocial, pgo
ShadowRanger773	2024-02-24T21:14:35.711Z	2024-02-24T21:14:35.691Z	You	FRIEND_INVITE	pgo		niasocial, pgo
FrostNomad352	2024-02-24T21:34:10.480Z	2024-02-24T21:34:10.454Z	You	FRIEND_INVITE	pgo		niasocial, pgo
RadiantTracker291	2024-02-24T22:05:43.539Z	2024-02-24T22:05:43.512Z	You	FRIEND_INVITE	pgo		niasocial, pgo
LuckyHunter148	2024-02-25T00:53:14.964Z	2024-02-25T00:53:14.947Z	You	FRIEND_INVITE	pgo		niasocial, pgo
LunarPioneer206	2024-02-25T01:04:46.092Z	2024-02-25T01:04:46.076Z	You	FRIEND_INVITE	pgo		niasocial, pgo
IronCharizard784	2024-02-26T00:17:50.154Z	2024-02-26T00:17:50.136Z	You	FRIEND_INVITE	pgo		niasocial, pgo
CrystalPioneer218	2024-02-26T00:17:52.228Z	2024-02-26T00:17:52.205Z	Friend	FRIEND_INVITE	pgo		niasocial, pgo
EmberDragon945	2024-02-26T00:21:01.095Z	2024-02-26T00:21:01.074Z	Friend	FRIEND_INVITE	pgo		niasocial, pgo
SwiftComet828	2024-02-26T01:09:52.734Z	2024-02-26T01:09:52.718Z	You	FRIEND_INVITE	pgo		niasocial, pgo
SwiftStriker533	2024-02-26T05:04:27.491Z	2024-02-26T05:04:27.468Z	You	FRIEND_INVITE	pgo		niasocial, pgo
SolarComet120	2024-02-27T04:47:51.576Z	2024-02-27T04:47:51.551Z	You	FRIEND_INVITE	pgo		niasocial, pgo
ThunderStriker553	2024-03-31T17:45:56.911Z	2024-03-31T17:45:56.887Z	Friend	FRIEND_INVITE	pgo		niasocial, pgo
BraveCharizard457	2024-03-31T17:58:43.162Z	2024-03-31T17:58:43.142Z	You	FRIEND_INVITE	pgo		niasocial, pgo
CrimsonPikachu829	2024-03-31T18:06:11.947Z	2024-03-31T18:06:11.923Z	You	FRIEND_INVITE	pgo		niasocial, pgo
SwiftNomad990	2024-03-31T18:10:38.927Z	2024-03-31T18:10:38.908Z	You	FRIEND_INVITE	pgo		niasocial, pgo
MightyAce751	2024-03-31T18:36:24.245Z	2024-03-31T18:36:24.227Z	You	FRIEND_INVITE	pgo		niasocial, pgo
TurboScout461	2024-04-08T02:01:42.525Z	2024-04-08T02:01:42.496Z	You	FRIEND_GRAPH	niasocial		niasocial, pgo
RadiantPioneer814	2024-04-11T20:52:30.903Z	2024-04-11T20:52:30.882Z	You	FRIEND_GRAPH	niasocial		niasocial, pgo
LuckyMaverick108	2024-04-13T20:19:01.705Z	2024-04-13T20:19:01.682Z	You	FRIEND_GRAPH	niasocial		niasocial, pgo
SolarComet353	2024-04-13T22:08:20.661Z	2024-04-13T22:08:20.638Z	You	FRIEND_INVITE	pgo		niasocial, pgo
MightyNomad121	2024-04-13T22:52:41.775Z	2024-04-13T22:52:41.757Z	You	FRIEND_INVITE	pgo		niasocial, pgo
ThunderHunter682	2024-04-17T03:12:51.286Z	2024-04-17T03:12:51.272Z	You	FRIEND_GRAPH	niasocial		niasocial, pgo
GoldenPikachu737	2024-04-18T01:05:33.191Z	2024-04-18T01:05:33.173Z	Friend	FRIEND_GRAPH	niasocial		niasocial, pgo
MightyVoyager530	2024-04-18T01:18:52.014Z	2024-04-18T01:18:51.996Z	You	FRIEND_INVITE	pgo		niasocial, pgo
GoldenCharizard325	2024-04-18T01:34:50.621Z	2024-04-18T01:34:50.605Z	You	FRIEND_GRAPH	niasocial		niasocial, pgo
CrystalRaptor125	2024-04-18T01:39:54.657Z	2024-04-18T01:39:54.637Z	You	FRIEND_INVITE	pgo		niasocial, pgo
TurboPioneer951	2024-05-09T01:23:21.169Z	2024-05-09T01:23:21.149Z	You	FRIEND_GRAPH	niasocial		niasocial, pgo
ElectricHunter988	2024-05-25T18:02:56.401Z	2024-05-25T18:02:56.378Z	You	FRIEND_GRAPH	niasocial		niasocial, pgo
FrostSage669	2024-05-25T19:37:25.583Z	2024-05-25T19:37:25.562Z	Friend	FRIEND_INVITE	pgo		niasocial, pgo
FrostComet886	2024-05-25T19:37:26.751Z	2024-05-25T19:37:26.730Z	Friend	FRIEND_INVITE	pgo		niasocial, pgo
IronPikachu224	2024-05-25T22:38:41.785Z	2024-05-25T22:38:41.759Z	Friend	FRIEND_INVITE	pgo		niasocial, pgo
IronAce373	2024-05-25T22:38:43.015Z	2024-05-25T22:38:42.987Z	Friend	FRIEND_INVITE	pgo		niasocial, pgo
ShadowPikachu289	2024-05-25T22:52:27.411Z	2024-05-25T22:52:27.392Z	Friend	FRIEND_INVITE	pgo		niasocial, pgo
CrimsonHunter558	2024-05-25T23:28:04.729Z	2024-05-25T23:28:04.709Z	Friend	FRIEND_INVITE	pgo		niasocial, pgo
ShadowAce847	2024-05-27T00:25:24.799Z	2024-05-27T00:25:24.770Z	Friend	FRIEND_INVITE	pgo		niasocial, pgo
EmberRanger314	2024-05-27T00:25:25.936Z	2024-05-27T00:25:25.900Z	Friend	FRIEND_INVITE	pgo		niasocial, pgo
ElectricCharizard369	2024-05-28T19:46:35.805Z	2024-05-28T19:46:35.777Z	Friend	FRIEND_INVITE	pgo		niasocial, pgo
SwiftSage643	2024-05-28T23:42:48.570Z	2024-05-28T23:42:48.546Z	Friend	FRIEND_INVITE	pgo		niasocial, pgo
SwiftPikachu598	2024-05-29T00:03:26.578Z	2024-05-29T00:03:26.553Z	Friend	FRIEND_INVITE	pgo		niasocial, pgo
FrostSage977	2024-05-29T00:03:27.374Z	2024-05-29T00:03:27.347Z	Friend	FRIEND_INVITE	pgo		niasocial, pgo
ShadowMaverick661	2024-05-29T00:03:30.642Z	2024-05-29T00:03:30.621Z	Friend	FRIEND_INVITE	pgo		niasocial, pgo
ThunderPikachu399	2024-05-29T22:10:35.279Z	2024-05-29T22:10:35.188Z	Friend	FRIEND_INVITE	pgo		niasocial, pgo
SolarHunter992	2024-05-30T01:36:51.745Z	2024-05-30T01:36:51.722Z	Friend	FRIEND_INVITE	pgo		niasocial, pgo
GoldenAce816	2024-05-30T01:49:59.021Z	2024-05-30T01:49:59.003Z	Friend	FRIEND_INVITE	pgo		niasocial, pgo
WildVoyager732	2024-05-30T21:43:30.640Z	2024-05-30T21:43:30.618Z	Friend	FRIEND_INVITE	pgo		niasocial, pgo
IronTracker747	2024-05-30T21:43:33.566Z	2024-05-30T21:43:33.545Z	Friend	FRIEND_INVITE	pgo		niasocial, pgo
ShadowPikachu224	2024-05-30T22:17:18.586Z	2024-05-30T22:17:18.561Z	Friend	FRIEND_INVITE	pgo		niasocial, pgo
LuckyTracker782	2024-05-30T22:17:21.629Z	2024-05-30T22:17:21.601Z	Friend	FRIEND_INVITE	pgo		niasocial, pgo
SolarHunter991	2024-05-30T22:17:22.165Z	2024-05-30T22:17:22.133Z	Friend	FRIEND_INVITE	pgo		niasocial, pgo
CosmicScout479	2024-05-31T17:08:01.216Z	2024-05-31T17:08:01.194Z	Friend	FRIEND_INVITE	pgo		niasocial, pgo
CosmicDragon767	2024-05-31T17:08:03.620Z	2024-05-31T17:08:03.593Z	Friend	FRIEND_INVITE	pgo		niasocial, pgo
CosmicWanderer179	2024-05-31T18:09:21.323Z	2024-05-31T18:09:21.304Z	Friend	FRIEND_INVITE	pgo		niasocial, pgo
ElectricScout903	2024-05-31T18:09:29.714Z	2024-05-31T18:09:29.693Z	Friend	FRIEND_INVITE	pgo		niasocial, pgo
RadiantHunter265	2024-05-31T18:30:03.226Z	2024-05-31T18:30:03.194Z	Friend	FRIEND_INVITE	pgo		niasocial, pgo
BraveHunter475	2024-05-31T18:40:48.416Z	2024-05-31T18:40:48.395Z	Friend	FRIEND_INVITE	pgo		niasocial, pgo
WildRanger694	2024-05-31T18:57:05.371Z	2024-05-31T18:57:05.345Z	Friend	FRIEND_INVITE	pgo		niasocial, pgo
TurboPikachu291	2024-06-10T01:25:39.463Z	2024-06-10T01:25:39.438Z	Friend	FRIEND_INVITE	pgo		niasocial, pgo
LuckyComet265	2024-06-13T02:59:32.946Z	2024-06-13T02:59:32.908Z	You	FRIEND_INVITE	pgo		niasocial, pgo
TurboWanderer648	2024-06-19T12:24:51.299Z	2024-06-19T12:24:51.263Z	You	FRIEND_GRAPH	niasocial		niasocial, pgo
CosmicVoyager897	2024-06-29T19:24:49.860Z	2024-06-29T19:24:49.829Z	Friend	FRIEND_INVITE	pgo		niasocial, pgo
MysticVoyager671	2024-06-29T19:24:50.705Z	2024-06-29T19:24:50.683Z	Friend	FRIEND_INVITE	pgo		niasocial, pgo
EmberRanger675	2024-06-30T00:37:26.559Z	2024-06-30T00:37:26.532Z	You	FRIEND_INVITE	pgo		niasocial, pgo
RadiantRaptor930	2024-06-30T00:37:28.247Z	2024-06-30T00:37:28.225Z	Friend	FRIEND_INVITE	pgo		niasocial, pgo
IronPikachu504	2024-06-30T00:51:10.640Z	2024-06-30T00:51:10.615Z	Friend	FRIEND_INVITE	pgo		niasocial, pgo
EmberFalcon893	2024-06-30T00:59:38.247Z	2024-06-30T00:59:38.226Z	Friend	FRIEND_GRAPH	niasocial		niasocial, pgo
MysticRaptor426	2024-06-30T01:10:10.187Z	2024-06-30T01:10:10.160Z	Friend	FRIEND_INVITE	pgo		niasocial, pgo
CrimsonFalcon736	2024-07-01T01:29:11.092Z	2024-07-01T01:29:11.058Z	Friend	FRIEND_INVITE	pgo		niasocial, pgo
RadiantTracker692	2024-07-01T03:09:27.963Z	2024-07-01T03:09:27.939Z	You	FRIEND_GRAPH	niasocial		niasocial, pgo
RadiantWanderer288	2024-07-01T03:54:53.913Z	2024-07-01T03:54:53.886Z	You	FRIEND_GRAPH	niasocial		niasocial, pgo
SwiftMaverick837	2024-07-01T04:32:16.476Z	2024-07-01T04:32:16.451Z	You	FRIEND_GRAPH	niasocial		niasocial, pgo
MightyVoyager414	2024-07-06T03:10:44.905Z	2024-07-06T03:10:44.878Z	Friend	FRIEND_INVITE	pgo		niasocial, pgo
ThunderStriker872	2024-07-08T13:59:41.090Z	2024-07-08T13:59:41.058Z	Friend	FRIEND_GRAPH	niasocial		niasocial, pgo
ShadowHunter424	2024-07-08T20:44:29.621Z	2024-07-08T20:44:29.582Z	Friend	FRIEND_INVITE	pgo		niasocial, pgo
MightyComet470	2024-07-09T01:02:20.110Z	2024-07-09T01:02:20.083Z	You	FRIEND_INVITE	pgo		niasocial, pgo
TurboRanger519	2024-07-09T01:02:25Z	2024-07-09T01:02:24.978Z	You	FRIEND_INVITE	pgo		niasocial, pgo
BraveHunter114	2024-07-09T01:46:12.959Z	2024-07-09T01:46:12.936Z	You	FRIEND_INVITE	pgo		niasocial, pgo
CrimsonRaptor535	2024-07-09T02:11:18.834Z	2024-07-09T02:11:18.807Z	Friend	FRIEND_INVITE	pgo		niasocial, pgo
ElectricAce513	2024-07-09T02:11:21.095Z	2024-07-09T02:11:21.057Z	Friend	FRIEND_INVITE	pgo		niasocial, pgo
BraveStriker986	2024-07-10T18:12:22.474Z	2024-07-10T18:12:22.477Z	Friend	FRIEND_INVITE	pgo		niasocial, pgo
LuckyComet479	2024-07-10T20:53:54.298Z	2024-07-10T20:53:54.271Z	Friend	FRIEND_INVITE	pgo		niasocial, pgo
ThunderPhoenix568	2024-07-11T02:00:58.638Z	2024-07-11T02:00:58.609Z	You	FRIEND_INVITE	pgo		niasocial, pgo
ElectricVoyager697	2024-07-11T02:01:40.168Z	2024-07-11T02:01:40.147Z	You	FRIEND_INVITE	pgo		niasocial, pgo
CosmicNomad804	2024-07-12T01:00:21.616Z	2024-07-12T01:00:21.591Z	Friend	FRIEND_INVITE	pgo		niasocial, pgo
ElectricPikachu726	2024-07-13T01:53:32.449Z	2024-07-13T01:53:32.427Z	You	FRIEND_INVITE	pgo		niasocial, pgo
IronStriker505	2024-07-13T17:26:33.816Z	2024-07-13T17:26:33.782Z	Friend	FRIEND_INVITE	pgo		niasocial, pgo
IronFalcon137	2024-07-13T17:31:51.814Z	2024-07-13T17:31:51.782Z	Friend	FRIEND_INVITE	pgo		niasocial, pgo
IronCharizard612	2024-07-13T17:42:57.824Z	2024-07-13T17:42:57.798Z	Friend	FRIEND_INVITE	pgo		niasocial, pgo
MysticStriker768	2024-07-13T18:17:35.623Z	2024-07-13T18:17:35.603Z	You	FRIEND_INVITE	pgo		niasocial, pgo
CrystalFalcon901	2024-07-13T18:48:59.535Z	2024-07-13T18:48:59.511Z	You	FRIEND_INVITE	pgo		niasocial, pgo
GoldenStriker449	2024-07-13T19:10:42.217Z	2024-07-13T19:10:42.187Z	You	FRIEND_INVITE	pgo		niasocial, pgo
ThunderCharizard551	2024-07-13T19:45:59.731Z	2024-07-13T19:45:59.707Z	You	FRIEND_INVITE	pgo		niasocial, pgo
MightyRaptor512	2024-07-13T20:07:17.880Z	2024-07-13T20:07:17.859Z	You	FRIEND_INVITE	pgo		niasocial, pgo
EmberCharizard160	2024-07-13T20:15:39.866Z	2024-07-13T20:15:39.840Z	You	FRIEND_INVITE	pgo		niasocial, pgo
GoldenWanderer491	2024-07-13T22:57:37.779Z	2024-07-13T22:57:37.759Z	You	FRIEND_INVITE	pgo		niasocial, pgo
EmberTracker379	2024-07-14T17:53:59.967Z	2024-07-14T17:53:59.945Z	Friend	FRIEND_INVITE	pgo		niasocial, pgo
FrostCharizard773	2024-07-14T18:30:52.527Z	2024-07-14T18:30:52.505Z	You	FRIEND_INVITE	pgo		niasocial, pgo
WildNomad379	2024-07-14T22:29:45.164Z	2024-07-14T22:29:45.128Z	Friend	FRIEND_INVITE	pgo		niasocial, pgo
IronAce907	2024-07-15T00:25:45.162Z	2024-07-15T00:25:45.140Z	You	FRIEND_INVITE	pgo		niasocial, pgo
SwiftComet279	2024-07-27T18:50:21.923Z	2024-07-27T18:50:21.894Z	You	FRIEND_INVITE	pgo		niasocial, pgo
WildVoyager869	2024-07-27T20:04:29.750Z	2024-07-27T20:04:29.713Z	Friend	FRIEND_INVITE	pgo		niasocial, pgo
WildCharizard323	2024-08-03T18:22:07.937Z	2024-08-03T18:22:07.912Z	Friend	FRIEND_INVITE	pgo		niasocial, pgo
ThunderAce206	2024-08-03T18:27:23.724Z	2024-08-03T18:27:23.697Z	You	FRIEND_INVITE	pgo		niasocial, pgo
IronFalcon528	2024-08-03T18:34:33.111Z	2024-08-03T18:34:33.082Z	You	FRIEND_INVITE	pgo		niasocial, pgo
ElectricScout144	2024-08-03T19:46:08.947Z	2024-08-03T19:46:08.923Z	You	FRIEND_INVITE	pgo		niasocial, pgo
FrostPikachu932	2024-08-03T20:22:47.163Z	2024-08-03T20:22:47.137Z	You	FRIEND_INVITE	pgo		niasocial, pgo
LuckyWanderer662	2024-08-03T20:27:24.827Z	2024-08-03T20:27:24.797Z	You	FRIEND_INVITE	pgo		niasocial, pgo
ElectricFalcon210	2024-08-04T23:38:02.218Z	2024-08-04T23:38:02.186Z	You	FRIEND_GRAPH	niasocial		niasocial, pgo
SwiftAce589	2024-08-08T16:26:55.616Z	2024-08-08T16:26:55.580Z	You	FRIEND_GRAPH	niasocial		niasocial, pgo
TurboTracker359	2024-08-10T18:27:09.755Z	2024-08-10T18:27:09.722Z	You	FRIEND_INVITE	pgo		niasocial, pgo
ElectricFalcon140	2024-08-10T18:52:35.263Z	2024-08-10T18:52:35.227Z	Friend	FRIEND_INVITE	pgo		niasocial, pgo
SolarDragon800	2024-08-10T20:50:47.072Z	2024-08-10T20:50:47.035Z	You	FRIEND_INVITE	pgo		niasocial, pgo
EmberCharizard636	2024-08-10T21:50:49.576Z	2024-08-10T21:50:49.536Z	You	FRIEND_INVITE	pgo		niasocial, pgo
ElectricPikachu958	2024-08-11T18:46:53.854Z	2024-08-11T18:46:53.818Z	You	FRIEND_INVITE	pgo		niasocial, pgo
CosmicCharizard780	2024-08-14T07:06:50.143Z	2024-08-14T07:06:50.104Z	You	FRIEND_INVITE	pgo		niasocial, pgo
EmberPikachu129	2024-08-18T23:48:41Z	2024-08-18T23:48:40.975Z	Friend	FRIEND_INVITE	pgo		niasocial, pgo
CosmicScout544	2024-09-01T13:59:43.551Z	2024-09-01T13:59:43.509Z	Friend	FRIEND_INVITE	pgo		niasocial, pgo
ThunderSage518	2024-09-09T15:58:46.910Z	2024-09-09T15:58:46.872Z	Friend	FRIEND_GRAPH	niasocial		niasocial, pgo
IronWanderer265	2024-09-14T22:28:20.195Z	2024-09-14T22:28:20.159Z	You	FRIEND_INVITE	pgo		niasocial, pgo
CrimsonVoyager350	2024-09-14T22:32:57.950Z	2024-09-14T22:32:57.912Z	Friend	FRIEND_INVITE	pgo		niasocial, pgo
GoldenWanderer463	2024-09-14T22:41:39.985Z	2024-09-14T22:41:39.948Z	You	FRIEND_INVITE	pgo		niasocial, pgo
LuckyTracker937	2024-09-26T11:24:27.635Z	2024-09-26T11:24:27.606Z	You	FRIEND_INVITE	pgo		niasocial, pgo
ShadowTrainer628	2024-09-29T21:09:25.714Z	2024-09-29T21:09:25.677Z	Friend	FRIEND_INVITE	pgo		niasocial, pgo
GoldenScout330	2024-10-01T02:59:21.905Z	2024-10-01T02:59:21.875Z	Friend	FRIEND_INVITE	pgo		niasocial, pgo
ElectricAce354	2024-10-02T03:07:27.303Z	2024-10-02T03:07:27.272Z	You	FRIEND_INVITE	pgo		niasocial, pgo
LunarTrainer285	2024-10-03T01:30:13.788Z	2024-10-03T01:30:13.735Z	Friend	FRIEND_INVITE	pgo		niasocial, pgo
MysticVoyager971	2024-10-03T01:40:36.370Z	2024-10-03T01:40:36.320Z	Friend	FRIEND_INVITE	pgo		niasocial, pgo
LunarComet907	2024-10-03T01:48:10.441Z	2024-10-03T01:48:10.409Z	Friend	FRIEND_INVITE	pgo		niasocial, pgo
SolarRanger818	2024-10-16T02:05:19.341Z	2024-10-16T02:05:19.312Z	You	FRIEND_INVITE	pgo		niasocial, pgo
RadiantAce245	2024-10-27T18:35:46.432Z	2024-10-27T18:35:46.394Z	Friend	FRIEND_INVITE	pgo		niasocial, pgo
CrystalWanderer265	2024-10-27T19:48:29.930Z	2024-10-27T19:48:29.887Z	Friend	FRIEND_INVITE	pgo		niasocial, pgo
LuckyDragon269	2024-10-27T19:48:30.456Z	2024-10-27T19:48:30.421Z	Friend	FRIEND_INVITE	pgo		niasocial, pgo
FrostCharizard844	2024-10-27T19:48:56.219Z	2024-10-27T19:48:56.184Z	Friend	FRIEND_INVITE	pgo		niasocial, pgo
WildRaptor393	2024-10-27T19:48:57.251Z	2024-10-27T19:48:57.215Z	Friend	FRIEND_INVITE	pgo		niasocial, pgo
BraveMaverick539	2024-10-31T01:08:19.096Z	2024-10-31T01:08:19.065Z	Friend	FRIEND_INVITE	pgo		niasocial, pgo
CrystalFalcon137	2024-11-02T18:20:20.484Z	2024-11-02T18:20:20.455Z	You	FRIEND_INVITE	pgo		niasocial, pgo
ShadowPioneer743	2024-11-03T18:00:28.601Z	2024-11-03T18:00:28.574Z	Friend	FRIEND_INVITE	pgo		niasocial, pgo
GoldenRaptor271	2024-11-03T18:12:17.995Z	2024-11-03T18:12:17.965Z	You	FRIEND_INVITE	pgo		niasocial, pgo
LunarPikachu310	2024-11-13T04:54:11.851Z	2024-11-13T04:54:11.810Z	Friend	FRIEND_INVITE	pgo		niasocial, pgo
FrostComet430	2024-11-20T01:09:44.484Z	2024-11-20T01:09:44.463Z	Friend	FRIEND_INVITE	pgo		niasocial, pgo
LuckyRanger647	2024-11-22T01:04:48.980Z	2024-11-22T01:04:48.954Z	You	FRIEND_INVITE	pgo		niasocial, pgo
FrostVoyager957	2024-11-22T01:14:33.767Z	2024-11-22T01:14:33.743Z	You	FRIEND_INVITE	pgo		niasocial, pgo
WildDragon949	2024-11-23T17:41:57.884Z	2024-11-23T17:41:57.860Z	You	FRIEND_INVITE	pgo		niasocial, pgo
GoldenPikachu400	2024-11-23T18:19:25.912Z	2024-11-23T18:19:25.891Z	You	FRIEND_INVITE	pgo		niasocial, pgo
GoldenStriker819	2024-11-23T19:35:51.319Z	2024-11-23T19:35:51.290Z	Friend	FRIEND_INVITE	pgo		niasocial, pgo
BraveScout565	2024-11-23T21:34:08.692Z	2024-11-23T21:34:08.655Z	You	FRIEND_INVITE	pgo		niasocial, pgo
WildCharizard340	2024-11-23T21:44:19.596Z	2024-11-23T21:44:19.564Z	You	FRIEND_INVITE	pgo		niasocial, pgo
LuckyMaverick644	2024-11-23T23:12:53.834Z	2024-11-23T23:12:53.805Z	You	FRIEND_INVITE	pgo		niasocial, pgo
IronTrainer859	2024-11-24T00:57:50.178Z	2024-11-24T00:57:50.146Z	You	FRIEND_INVITE	pgo		niasocial, pgo
CrimsonStriker613	2024-11-24T00:58:32.109Z	2024-11-24T00:58:32.086Z	You	FRIEND_INVITE	pgo		niasocial, pgo
WildRanger427	2024-11-24T03:57:21.187Z	2024-11-24T03:57:21.157Z	You	FRIEND_INVITE	pgo		niasocial, pgo
RadiantRanger772	2024-11-24T17:04:29.076Z	2024-11-24T17:04:29.051Z	You	FRIEND_GRAPH	niasocial		niasocial, pgo
LunarHunter799	2024-11-24T19:37:14.064Z	2024-11-24T19:37:14.039Z	You	FRIEND_INVITE	pgo		niasocial, pgo
SwiftPioneer921	2024-11-24T20:46:39.841Z	2024-11-24T20:46:39.814Z	You	FRIEND_INVITE	pgo		niasocial, pgo
BraveWanderer735	2024-11-24T21:09:43.510Z	2024-11-24T21:09:43.486Z	You	FRIEND_INVITE	pgo		niasocial, pgo
CrystalRaptor580	2024-11-24T22:52:01.815Z	2024-11-24T22:52:01.783Z	You	FRIEND_INVITE	pgo		niasocial, pgo
ElectricHunter586	2024-11-24T23:11:56.785Z	2024-11-24T23:11:56.753Z	Friend	FRIEND_INVITE	pgo		niasocial, pgo
ThunderStriker641	2024-11-24T23:11:58.324Z	2024-11-24T23:11:58.298Z	Friend	FRIEND_INVITE	pgo		niasocial, pgo
IronFalcon801	2024-11-24T23:28:14.590Z	2024-11-24T23:28:14.570Z	You	FRIEND_INVITE	pgo		niasocial, pgo
SolarScout551	2024-11-25T18:14:21.080Z	2024-11-25T18:14:21.052Z	You	FRIEND_INVITE	pgo		niasocial, pgo
MightyStriker991	2024-12-01T09:29:48.379Z	2024-12-01T09:29:48.356Z	You	FRIEND_INVITE	pgo		niasocial, pgo
ElectricTracker708	2024-12-05T03:47:04.442Z	2024-12-05T03:47:04.418Z	You	FRIEND_INVITE	pgo		niasocial, pgo
RadiantTrainer755	2024-12-05T19:28:07.741Z	2024-12-05T19:28:07.705Z	Friend	FRIEND_GRAPH	niasocial		niasocial, pgo
MysticRaptor349	2024-12-08T17:20:26.100Z	2024-12-08T17:20:26.067Z	Friend	FRIEND_INVITE	pgo		niasocial, pgo
EmberPioneer160	2024-12-10T00:58:52.793Z	2024-12-10T00:58:52.771Z	You	FRIEND_GRAPH	niasocial		niasocial, pgo
ElectricMaverick285	2024-12-12T01:40:34.595Z	2024-12-12T01:40:34.570Z	Friend	FRIEND_INVITE	pgo		niasocial, pgo
FrostStriker611	2024-12-12T04:29:42.355Z	2024-12-12T04:29:42.328Z	You	FRIEND_INVITE	pgo		niasocial, pgo
SwiftStriker112	2024-12-14T21:07:49.650Z	2024-12-14T21:07:49.626Z	You	FRIEND_INVITE	pgo		niasocial, pgo
FrostAce156	2024-12-14T21:29:02.218Z	2024-12-14T21:29:02.195Z	You	FRIEND_INVITE	pgo		niasocial, pgo
FrostHunter166	2024-12-14T22:22:18.633Z	2024-12-14T22:22:18.609Z	Friend	FRIEND_INVITE	pgo		niasocial, pgo
FrostPikachu451	2024-12-14T22:22:41.073Z	2024-12-14T22:22:41.045Z	You	FRIEND_INVITE	pgo		niasocial, pgo
IronCharizard389	2024-12-14T22:33:23.261Z	2024-12-14T22:33:23.239Z	You	FRIEND_INVITE	pgo		niasocial, pgo
CosmicMaverick846	2024-12-14T22:51:29.067Z	2024-12-14T22:51:29.046Z	You	FRIEND_INVITE	pgo		niasocial, pgo
RadiantHunter542	2024-12-20T03:12:22.391Z	2024-12-20T03:12:22.367Z	You	FRIEND_INVITE	pgo		niasocial, pgo
LunarTracker989	2024-12-22T22:36:25.067Z	2024-12-22T22:36:25.042Z	Friend	FRIEND_INVITE	pgo		niasocial, pgo
CrimsonTrainer360	2025-01-05T22:47:30.798Z	2025-01-05T22:47:30.777Z	You	FRIEND_INVITE	pgo		niasocial, pgo
WildSage141	2025-01-06T00:21:11.934Z	2025-01-06T00:21:11.910Z	You	FRIEND_INVITE	pgo		niasocial, pgo
LuckyDragon575	2025-01-09T15:00:26.197Z	2025-01-09T15:00:26.153Z	Friend	FRIEND_INVITE	pgo		niasocial, pgo
SwiftWanderer658	2025-01-16T23:14:11.316Z	2025-01-16T23:14:11.283Z	Friend	FRIEND_GRAPH	niasocial		niasocial, pgo
CosmicRanger852	2025-01-17T16:48:07.795Z	2025-01-17T16:48:07.763Z	Friend	FRIEND_INVITE	pgo		niasocial, pgo
SolarRanger460	2025-01-19T21:35:06.433Z	2025-01-19T21:35:06.395Z	Friend	FRIEND_INVITE	pgo		niasocial, pgo
SolarTrainer573	2025-01-19T21:35:07.132Z	2025-01-19T21:35:07.105Z	Friend	FRIEND_INVITE	pgo		niasocial, pgo
WildPioneer630	2025-01-19T23:02:24.697Z	2025-01-19T23:02:24.674Z	Friend	FRIEND_INVITE	pgo		niasocial, pgo
LunarVoyager668	2025-01-23T02:47:49.174Z	2025-01-23T02:47:49.136Z	Friend	FRIEND_INVITE	pgo		niasocial, pgo
LuckyCharizard911	2025-01-25T22:20:26.237Z	2025-01-25T22:20:26.239Z	Friend	FRIEND_INVITE	pgo		niasocial, pgo
CrimsonPioneer486	2025-01-29T01:35:10.256Z	2025-01-29T01:35:10.229Z	Friend	FRIEND_INVITE	pgo		niasocial, pgo
SwiftHunter296	2025-01-30T01:59:59.515Z	2025-01-30T01:59:59.493Z	Friend	FRIEND_INVITE	pgo		niasocial, pgo
ElectricRanger145	2025-02-01T22:27:52.935Z	2025-02-01T22:27:52.911Z	Friend	FRIEND_INVITE	pgo		niasocial, pgo
TurboFalcon815	2025-02-01T22:41:48.711Z	2025-02-01T22:41:48.687Z	You	FRIEND_INVITE	pgo		niasocial, pgo
ThunderNomad425	2025-02-02T03:56:50.342Z	2025-02-02T03:56:50.322Z	You	FRIEND_GRAPH	niasocial		niasocial, pgo
CrimsonTracker217	2025-02-04T01:14:20.427Z	2025-02-04T01:14:20.405Z	Friend	FRIEND_INVITE	pgo		niasocial, pgo
CosmicSage695	2025-02-07T02:43:44.364Z	2025-02-07T02:43:44.333Z	Friend	FRIEND_INVITE	pgo		niasocial, pgo
IronScout325	2025-02-09T21:38:47.256Z	2025-02-09T21:38:47.232Z	Friend	FRIEND_INVITE	pgo		niasocial, pgo
LuckyPhoenix389	2025-02-09T22:02:02.954Z	2025-02-09T22:02:02.925Z	You	FRIEND_INVITE	pgo		niasocial, pgo
GoldenSage528	2025-02-09T22:02:06.645Z	2025-02-09T22:02:06.627Z	You	FRIEND_INVITE	pgo		niasocial, pgo
RadiantDragon613	2025-02-09T22:16:53.909Z	2025-02-09T22:16:53.890Z	Friend	FRIEND_INVITE	pgo		niasocial, pgo
EmberTracker762	2025-02-09T22:58:14.897Z	2025-02-09T22:58:14.872Z	You	FRIEND_INVITE	pgo		niasocial, pgo
MysticHunter236	2025-02-13T01:52:15.477Z	2025-02-13T01:52:15.458Z	You	FRIEND_INVITE	pgo		niasocial, pgo
ElectricAce705	2025-02-13T14:10:29.580Z	2025-02-13T14:10:29.549Z	Friend	FRIEND_GRAPH	niasocial		niasocial, pgo
EmberPhoenix664	2025-02-14T23:40:20.849Z	2025-02-14T23:40:20.829Z	You	FRIEND_GRAPH	niasocial		niasocial, pgo
EmberCharizard745	2025-02-15T21:21:29.993Z	2025-02-15T21:21:29.979Z	You	FRIEND_INVITE	pgo		niasocial, pgo
CrystalPikachu827	2025-02-15T23:10:16.789Z	2025-02-15T23:10:16.757Z	Friend	FRIEND_INVITE	pgo		niasocial, pgo
TurboTrainer648	2025-02-15T23:20:53.851Z	2025-02-15T23:20:53.831Z	Friend	FRIEND_INVITE	pgo		niasocial, pgo
CrimsonMaverick876	2025-02-16T14:21:34.016Z	2025-02-16T14:21:34Z	You	FRIEND_INVITE	pgo		niasocial, pgo
SwiftFalcon359	2025-02-17T18:20:47.743Z	2025-02-17T18:20:47.712Z	Friend	FRIEND_INVITE	pgo		niasocial, pgo
LunarDragon154	2025-02-17T18:40:30.494Z	2025-02-17T18:40:30.478Z	You	FRIEND_GRAPH	niasocial		niasocial, pgo
TurboRaptor735	2025-02-25T01:48:57.031Z	2025-02-25T01:48:57.005Z	You	FRIEND_INVITE	pgo		niasocial, pgo
GoldenAce264	2025-02-26T04:45:05.623Z	2025-02-26T04:45:05.604Z	You	FRIEND_INVITE	pgo		niasocial, pgo
IronNomad521	2025-02-27T01:21:34.369Z	2025-02-27T01:21:34.351Z	Friend	FRIEND_INVITE	pgo		niasocial, pgo
SolarWanderer822	2025-02-27T02:06:34.515Z	2025-02-27T02:06:34.494Z	You	FRIEND_GRAPH	niasocial		niasocial, pgo
MysticScout422	2025-02-27T02:07:50.294Z	2025-02-27T02:07:50.269Z	You	FRIEND_INVITE	pgo		niasocial, pgo
RadiantPikachu348	2025-02-27T14:50:42.041Z	2025-02-27T14:50:41.998Z	Friend	FRIEND_GRAPH	niasocial		niasocial, pgo
SolarNomad875	2025-02-27T15:13:31.289Z	2025-02-27T15:13:31.262Z	You	FRIEND_GRAPH	niasocial		niasocial, pgo
WildRaptor809	2025-03-01T02:10:17.808Z	2025-03-01T02:10:17.787Z	You	FRIEND_INVITE	pgo		niasocial, pgo
BraveTrainer195	2025-03-01T16:59:17.905Z	2025-03-01T16:59:17.881Z	Friend	FRIEND_INVITE	pgo		niasocial, pgo
RadiantCharizard265	2025-03-01T19:59:34.359Z	2025-03-01T19:59:34.333Z	Friend	FRIEND_INVITE	pgo		niasocial, pgo
BraveRaptor495	2025-03-01T23:24:18.608Z	2025-03-01T23:24:18.578Z	You	FRIEND_INVITE	pgo		niasocial, pgo
RadiantCharizard424	2025-03-01T23:41:36.284Z	2025-03-01T23:41:36.260Z	Friend	FRIEND_INVITE	pgo		niasocial, pgo
CrystalVoyager424	2025-03-02T17:51:40.614Z	2025-03-02T17:51:40.598Z	You	FRIEND_INVITE	pgo		niasocial, pgo
LunarDragon419	2025-03-02T18:33:11.441Z	2025-03-02T18:33:11.414Z	Friend	FRIEND_INVITE	pgo		niasocial, pgo
FrostPikachu531	2025-03-02T19:29:30.950Z	2025-03-02T19:29:30.954Z	You	FRIEND_INVITE	pgo		niasocial, pgo
GoldenPioneer265	2025-03-02T19:31:44.132Z	2025-03-02T19:31:44.108Z	You	FRIEND_INVITE	pgo		niasocial, pgo
SwiftCharizard759	2025-03-02T19:34:12.370Z	2025-03-02T19:34:12.342Z	Friend	FRIEND_INVITE	pgo		niasocial, pgo
EmberStriker835	2025-03-02T22:15:43.777Z	2025-03-02T22:15:43.751Z	You	FRIEND_INVITE	pgo		niasocial, pgo
SwiftScout731	2025-03-02T22:31:55.629Z	2025-03-02T22:31:55.607Z	You	FRIEND_INVITE	pgo		niasocial, pgo
ThunderPioneer882	2025-03-02T22:58:13.179Z	2025-03-02T22:58:13.152Z	You	FRIEND_INVITE	pgo		niasocial, pgo
TurboPhoenix383	2025-03-03T00:12:07.416Z	2025-03-03T00:12:07.393Z	Friend	FRIEND_INVITE	pgo		niasocial, pgo
CrystalVoyager401	2025-03-03T00:51:49.082Z	2025-03-03T00:51:49.058Z	You	FRIEND_INVITE	pgo		niasocial, pgo
CrimsonWanderer186	2025-03-08T22:03:16.005Z	2025-03-08T22:03:15.982Z	You	FRIEND_INVITE	pgo		niasocial, pgo
GoldenMaverick103	2025-03-08T23:23:09.576Z	2025-03-08T23:23:09.554Z	You	FRIEND_INVITE	pgo		niasocial, pgo
MightyPioneer120	2025-03-09T22:45:29.751Z	2025-03-09T22:45:29.728Z	Friend	FRIEND_GRAPH	niasocial		niasocial, pgo
LuckyPhoenix840	2025-03-09T22:46:13.800Z	2025-03-09T22:46:13.776Z	You	FRIEND_INVITE	pgo		niasocial, pgo
WildStriker696	2025-03-09T23:08:41.841Z	2025-03-09T23:08:41.819Z	Friend	FRIEND_GRAPH	niasocial		niasocial, pgo
BraveFalcon959	2025-03-10T00:59:48.593Z	2025-03-10T00:59:48.560Z	You	FRIEND_INVITE	pgo		niasocial, pgo
SwiftDragon846	2025-03-11T00:28:59.881Z	2025-03-11T00:28:59.854Z	You	FRIEND_GRAPH	niasocial		niasocial, pgo
ThunderWanderer144	2025-03-15T23:09:12.173Z	2025-03-15T23:09:12.151Z	Friend	FRIEND_INVITE	pgo		niasocial, pgo
CosmicRaptor553	2025-03-15T23:09:12.913Z	2025-03-15T23:09:12.886Z	Friend	FRIEND_INVITE	pgo		niasocial, pgo
ElectricSage120	2025-03-18T19:23:52.998Z	2025-03-18T19:23:52.970Z	Friend	FRIEND_GRAPH	niasocial		niasocial, pgo
ThunderPhoenix109	2025-03-22T22:17:32.092Z	2025-03-22T22:17:32.063Z	Friend	FRIEND_INVITE	pgo		niasocial, pgo
LuckyCharizard725	2025-03-22T22:36:26.745Z	2025-03-22T22:36:26.730Z	You	FRIEND_INVITE	pgo		niasocial, pgo
MightyVoyager534	2025-03-22T22:50:51.126Z	2025-03-22T22:50:51.098Z	You	FRIEND_INVITE	pgo		niasocial, pgo
CrimsonNomad149	2025-03-22T23:33:21.061Z	2025-03-22T23:33:21.036Z	You	FRIEND_INVITE	pgo		niasocial, pgo
ElectricDragon272	2025-03-22T23:45:58.577Z	2025-03-22T23:45:58.557Z	You	FRIEND_INVITE	pgo		niasocial, pgo
RadiantPhoenix639	2025-03-23T22:40:17.259Z	2025-03-23T22:40:17.231Z	Friend	FRIEND_INVITE	pgo		niasocial, pgo
GoldenScout704	2025-03-23T22:40:17.775Z	2025-03-23T22:40:17.752Z	Friend	FRIEND_INVITE	pgo		niasocial, pgo
MightyTrainer216	2025-03-27T01:24:13.851Z	2025-03-27T01:24:13.828Z	You	FRIEND_INVITE	pgo		niasocial, pgo
CosmicComet215	2025-03-27T01:51:45.926Z	2025-03-27T01:51:45.899Z	Friend	FRIEND_INVITE	pgo		niasocial, pgo
TurboScout921	2025-03-29T21:57:38.794Z	2025-03-29T21:57:38.771Z	You	FRIEND_INVITE	pgo		niasocial, pgo
GoldenRanger576	2025-04-05T21:10:53.048Z	2025-04-05T21:10:53.028Z	You	FRIEND_INVITE	pgo		niasocial, pgo
GoldenComet461	2025-04-09T18:50:39.218Z	2025-04-09T18:50:39.181Z	Friend	FRIEND_GRAPH	niasocial		niasocial, pgo
CosmicAce686	2025-04-10T01:37:59.922Z	2025-04-10T01:37:59.899Z	Friend	FRIEND_INVITE	pgo		niasocial, pgo
BraveTrainer245	2025-04-10T01:47:09.999Z	2025-04-10T01:47:09.973Z	You	FRIEND_INVITE	pgo		niasocial, pgo
RadiantRaptor419	2025-04-17T01:30:21.065Z	2025-04-17T01:30:21.041Z	Friend	FRIEND_INVITE	pgo		niasocial, pgo
SwiftMaverick311	2025-04-17T01:48:43.160Z	2025-04-17T01:48:43.136Z	You	FRIEND_INVITE	pgo		niasocial, pgo
ElectricTrainer385	2025-04-19T21:47:51.692Z	2025-04-19T21:47:51.672Z	Friend	FRIEND_INVITE	pgo		niasocial, pgo
SwiftComet986	2025-04-19T21:57:17.173Z	2025-04-19T21:57:17.147Z	Friend	FRIEND_INVITE	pgo		niasocial, pgo
RadiantTracker264	2025-04-19T21:57:22.906Z	2025-04-19T21:57:22.886Z	Friend	FRIEND_INVITE	pgo		niasocial, pgo
LunarAce670	2025-04-19T21:58:13.560Z	2025-04-19T21:58:13.539Z	You	FRIEND_INVITE	pgo		niasocial, pgo
CrystalVoyager592	2025-04-19T22:11:16.084Z	2025-04-19T22:11:16.055Z	Friend	FRIEND_INVITE	pgo		niasocial, pgo
WildCharizard880	2025-04-19T22:11:17.681Z	2025-04-19T22:11:17.656Z	Friend	FRIEND_INVITE	pgo		niasocial, pgo
WildPhoenix287	2025-04-19T22:31:43.512Z	2025-04-19T22:31:43.489Z	You	FRIEND_INVITE	pgo		niasocial, pgo
RadiantDragon957	2025-04-19T22:33:53.351Z	2025-04-19T22:33:53.330Z	You	FRIEND_INVITE	pgo		niasocial, pgo
SwiftFalcon817	2025-04-19T22:41:23.776Z	2025-04-19T22:41:23.753Z	You	FRIEND_INVITE	pgo		niasocial, pgo
FrostTracker120	2025-04-24T01:47:34.300Z	2025-04-24T01:47:34.271Z	Friend	FRIEND_INVITE	pgo		niasocial, pgo
IronMaverick237	2025-04-24T02:05:27.380Z	2025-04-24T02:05:27.347Z	You	FRIEND_INVITE	pgo		niasocial, pgo
IronScout249	2025-04-26T22:10:04.258Z	2025-04-26T22:10:04.236Z	You	FRIEND_INVITE	pgo		niasocial, pgo
RadiantDragon432	2025-04-26T22:30:41.807Z	2025-04-26T22:30:41.778Z	You	FRIEND_INVITE	pgo		niasocial, pgo
IronVoyager222	2025-04-27T12:23:58.244Z	2025-04-27T12:23:58.217Z	You	FRIEND_INVITE	pgo		niasocial, pgo
CrimsonDragon665	2025-04-27T12:26:02.960Z	2025-04-27T12:26:02.935Z	You	FRIEND_INVITE	pgo		niasocial, pgo
CrimsonMaverick786	2025-04-27T21:30:10.716Z	2025-04-27T21:30:10.720Z	Friend	FRIEND_INVITE	pgo		niasocial, pgo
GoldenComet849	2025-05-01T01:01:05.146Z	2025-05-01T01:01:05.123Z	Friend	FRIEND_INVITE	pgo		niasocial, pgo
ThunderNomad229	2025-05-03T21:46:20.676Z	2025-05-03T21:46:20.651Z	Friend	FRIEND_INVITE	pgo		niasocial, pgo
SolarPhoenix874	2025-05-17T04:43:29.015Z	2025-05-17T04:43:28.979Z	Friend	FRIEND_GRAPH	niasocial		niasocial, pgo
EmberNomad362	2025-05-17T23:09:33.246Z	2025-05-17T23:09:33.213Z	You	FRIEND_INVITE	pgo		niasocial, pgo
CrimsonRaptor412	2025-05-17T23:52:12.659Z	2025-05-17T23:52:12.635Z	Friend	FRIEND_INVITE	pgo		niasocial, pgo
TurboWanderer814	2025-05-18T00:01:44.603Z	2025-05-18T00:01:44.577Z	Friend	FRIEND_INVITE	pgo		niasocial, pgo
FrostComet508	2025-05-22T01:33:54.130Z	2025-05-22T01:33:54.111Z	You	FRIEND_INVITE	pgo		niasocial, pgo
CosmicSage917	2025-05-22T01:43:27.043Z	2025-05-22T01:43:27.016Z	Friend	FRIEND_INVITE	pgo		niasocial, pgo
ThunderMaverick152	2025-05-24T23:01:08.252Z	2025-05-24T23:01:08.226Z	You	FRIEND_INVITE	pgo		niasocial, pgo
WildHunter416	2025-05-25T23:46:42.932Z	2025-05-25T23:46:42.908Z	You	FRIEND_INVITE	pgo		niasocial, pgo
CosmicTracker888	2025-05-26T00:04:20.711Z	2025-05-26T00:04:20.686Z	You	FRIEND_INVITE	pgo		niasocial, pgo
CosmicNomad142	2025-05-31T20:50:35.740Z	2025-05-31T20:50:35.707Z	Friend	FRIEND_INVITE	pgo		niasocial, pgo
MysticHunter630	2025-06-15T20:35:53.178Z	2025-06-15T20:35:53.150Z	Friend	FRIEND_INVITE	pgo		niasocial, pgo
ThunderRanger719	2025-06-24T01:09:36.645Z	2025-06-24T01:09:36.615Z	You	FRIEND_INVITE	pgo		niasocial, pgo
ShadowRanger436	2025-06-24T01:09:38.632Z	2025-06-24T01:09:38.609Z	You	FRIEND_INVITE	pgo		niasocial, pgo
CrystalRaptor555	2025-06-25T02:42:56.397Z	2025-06-25T02:42:56.367Z	You	FRIEND_INVITE	pgo		niasocial, pgo
IronPikachu731	2025-06-25T03:02:50.076Z	2025-06-25T03:02:50.047Z	You	FRIEND_INVITE	pgo		niasocial, pgo
LuckyNomad980	2025-06-26T01:06:43.401Z	2025-06-26T01:06:43.371Z	Friend	FRIEND_INVITE	pgo		niasocial, pgo
FrostSage677	2025-06-26T01:08:33.448Z	2025-06-26T01:08:33.423Z	You	FRIEND_INVITE	pgo		niasocial, pgo
MysticPikachu838	2025-06-26T18:40:11.760Z	2025-06-26T18:40:11.708Z	Friend	FRIEND_GRAPH	niasocial		niasocial, pgo
CrimsonTrainer591	2025-06-28T17:25:13.348Z	2025-06-28T17:25:13.318Z	You	FRIEND_INVITE	pgo		niasocial, pgo
LuckyCharizard912	2025-06-28T17:53:10.307Z	2025-06-28T17:53:10.286Z	You	FRIEND_INVITE	pgo		niasocial, pgo
MightyTracker152	2025-06-28T18:02:17.458Z	2025-06-28T18:02:17.433Z	You	FRIEND_INVITE	pgo		niasocial, pgo
IronNomad660	2025-06-28T19:03:22.595Z	2025-06-28T19:03:22.565Z	You	FRIEND_INVITE	pgo		niasocial, pgo
LunarScout386	2025-06-28T20:37:31.218Z	2025-06-28T20:37:31.186Z	You	FRIEND_INVITE	pgo		niasocial, pgo
GoldenWanderer439	2025-06-28T22:41:16.630Z	2025-06-28T22:41:16.608Z	Friend	FRIEND_INVITE	pgo		niasocial, pgo
ElectricSage702	2025-06-28T22:57:11.773Z	2025-06-28T22:57:11.742Z	You	FRIEND_INVITE	pgo		niasocial, pgo
EmberAce640	2025-06-30T19:57:00.254Z	2025-06-30T19:57:00.258Z	Friend	FRIEND_INVITE	pgo		pgo
ThunderComet476	2025-07-02T01:06:25.964Z	2025-07-02T01:06:25.932Z	You	FRIEND_INVITE	pgo		niasocial, pgo
BraveSage451	2025-07-09T03:52:47.055Z	2025-07-09T03:52:47.013Z	Friend	FRIEND_INVITE	pgo		niasocial, pgo
IronHunter545	2025-07-12T22:18:14.110Z	2025-07-12T22:18:14.079Z	Friend	FRIEND_INVITE	pgo		niasocial, pgo
ThunderFalcon599	2025-07-19T21:11:14.388Z	2025-07-19T21:11:14.361Z	You	FRIEND_INVITE	pgo		niasocial, pgo
EmberVoyager277	2025-07-23T01:45:00.996Z	2025-07-23T01:45:00.951Z	Friend	FRIEND_INVITE	pgo		niasocial, pgo
CosmicRanger374	2025-07-24T01:27:24.324Z	2025-07-24T01:27:24.284Z	Friend	FRIEND_INVITE	pgo		niasocial, pgo
MysticFalcon553	2025-07-24T01:27:25.473Z	2025-07-24T01:27:25.446Z	Friend	FRIEND_INVITE	pgo		niasocial, pgo
ElectricHunter970	2025-07-24T01:29:50.957Z	2025-07-24T01:29:50.920Z	Friend	FRIEND_INVITE	pgo		niasocial, pgo
CrimsonHunter171	2025-07-26T03:33:40.733Z	2025-07-26T03:33:40.704Z	You	FRIEND_INVITE	pgo		niasocial, pgo
LunarNomad851	2025-07-31T16:17:16.571Z	2025-07-31T16:17:16.541Z	You	FRIEND_INVITE	pgo		niasocial, pgo
BraveMaverick326	2025-08-02T03:22:51.633Z	2025-08-02T03:22:51.602Z	Friend	FRIEND_INVITE	pgo		niasocial, pgo
ShadowWanderer480	2025-08-07T03:30:59.661Z	2025-08-07T03:30:59.621Z	You	FRIEND_INVITE	pgo		niasocial, pgo
RadiantWanderer686	2025-08-12T20:35:59.296Z	2025-08-12T20:35:59.259Z	Friend	FRIEND_GRAPH	niasocial		niasocial, pgo
GoldenWanderer885	2025-08-14T13:01:32.147Z	2025-08-14T13:01:32.112Z	Friend	FRIEND_GRAPH	niasocial		niasocial, pgo
ElectricCharizard451	2025-08-17T01:27:54.235Z	2025-08-17T01:27:54.206Z	You	FRIEND_GRAPH	niasocial		niasocial, pgo
LuckyTrainer881	2025-08-20T01:41:52.560Z	2025-08-20T01:41:52.535Z	Friend	FRIEND_INVITE	pgo		niasocial, pgo
CrystalTrainer467	2025-08-21T01:12:57.210Z	2025-08-21T01:12:57.165Z	You	FRIEND_INVITE	pgo		niasocial, pgo
WildTracker336	2025-08-22T01:48:01.855Z	2025-08-22T01:48:01.805Z	Friend	FRIEND_INVITE	pgo		niasocial, pgo
IronSage192	2025-08-22T16:27:23.185Z	2025-08-22T16:27:23.158Z	You	FRIEND_INVITE	pgo		niasocial, pgo
SwiftSage979	2025-08-23T17:13:15.729Z	2025-08-23T17:13:15.696Z	You	FRIEND_GRAPH	niasocial		niasocial, pgo
LuckyCharizard927	2025-08-23T21:45:28.805Z	2025-08-23T21:45:28.771Z	Friend	FRIEND_INVITE	pgo		niasocial, pgo
LuckyComet862	2025-08-24T00:26:37.303Z	2025-08-24T00:26:37.270Z	Friend	FRIEND_GRAPH	niasocial		niasocial, pgo
IronMaverick844	2025-08-31T21:13:54.572Z	2025-08-31T21:13:54.540Z	Friend	FRIEND_INVITE	pgo		niasocial, pgo
CrimsonPioneer611	2025-08-31T21:29:38.437Z	2025-08-31T21:29:38.127Z	You	FRIEND_INVITE	pgo		niasocial, pgo
CrystalCharizard420	2025-09-06T21:20:26.157Z	2025-09-06T21:20:26.127Z	You	FRIEND_GRAPH	niasocial		niasocial, pgo
MightyTrainer410	2025-09-18T01:28:18.120Z	2025-09-18T01:28:18.093Z	You	FRIEND_INVITE	pgo		niasocial, pgo
MysticStriker229	2025-09-21T15:41:29.413Z	2025-09-21T15:41:29.373Z	Friend	FRIEND_INVITE	pgo		niasocial, pgo
TurboRaptor121	2025-10-12T22:12:29.206Z	2025-10-12T22:12:29.182Z	Friend	FRIEND_INVITE	pgo		niasocial, pgo
FrostPikachu917	2025-10-12T22:26:20.042Z	2025-10-12T22:26:20.015Z	You	FRIEND_INVITE	pgo		niasocial, pgo
FrostNomad632	2025-10-17T17:50:17.820Z	2025-10-17T17:50:17.786Z	Friend	FRIEND_INVITE	pgo		niasocial, pgo
MysticTracker630	2025-10-17T22:02:41.685Z	2025-10-17T22:02:41.663Z	You	FRIEND_INVITE	pgo		niasocial, pgo
FrostCharizard902	2025-10-18T22:00:40.191Z	2025-10-18T22:00:40.147Z	Friend	FRIEND_INVITE	pgo		niasocial, pgo
FrostFalcon484	2025-10-27T03:10:30.847Z	2025-10-27T03:10:30.826Z	Friend	FRIEND_GRAPH	niasocial		niasocial, pgo
CosmicPikachu119	2025-10-28T03:33:46.658Z	2025-10-28T03:33:46.627Z	Friend	FRIEND_INVITE	pgo		niasocial, pgo
ShadowComet178	2025-11-08T22:22:36.630Z	2025-11-08T22:22:36.606Z	You	FRIEND_GRAPH	niasocial		niasocial, pgo
WildSage604	2025-11-16T22:28:50.963Z	2025-11-16T22:28:50.943Z	You	FRIEND_INVITE	pgo		niasocial, pgo
ElectricAce891	2025-11-16T22:30:26.539Z	2025-11-16T22:30:26.524Z	You	FRIEND_INVITE	pgo		niasocial, pgo
SolarCharizard283	2025-12-04T09:06:04.032Z	2025-12-04T09:06:04.014Z	You	FRIEND_INVITE	pgo		niasocial, pgo
ThunderPhoenix694	2025-12-09T21:34:38.971Z	2025-12-09T21:34:38.952Z	You	FRIEND_GRAPH	niasocial		niasocial, pgo
ElectricFalcon456	2025-12-21T02:05:00.261Z	2025-12-21T02:05:00.236Z	Friend	FRIEND_GRAPH	niasocial		niasocial, pgo
BraveCharizard414	2025-12-21T21:41:49.232Z	2025-12-21T21:41:49.207Z	Friend	FRIEND_INVITE	pgo		niasocial, pgo
WildCharizard966	2025-12-28T22:34:40.485Z	2025-12-28T22:34:40.467Z	Friend	FRIEND_INVITE	pgo		niasocial, pgo
LunarMaverick439	2025-12-28T22:34:45.249Z	2025-12-28T22:34:45.230Z	Friend	FRIEND_INVITE	pgo		niasocial, pgo
ShadowDragon273	2025-12-30T01:28:15.435Z	2025-12-30T01:28:15.417Z	Friend	FRIEND_INVITE	pgo		niasocial, pgo
SolarVoyager498	2026-01-02T21:48:42.648Z	2026-01-02T21:48:42.617Z	Friend	FRIEND_INVITE	pgo		niasocial, pgo
RadiantMaverick129	2026-01-02T21:48:44.428Z	2026-01-02T21:48:44.401Z	Friend	FRIEND_INVITE	pgo		niasocial, pgo
IronWanderer516	2026-01-02T21:48:45.284Z	2026-01-02T21:48:45.255Z	Friend	FRIEND_INVITE	pgo		niasocial, pgo
CrystalPikachu440	2026-01-02T22:16:37.124Z	2026-01-02T22:16:37.105Z	You	FRIEND_INVITE	pgo		niasocial, pgo
CosmicStriker877	2026-01-02T22:58:50.474Z	2026-01-02T22:58:50.451Z	Friend	FRIEND_INVITE	pgo		niasocial, pgo
ElectricDragon944	2026-01-04T22:34:37.329Z	2026-01-04T22:34:37.302Z	Friend	FRIEND_INVITE	pgo		niasocial, pgo
GoldenPhoenix770	2026-01-08T14:46:03.533Z	2026-01-08T14:46:03.512Z	You	FRIEND_INVITE	pgo		niasocial, pgo
CrimsonSage357	2026-01-27T02:04:51.687Z	2026-01-27T02:04:51.688Z	Friend	FRIEND_INVITE	pgo		pgo
SolarFalcon639	2026-02-01T22:50:59.899Z	2026-02-01T22:50:59.875Z	Friend	FRIEND_INVITE	pgo		niasocial, pgo
ShadowTracker102	2026-02-09T00:08:07.422Z	2026-02-09T00:08:07.407Z	Friend	FRIEND_INVITE	pgo		niasocial, pgo
ElectricPhoenix387	2026-02-14T23:25:30.434Z	2026-02-14T23:25:30.393Z	Friend	FRIEND_INVITE	pgo		niasocial, pgo
ElectricAce636	2026-02-14T23:25:33.739Z	2026-02-14T23:25:33.712Z	Friend	FRIEND_INVITE	pgo		niasocial, pgo
RadiantWanderer979	2026-02-20T20:52:17.483Z	2026-02-20T20:52:17.485Z	You	FRIEND_INVITE	pgo		niasocial, pgo
LunarWanderer303	2026-02-21T01:37:25.530Z	2026-02-21T01:37:25.509Z	Friend	FRIEND_INVITE	pgo		niasocial, pgo
ShadowMaverick345	2026-02-21T01:38:04.423Z	2026-02-21T01:38:04.406Z	Friend	FRIEND_INVITE	pgo		niasocial, pgo
SwiftRaptor720	2026-02-21T01:38:06.819Z	2026-02-21T01:38:06.797Z	Friend	FRIEND_INVITE	pgo		niasocial, pgo
EmberVoyager705	2026-02-21T03:42:27.273Z	2026-02-21T03:42:27.253Z	Friend	FRIEND_INVITE	pgo		niasocial, pgo
EmberComet142	2026-02-23T22:32:35.916Z	2026-02-23T22:32:35.895Z	Friend	FRIEND_INVITE	pgo		niasocial, pgo
IronHunter934	2026-02-28T01:40:00.846Z	2026-02-28T01:40:00.823Z	Friend	FRIEND_GRAPH	niasocial		niasocial, pgo
TurboFalcon397	2026-02-28T23:33:34.866Z	2026-02-28T23:33:34.843Z	Friend	FRIEND_INVITE	pgo		niasocial, pgo
CrystalPhoenix741	2026-02-28T23:33:40.896Z	2026-02-28T23:33:40.878Z	Friend	FRIEND_INVITE	pgo		niasocial, pgo
SolarWanderer686	2026-03-01T17:49:57.330Z	2026-03-01T17:49:57.310Z	Friend	FRIEND_INVITE	pgo		niasocial, pgo
IronPhoenix568	2026-03-01T21:12:25.012Z	2026-03-01T21:12:24.992Z	Friend	FRIEND_INVITE	pgo		niasocial, pgo
SolarAce870	2026-03-01T21:34:40.584Z	2026-03-01T21:34:40.564Z	Friend	FRIEND_INVITE	pgo		niasocial, pgo
LunarPikachu246	2026-03-01T22:39:53.420Z	2026-03-01T22:39:53.402Z	Friend	FRIEND_INVITE	pgo		niasocial, pgo
ShadowSage113	2026-03-08T03:14:46.232Z	2026-03-08T03:14:46.214Z	Friend	FRIEND_INVITE	pgo		niasocial, pgo
FrostPioneer604	2026-03-10T12:19:57.615Z	2026-03-10T12:19:57.600Z	You	FRIEND_INVITE	pgo		niasocial, pgo
SolarStriker411	2026-03-14T19:20:17.487Z	2026-03-14T19:20:17.467Z	You	FRIEND_INVITE	pgo		niasocial, pgo
BravePikachu662	2026-03-15T18:36:01.488Z	2026-03-15T18:36:01.464Z	Friend	FRIEND_INVITE	pgo		niasocial, pgo
CrimsonPikachu779	2026-03-18T16:48:35.412Z	2026-03-18T16:48:35.366Z	Friend	FRIEND_INVITE	pgo		niasocial, pgo
CrimsonTracker723	2026-04-04T22:56:21.366Z	2026-04-04T22:56:21.348Z	Friend	FRIEND_INVITE	pgo		niasocial, pgo
CrystalTrainer881	2026-04-04T22:56:22.236Z	2026-04-04T22:56:22.214Z	Friend	FRIEND_INVITE	pgo		niasocial, pgo
MightyWanderer394	2026-04-04T22:56:23.401Z	2026-04-04T22:56:23.375Z	Friend	FRIEND_INVITE	pgo		niasocial, pgo
CosmicRaptor348	2026-04-06T07:29:38.758Z	2026-04-06T07:29:38.741Z	You	FRIEND_INVITE	pgo		niasocial, pgo
IronPhoenix979	2026-04-08T15:32:25.438Z	2026-04-08T15:32:25.418Z	Friend	FRIEND_INVITE	pgo		niasocial, pgo
GoldenTrainer122	2026-05-02T23:10:58.406Z	2026-05-02T23:10:58.380Z	Friend	FRIEND_INVITE	pgo		niasocial, pgo
EmberMaverick380	2026-05-13T02:12:01.699Z	2026-05-13T02:12:01.672Z	Friend	FRIEND_INVITE	pgo		niasocial, pgo
MightyMaverick614	2026-05-23T21:40:46.469Z	2026-05-23T21:40:46.449Z	Friend	FRIEND_INVITE	pgo		niasocial, pgo
ElectricTrainer668	2026-05-23T21:40:47.403Z	2026-05-23T21:40:47.386Z	Friend	FRIEND_INVITE	pgo		niasocial, pgo
MightyRanger556	2026-05-23T21:40:48.973Z	2026-05-23T21:40:48.958Z	Friend	FRIEND_INVITE	pgo		niasocial, pgo
BraveWanderer386	2026-05-23T21:40:50.391Z	2026-05-23T21:40:50.371Z	Friend	FRIEND_INVITE	pgo		niasocial, pgo
WildHunter683	2026-05-24T18:23:41.527Z	2026-05-24T18:23:41.509Z	Friend	FRIEND_INVITE	pgo		niasocial, pgo
CosmicFalcon121	2026-05-24T18:23:42.661Z	2026-05-24T18:23:42.637Z	Friend	FRIEND_INVITE	pgo		niasocial, pgo
RadiantFalcon500	2026-06-03T03:15:04.177Z	2026-06-03T03:15:04.140Z	Friend	FRIEND_GRAPH	niasocial		niasocial, pgo
GoldenTrainer771	2026-06-05T04:59:59.290Z	2026-06-05T04:59:59.267Z	Friend	FRIEND_INVITE	pgo		niasocial, pgo
MightyTracker809	2026-06-07T06:01:42.065Z	2026-06-07T06:01:42.040Z	Friend	FRIEND_GRAPH	niasocial		niasocial, pgo
SwiftPikachu926	2026-06-21T16:03:54.442Z	2026-06-21T16:03:54.415Z	Friend	FRIEND_INVITE	pgo		niasocial, pgo
RadiantComet430	2026-06-25T01:48:36.295Z	2026-06-25T01:48:36.269Z	Friend	FRIEND_INVITE	pgo		niasocial, pgo
BraveStriker134	2026-06-25T01:48:37.263Z	2026-06-25T01:48:37.239Z	Friend	FRIEND_INVITE	pgo		niasocial, pgo
ThunderScout763	2026-06-27T22:01:08.918Z	2026-06-27T22:01:08.900Z	Friend	FRIEND_INVITE	pgo		niasocial, pgo
MightyWanderer116	2026-06-27T22:39:46.894Z	2026-06-27T22:39:46.877Z	Friend	FRIEND_INVITE	pgo		niasocial, pgo
CrystalSage272	2026-06-27T22:41:02.612Z	2026-06-27T22:41:02.595Z	Friend	FRIEND_INVITE	pgo		niasocial, pgo
SwiftHunter545	2026-06-27T22:41:04.238Z	2026-06-27T22:41:04.221Z	Friend	FRIEND_INVITE	pgo		niasocial, pgo
FrostWanderer201	2026-06-27T22:47:10.243Z	2026-06-27T22:47:10.220Z	Friend	FRIEND_INVITE	pgo		niasocial, pgo
BraveHunter775	2026-06-27T23:09:14.015Z	2026-06-27T23:09:13.998Z	Friend	FRIEND_INVITE	pgo		niasocial, pgo
ElectricPikachu259	2026-06-27T23:09:19.557Z	2026-06-27T23:09:19.539Z	Friend	FRIEND_INVITE	pgo		niasocial, pgo
IronComet322	2026-07-13T04:10:41.378Z	2026-07-13T04:10:41.360Z	Friend	FRIEND_INVITE	pgo		niasocial, pgo
CrimsonSage518	2026-07-13T04:10:42.291Z	2026-07-13T04:10:42.261Z	Friend	FRIEND_INVITE	pgo		niasocial, pgo
EmberScout639	2026-07-13T04:10:43.016Z	2026-07-13T04:10:42.994Z	Friend	FRIEND_INVITE	pgo		niasocial, pgo
ShadowTrainer625	2026-07-13T04:10:53.277Z	2026-07-13T04:10:53.254Z	Friend	FRIEND_INVITE	pgo		niasocial, pgo
SolarStriker799	2026-07-13T04:10:55.076Z	2026-07-13T04:10:55.051Z	Friend	FRIEND_INVITE	pgo		niasocial, pgo
RadiantPhoenix593	2026-07-13T04:11:04.153Z	2026-07-13T04:11:04.128Z	Friend	FRIEND_INVITE	pgo		niasocial, pgo
LunarNomad257	2026-07-13T04:11:14.095Z	2026-07-13T04:11:14.076Z	Friend	FRIEND_INVITE	pgo		niasocial, pgo
FrostDragon851	2026-08-01T22:42:12.706Z	2026-08-01T22:42:12.688Z	Friend	FRIEND_INVITE	pgo		niasocial, pgo
CrimsonSage209	2026-08-01T22:42:13.930Z	2026-08-01T22:42:13.912Z	Friend	FRIEND_INVITE	pgo		niasocial, pgo
CosmicDragon879	2026-08-01T22:42:16.240Z	2026-08-01T22:42:16.241Z	Friend	FRIEND_INVITE	pgo		pgo
ShadowRanger102	2026-08-01T22:42:17.079Z	2026-08-01T22:42:17.061Z	Friend	FRIEND_INVITE	pgo		niasocial, pgo
FrostFalcon840	2026-08-01T22:42:19.888Z	2026-08-01T22:42:19.866Z	Friend	FRIEND_INVITE	pgo		niasocial, pgo
EmberPhoenix409	2026-08-01T22:42:21.093Z	2026-08-01T22:42:21.072Z	Friend	FRIEND_INVITE	pgo		niasocial, pgo
CrimsonFalcon510	2026-08-01T22:42:23.839Z	2026-08-01T22:42:23.824Z	Friend	FRIEND_INVITE	pgo		niasocial, pgo
CosmicScout546	2026-08-01T22:42:24.760Z	2026-08-01T22:42:24.740Z	Friend	FRIEND_INVITE	pgo		niasocial, pgo
MysticPikachu854	2026-08-01T22:42:27.198Z	2026-08-01T22:42:27.180Z	Friend	FRIEND_INVITE	pgo		niasocial, pgo
MightyStriker154	2026-08-01T22:42:28.127Z	2026-08-01T22:42:28.110Z	Friend	FRIEND_INVITE	pgo		niasocial, pgo
IronFalcon747	2026-08-01T22:42:29.586Z	2026-08-01T22:42:29.568Z	Friend	FRIEND_INVITE	pgo		niasocial, pgo
MightyTracker529	2026-08-01T22:42:30.497Z	2026-08-01T22:42:30.480Z	Friend	FRIEND_INVITE	pgo		niasocial, pgo
EmberComet610	2026-08-01T22:42:32.137Z	2026-08-01T22:42:32.113Z	Friend	FRIEND_INVITE	pgo		niasocial, pgo
MysticSage510	2026-08-01T22:42:33.885Z	2026-08-01T22:42:33.867Z	Friend	FRIEND_INVITE	pgo		niasocial, pgo
SolarTracker790	2026-08-01T22:42:36.719Z	2026-08-01T22:42:36.720Z	Friend	FRIEND_INVITE	pgo		pgo
TurboMaverick627	2026-08-01T22:49:56.943Z	2026-08-01T22:49:56.925Z	Friend	FRIEND_INVITE	pgo		niasocial, pgo
GoldenScout849	2026-08-01T22:50:00.270Z	2026-08-01T22:50:00.250Z	Friend	FRIEND_INVITE	pgo		niasocial, pgo
ThunderPioneer832	2026-08-01T22:50:00.994Z	2026-08-01T22:50:00.973Z	Friend	FRIEND_INVITE	pgo		niasocial, pgo
CrystalComet205	2026-08-01T22:50:01.680Z	2026-08-01T22:50:01.663Z	Friend	FRIEND_INVITE	pgo		niasocial, pgo
WildRaptor315	2026-08-01T22:50:03.537Z	2026-08-01T22:50:03.515Z	Friend	FRIEND_INVITE	pgo		niasocial, pgo
GoldenRaptor186	2026-08-01T22:50:04.467Z	2026-08-01T22:50:04.448Z	Friend	FRIEND_INVITE	pgo		niasocial, pgo
BraveScout829	2026-08-01T22:50:07.874Z	2026-08-01T22:50:07.838Z	Friend	FRIEND_INVITE	pgo		niasocial, pgo
ShadowRaptor256	2026-08-01T22:50:09.777Z	2026-08-01T22:50:09.758Z	Friend	FRIEND_INVITE	pgo		niasocial, pgo
CosmicRaptor168	2026-08-01T22:50:10.882Z	2026-08-01T22:50:10.865Z	Friend	FRIEND_INVITE	pgo		niasocial, pgo
LunarSage712	2026-08-01T22:50:11.702Z	2026-08-01T22:50:11.685Z	Friend	FRIEND_INVITE	pgo		niasocial, pgo
CrimsonHunter701	2026-08-01T22:50:13.357Z	2026-08-01T22:50:13.341Z	Friend	FRIEND_INVITE	pgo		niasocial, pgo
LuckyNomad540	2026-08-01T22:50:14.132Z	2026-08-01T22:50:14.105Z	Friend	FRIEND_INVITE	pgo		niasocial, pgo
EmberScout360	2026-08-01T22:50:15.134Z	2026-08-01T22:50:15.109Z	Friend	FRIEND_INVITE	pgo		niasocial, pgo
WildTracker827	2026-08-01T22:50:15.996Z	2026-08-01T22:50:15.970Z	Friend	FRIEND_INVITE	pgo		niasocial, pgo
ElectricStriker941	2026-08-01T22:57:02.318Z	2026-08-01T22:57:02.302Z	Friend	FRIEND_INVITE	pgo		niasocial, pgo
TurboMaverick729	2026-08-01T22:57:03.832Z	2026-08-01T22:57:03.815Z	Friend	FRIEND_INVITE	pgo		niasocial, pgo
WildRanger579	2026-08-01T23:04:39.556Z	2026-08-01T23:04:39.538Z	Friend	FRIEND_INVITE	pgo		niasocial, pgo
SwiftTrainer884	2026-08-01T23:04:40.439Z	2026-08-01T23:04:40.419Z	Friend	FRIEND_INVITE	pgo		niasocial, pgo
CrimsonPikachu989	2026-08-01T23:04:41.683Z	2026-08-01T23:04:41.668Z	Friend	FRIEND_INVITE	pgo		niasocial, pgo
RadiantFalcon721	2026-08-01T23:04:42.384Z	2026-08-01T23:04:42.366Z	Friend	FRIEND_INVITE	pgo		niasocial, pgo
CosmicFalcon609	2026-08-01T23:04:43.415Z	2026-08-01T23:04:43.395Z	Friend	FRIEND_INVITE	pgo		niasocial, pgo
CrystalSage754	2026-08-01T23:04:44.347Z	2026-08-01T23:04:44.324Z	Friend	FRIEND_INVITE	pgo		niasocial, pgo
SolarTracker137	2026-08-01T23:04:45.067Z	2026-08-01T23:04:45.051Z	Friend	FRIEND_INVITE	pgo		niasocial, pgo
CrimsonPhoenix522	2026-08-01T23:04:47.403Z	2026-08-01T23:04:47.383Z	Friend	FRIEND_INVITE	pgo		niasocial, pgo
IronTrainer519	2026-08-01T23:04:48.239Z	2026-08-01T23:04:48.221Z	Friend	FRIEND_INVITE	pgo		niasocial, pgo
EmberCharizard528	2026-08-01T23:04:49.170Z	2026-08-01T23:04:49.145Z	Friend	FRIEND_INVITE	pgo		niasocial, pgo
LuckyFalcon969	2026-08-01T23:04:49.834Z	2026-08-01T23:04:49.815Z	Friend	FRIEND_INVITE	pgo		niasocial, pgo
ThunderPhoenix545	2026-08-01T23:04:50.543Z	2026-08-01T23:04:50.525Z	Friend	FRIEND_INVITE	pgo		niasocial, pgo
ElectricVoyager879	2026-08-01T23:04:54.780Z	2026-08-01T23:04:54.765Z	Friend	FRIEND_INVITE	pgo		niasocial, pgo
ThunderPhoenix589	2026-08-01T23:04:56.289Z	2026-08-01T23:04:56.269Z	Friend	FRIEND_INVITE	pgo		niasocial, pgo
EmberNomad396	2026-08-01T23:04:58.354Z	2026-08-01T23:04:58.331Z	Friend	FRIEND_INVITE	pgo		niasocial, pgo
ElectricPhoenix566	2026-08-01T23:05:03.125Z	2026-08-01T23:05:03.102Z	Friend	FRIEND_INVITE	pgo		niasocial, pgo
MightyPioneer316	2026-08-01T23:29:00.701Z	2026-08-01T23:29:00.682Z	Friend	FRIEND_INVITE	pgo		niasocial, pgo
WildComet712	2026-08-01T23:29:04.578Z	2026-08-01T23:29:04.560Z	Friend	FRIEND_INVITE	pgo		niasocial, pgo
ThunderMaverick794	2026-08-01T23:29:06.235Z	2026-08-01T23:29:06.210Z	Friend	FRIEND_INVITE	pgo		niasocial, pgo
RadiantVoyager217	2026-08-01T23:29:09.644Z	2026-08-01T23:29:09.630Z	Friend	FRIEND_INVITE	pgo		niasocial, pgo
RadiantComet811	2026-08-01T23:29:11.225Z	2026-08-01T23:29:11.209Z	Friend	FRIEND_INVITE	pgo		niasocial, pgo
CosmicVoyager927	2026-08-01T23:29:21.078Z	2026-08-01T23:29:21.059Z	Friend	FRIEND_INVITE	pgo		niasocial, pgo
LunarDragon630	2026-08-01T23:29:24.617Z	2026-08-01T23:29:24.595Z	Friend	FRIEND_INVITE	pgo		niasocial, pgo
CrystalAce391	2026-08-01T23:29:36.047Z	2026-08-01T23:29:36.033Z	Friend	FRIEND_INVITE	pgo		niasocial, pgo
FrostNomad273	2026-08-01T23:29:37.734Z	2026-08-01T23:29:37.720Z	Friend	FRIEND_INVITE	pgo		niasocial, pgo
ShadowHunter309	2026-08-01T23:29:42.124Z	2026-08-01T23:29:42.105Z	Friend	FRIEND_INVITE	pgo		niasocial, pgo
LuckyPioneer847	2026-08-01T23:29:43.134Z	2026-08-01T23:29:43.117Z	Friend	FRIEND_INVITE	pgo		niasocial, pgo
EmberRaptor958	2026-08-01T23:29:43.942Z	2026-08-01T23:29:43.923Z	Friend	FRIEND_INVITE	pgo		niasocial, pgo
TurboFalcon900	2026-08-01T23:43:04.751Z	2026-08-01T23:43:04.736Z	Friend	FRIEND_INVITE	pgo		niasocial, pgo
GoldenRanger941	2026-08-01T23:43:29.951Z	2026-08-01T23:43:29.934Z	Friend	FRIEND_INVITE	pgo		niasocial, pgo
RadiantPikachu344	2026-08-01T23:43:37.759Z	2026-08-01T23:43:37.738Z	Friend	FRIEND_INVITE	pgo		niasocial, pgo
TurboCharizard790	2026-08-01T23:43:38.560Z	2026-08-01T23:43:38.541Z	Friend	FRIEND_INVITE	pgo		niasocial, pgo
ElectricPhoenix695	2026-08-01T23:43:43.400Z	2026-08-01T23:43:43.381Z	Friend	FRIEND_INVITE	pgo		niasocial, pgo
ThunderWanderer715	2026-08-07T04:01:37.438Z	2026-08-07T04:01:37.422Z	You	FRIEND_INVITE	pgo		niasocial, pgo
SwiftRanger960	2026-08-22T22:53:17.123Z	2026-08-22T22:53:17.109Z	Friend	FRIEND_INVITE	pgo		niasocial, pgo
LunarPhoenix510	2026-08-23T02:34:01.802Z	2026-08-23T02:34:01.784Z	You	FRIEND_INVITE	pgo		niasocial, pgo
LuckyAce588	2026-08-24T05:37:13.943Z	2026-08-24T05:37:13.914Z	You	FRIEND_INVITE	pgo		niasocial, pgo