Date and Time	Latitude of location reported by game	Longitude of location reported by game
2026-06-27T21:11:01.213Z	33.928529	-118.101494
2026-06-27T21:15:56.130Z	33.927062	-118.101179
2026-06-27T21:25:19.352Z	33.929411	-118.099536
2026-06-27T21:34:18.932Z	33.928437	-118.103284
2026-06-27T21:42:56.995Z	33.927153	-118.104973
2026-06-27T21:45:39.555Z	33.927214	-118.109259
2026-06-27T21:53:20.855Z	33.928873	-118.105987
2026-06-27T22:13:07.491Z	33.930377	-118.102132
2026-06-27T22:20:54.302Z	33.928345	-118.099608
2026-06-27T22:38:54.336Z	33.925411	-118.098810
2026-06-27T22:46:53.761Z	33.925695	-118.096868
2026-06-27T23:23:24.022Z	33.924270	-118.098575
2026-06-29T15:50:46.642Z	34.090533	-118.204595
2026-06-30T15:36:46.977Z	34.146653	-118.380212
2026-07-02T15:04:11.906Z	47.553810	-122.421877
2026-07-02T15:30:14.156Z	47.554921	-122.424980
2026-07-02T15:30:32.166Z	47.555671	-122.424721
2026-07-02T15:30:43.177Z	47.557359	-122.426199
2026-07-02T15:30:56.215Z	47.558570	-122.421351
2026-07-02T15:31:10.263Z	47.557313	-122.424941
2026-07-03T00:11:05.174Z	34.031841	-118.118818
2026-07-03T00:11:19.187Z	34.030565	-118.118770
2026-07-03T00:11:31.148Z	34.027459	-118.120699
2026-07-03T00:11:54.127Z	34.026918	-118.119449
2026-07-03T00:15:48.115Z	34.030317	-118.118876
2026-07-03T00:18:19.202Z	34.027449	-118.118407
2026-07-03T00:19:14.129Z	34.028410	-118.118405
2026-07-03T00:21:15.236Z	34.030285	-118.117906
2026-07-03T00:21:40.147Z	34.029868	-118.114319
2026-07-03T00:22:38.214Z	34.029446	-118.110901
2026-07-03T00:27:03.290Z	34.027661	-118.110670
2026-07-03T00:32:08.197Z	34.030776	-118.112672
2026-07-03T00:39:43.230Z	34.032291	-118.113831
2026-07-03T00:43:08.243Z	34.032497	-118.110122
2026-07-03T00:46:48.208Z	34.030313	-118.110448
2026-07-03T02:58:25.752Z	34.156283	-118.120632
2026-07-03T02:58:37.568Z	34.154556	-118.117778
2026-07-03T03:04:28.517Z	34.155262	-118.113639
2026-07-03T03:09:35.809Z	34.157422	-118.110491
2026-07-03T03:14:35.284Z	34.158017	-118.113511
2026-07-03T03:14:47.034Z	34.159427	-118.112471
2026-07-03T03:20:15.312Z	34.156569	-118.114286
2026-07-03T03:25:39.153Z	34.154755	-118.113554
2026-07-03T03:31:02.234Z	34.156359	-118.115970
2026-07-03T03:31:13.759Z	34.156937	-118.115518
2026-07-03T03:36:42.040Z	34.155568	-118.117242
2026-07-03T03:42:07.274Z	34.157681	-118.114806
2026-07-03T03:42:19.740Z	34.159677	-118.115655
2026-07-03T03:47:44.298Z	34.156933	-118.116948
2026-07-03T03:52:43.776Z	34.155598	-118.119977
2026-07-03T04:01:39.420Z	34.154216	-118.120579
2026-07-03T04:02:31.344Z	34.152626	-118.123320
2026-07-03T04:04:17.324Z	34.154597	-118.125229
2026-07-04T03:26:34.162Z	33.934207	-118.386245
2026-07-04T03:27:16.137Z	33.933612	-118.384912
2026-07-04T03:35:19.179Z	33.935854	-118.385539
2026-07-04T03:35:30.197Z	33.933485	-118.382485
2026-07-04T03:37:20.273Z	33.933123	-118.386427
2026-07-04T03:57:24.086Z	33.934236	-118.384450
2026-07-04T04:00:35.193Z	33.934002	-118.381873
2026-07-04T04:00:53.661Z	33.933834	-118.385444
2026-07-04T04:02:19.236Z	33.934544	-118.389169
2026-07-04T04:03:01.176Z	33.932172	-118.391779
2026-07-04T04:03:33.143Z	33.932755	-118.390675
2026-07-04T04:14:48.226Z	33.935507	-118.388868
2026-07-04T04:15:00.254Z	33.933545	-118.391655
2026-07-04T04:15:20.143Z	33.937015	-118.392186
2026-07-04T04:15:43.174Z	33.938395	-118.391606
2026-07-04T23:20:51.597Z	33.960793	-118.322883
2026-07-04T23:21:45.228Z	33.960232	-118.321945
2026-07-04T23:26:50.183Z	33.960970	-118.318646
2026-07-04T23:28:11.184Z	33.958544	-118.319523
2026-07-04T23:28:26.176Z	33.959105	-118.321933
2026-07-04T23:29:44.617Z	33.958520	-118.322282
2026-07-04T23:29:55.204Z	33.957566	-118.326372
2026-07-04T23:35:12.237Z	33.957556	-118.327674
2026-07-04T23:36:12.206Z	33.958317	-118.330374
2026-07-04T23:37:42.371Z	33.956563	-118.326872
2026-07-04T23:43:57.188Z	33.957599	-118.327392
2026-07-04T23:44:10.226Z	33.956389	-118.329137
2026-07-04T23:45:02.233Z	33.958552	-118.326412
2026-07-05T03:56:30.193Z	33.993374	-118.053088
2026-07-05T04:05:06.219Z	33.990880	-118.050265
2026-07-05T04:05:18.054Z	33.987976	-118.051227
2026-07-05T04:05:52.391Z	33.988537	-118.051531
2026-07-05T04:07:31.749Z	33.989992	-118.052356
2026-07-05T04:07:53.200Z	33.991564	-118.051132
2026-07-05T04:08:31.194Z	33.991844	-118.054875
2026-07-05T04:09:05.921Z	33.989461	-118.057819
2026-07-05T04:09:49.578Z	33.989605	-118.058168
2026-07-05T04:10:11.205Z	33.992604	-118.056133
2026-07-05T04:13:17.156Z	33.995955	-118.054935
2026-07-05T04:13:38.111Z	33.994835	-118.056175
2026-07-05T04:14:25.575Z	33.995351	-118.060332
2026-07-05T04:14:41.190Z	33.992353	-118.062613
2026-07-05T04:19:29.142Z	33.993779	-118.062494
2026-07-06T15:02:03.285Z	34.104715	-118.217042
2026-07-06T15:02:17.432Z	34.105947	-118.215564
2026-07-06T15:02:36.970Z	34.107422	-118.216301
2026-07-06T15:03:22.381Z	34.109489	-118.213672
2026-07-06T15:11:38.219Z	34.112498	-118.215244
2026-07-06T15:26:32.176Z	34.114120	-118.214346
2026-07-06T15:26:55.216Z	34.114328	-118.212930
2026-07-06T15:27:07.221Z	34.117201	-118.214078
2026-07-06T15:27:30.323Z	34.116293	-118.214085
2026-07-06T15:27:42.309Z	34.116194	-118.210096
2026-07-06T15:27:59.102Z	34.115982	-118.209334
2026-07-06T15:28:11.402Z	34.114691	-118.208572
2026-07-06T15:28:28.215Z	34.113882	-118.205099
2026-07-06T15:28:39.814Z	34.114514	-118.206466
2026-07-06T15:28:54.216Z	34.117864	-118.205782
2026-07-06T15:29:20.218Z	34.114573	-118.205458
2026-07-06T15:29:32.198Z	34.114730	-118.204747
2026-07-06T15:29:46.237Z	34.116082	-118.206380
2026-07-06T15:30:06.205Z	34.116157	-118.202977
2026-07-07T16:33:42.175Z	34.156484	-118.237037
2026-07-09T03:16:32.309Z	41.910521	-87.548173
2026-07-09T03:16:51.252Z	41.908328	-87.551910
2026-07-09T03:17:03.310Z	41.908093	-87.554253
2026-07-09T03:17:25.253Z	41.911437	-87.555623
2026-07-09T03:18:15.185Z	41.914252	-87.557586
2026-07-09T03:31:19.254Z	41.914904	-87.557796
2026-07-09T03:33:16.196Z	41.916250	-87.557903
2026-07-09T03:34:14.217Z	41.918727	-87.558900
2026-07-09T03:34:33.191Z	41.917662	-87.557015
2026-07-09T03:35:03.248Z	41.915496	-87.556571
2026-07-09T03:37:36.245Z	41.915940	-87.558848
2026-07-09T03:38:32.369Z	41.914862	-87.560130
2026-07-09T03:40:09.332Z	41.913923	-87.558249
2026-07-09T03:42:49.178Z	41.914641	-87.555580
2026-07-09T03:46:42.180Z	41.915892	-87.557522
2026-07-09T03:53:07.186Z	41.912593	-87.555870
2026-07-09T03:57:04.138Z	41.913853	-87.553301
2026-07-09T03:57:44.140Z	41.913222	-87.557564
2026-07-09T03:59:47.349Z	41.915524	-87.555899
2026-07-09T04:00:50.204Z	41.912628	-87.553830
2026-07-09T04:01:48.283Z	41.912273	-87.553900
2026-07-09T04:02:00.187Z	41.910754	-87.555662
2026-07-09T04:02:55.185Z	41.910634	-87.559911
2026-07-09T04:04:21.218Z	41.911035	-87.558157
2026-07-09T04:04:38.232Z	41.909495	-87.559456
2026-07-09T04:07:31.256Z	41.910136	-87.559984
2026-07-09T14:39:22.403Z	34.148091	-118.364695
2026-07-09T14:40:13.194Z	34.149319	-118.364587
2026-07-09T14:40:29.164Z	34.148222	-118.368124
2026-07-09T14:40:48.203Z	34.148612	-118.366669
2026-07-09T14:53:17.493Z	34.148795	-118.369741
2026-07-09T15:01:55.433Z	34.146828	-118.367023
2026-07-09T15:03:34.150Z	34.147140	-118.367193
2026-07-09T15:04:00.203Z	34.146009	-118.365487
2026-07-09T15:05:39.277Z	34.144395	-118.365637
2026-07-09T15:07:35.625Z	34.144155	-118.361928
2026-07-09T15:07:48.588Z	34.145457	-118.358755
2026-07-09T15:08:20.259Z	34.148923	-118.358421
2026-07-09T15:08:34.027Z	34.147382	-118.359467
2026-07-09T15:09:19.206Z	34.145956	-118.359842
2026-07-09T15:10:02.211Z	34.143589	-118.357535
2026-07-09T15:11:21.373Z	34.143012	-118.358857
2026-07-09T15:11:55.143Z	34.144577	-118.359937
2026-07-09T15:12:07.189Z	34.144632	-118.359806
2026-07-09T15:12:22.175Z	34.142595	-118.361626
2026-07-09T15:12:35.124Z	34.143713	-118.362460
2026-07-09T15:13:37.142Z	34.146000	-118.363057
2026-07-09T15:13:51.180Z	34.147137	-118.364279
2026-07-09T15:14:04.250Z	34.147108	-118.361874
2026-07-09T15:14:20.225Z	34.147092	-118.364413
2026-07-09T15:14:37.232Z	34.146215	-118.366277
2026-07-09T15:15:44.144Z	34.148212	-118.367398
2026-07-09T15:16:01.224Z	34.145494	-118.366242
2026-07-11T00:07:17.356Z	33.895149	-118.346241
2026-07-11T00:07:45.960Z	33.896994	-118.349777
2026-07-11T00:10:39.235Z	33.899133	-118.346410
2026-07-11T00:12:51.382Z	33.898238	-118.346746
2026-07-11T00:14:50.150Z	33.896316	-118.345851
2026-07-11T00:15:28.188Z	33.897909	-118.342560
2026-07-11T00:16:09.179Z	33.899249	-118.346503
2026-07-11T00:16:21.198Z	33.901326	-118.349572
2026-07-11T00:42:47.239Z	33.902552	-118.348220
2026-07-11T00:43:38.163Z	33.904933	-118.351181
2026-07-11T00:45:00.155Z	33.902558	-118.349026
2026-07-11T00:45:12.237Z	33.901787	-118.348460
2026-07-11T00:45:52.206Z	33.903673	-118.351321
2026-07-11T00:53:53.233Z	33.900785	-118.348761
2026-07-11T00:54:13.197Z	33.899370	-118.351198
2026-07-11T00:56:31.164Z	33.902029	-118.352654
2026-07-11T00:57:34.202Z	33.904523	-118.354586
2026-07-11T00:58:23.228Z	33.905095	-118.358056
2026-07-11T00:59:03.205Z	33.905584	-118.358419
2026-07-11T01:02:17.217Z	33.905789	-118.359119
2026-07-11T16:11:29.643Z	34.125059	-118.127871
2026-07-11T16:12:19.686Z	34.127548	-118.129008
2026-07-11T16:17:43.606Z	34.130305	-118.127724
2026-07-11T16:23:31.189Z	34.129289	-118.124669
2026-07-11T16:28:48.166Z	34.130660	-118.127954
2026-07-11T16:32:31.184Z	34.129442	-118.127481
2026-07-11T16:34:14.030Z	34.126731	-118.126755
2026-07-11T16:39:02.580Z	34.127323	-118.126895
2026-07-11T16:42:01.165Z	34.124952	-118.129674
2026-07-11T16:48:26.913Z	34.124446	-118.125921
2026-07-11T16:50:33.387Z	34.126380	-118.125240
2026-07-11T16:50:46.743Z	34.128068	-118.123368
2026-07-11T16:53:48.331Z	34.126921	-118.126945
2026-07-11T16:58:54.397Z	34.129037	-118.127202
2026-07-11T17:08:58.489Z	34.130501	-118.124250
2026-07-11T17:22:30.009Z	34.130219	-118.125421
2026-07-11T17:26:27.900Z	34.128566	-118.127682
2026-07-11T17:30:33.233Z	34.129382	-118.130090
2026-07-11T17:39:04.843Z	34.126850	-118.128761
2026-07-11T17:39:36.118Z	34.128177	-118.129195
2026-07-11T17:48:42.351Z	34.129068	-118.131575
2026-07-11T17:55:33.634Z	34.131577	-118.132990
2026-07-11T17:56:56.855Z	34.134026	-118.133514
2026-07-11T17:59:23.435Z	34.130821	-118.133625
2026-07-11T18:04:40.215Z	34.129904	-118.132149
2026-07-11T18:08:39.039Z	34.127528	-118.133129
2026-07-11T18:10:12.620Z	34.124125	-118.133630
2026-07-11T18:14:17.829Z	34.123359	-118.133401
2026-07-11T18:18:48.416Z	34.122617	-118.130278
2026-07-11T18:19:02.869Z	34.123791	-118.130676
2026-07-11T18:28:01.868Z	34.125076	-118.130835
2026-07-11T18:29:44.712Z	34.124450	-118.127779
2026-07-11T18:32:52.346Z	34.124057	-118.129719
2026-07-11T18:38:18.083Z	34.122802	-118.129185
2026-07-11T18:39:50.883Z	34.120642	-118.126490
2026-07-11T18:47:49.257Z	34.120981	-118.122960
2026-07-11T18:49:38.623Z	34.121680	-118.123503
2026-07-11T18:54:58.917Z	34.124164	-118.123125
2026-07-11T18:55:34.738Z	34.126913	-118.124187
2026-07-11T18:58:07.262Z	34.127683	-118.119977
2026-07-11T19:07:41.297Z	34.130115	-118.118697
2026-07-11T19:11:30.716Z	34.131415	-118.119431
2026-07-11T19:14:34.206Z	34.130314	-118.116095
2026-07-11T19:23:18.924Z	34.132448	-118.116432
2026-07-11T19:28:28.267Z	34.130956	-118.116820
2026-07-11T19:33:39.844Z	34.133035	-118.113903
2026-07-11T19:37:29.958Z	34.132004	-118.111095
2026-07-11T19:37:53.292Z	34.132394	-118.114182
2026-07-11T19:42:18.144Z	34.133589	-118.116583
2026-07-11T19:46:28.830Z	34.131789	-118.112865
2026-07-11T19:49:54.225Z	34.133490	-118.109748
2026-07-11T19:52:22.985Z	34.132824	-118.108203
2026-07-11T19:55:14.283Z	34.132440	-118.110318
2026-07-11T19:59:30.227Z	34.133140	-118.108120
2026-07-11T20:00:22.735Z	34.134325	-118.107257
2026-07-11T20:01:18.179Z	34.133716	-118.105941
2026-07-11T20:09:51.174Z	34.133795	-118.103119
2026-07-11T20:18:09.224Z	34.132069	-118.100193
2026-07-11T20:34:31.418Z	34.133912	-118.096965
2026-07-11T20:50:24.192Z	34.132342	-118.093336
2026-07-11T21:23:17.046Z	34.135061	-118.093192
2026-07-11T21:39:52.622Z	34.134669	-118.093433
2026-07-11T21:46:37.589Z	34.136335	-118.094121
2026-07-11T22:04:24.125Z	34.138215	-118.092755
2026-07-11T22:06:54.234Z	34.136614	-118.090567
2026-07-11T22:10:53.114Z	34.136611	-118.088340
2026-07-11T22:17:09.401Z	34.133693	-118.089420
2026-07-11T22:19:22.333Z	34.135806	-118.091050
2026-07-11T22:25:45.322Z	34.136281	-118.093626
2026-07-11T22:26:10.778Z	34.139059	-118.091549
2026-07-11T22:31:24.775Z	34.138009	-118.092992
2026-07-11T22:37:06.958Z	34.135502	-118.092333
2026-07-11T22:41:59.233Z	34.134190	-118.094352
2026-07-11T22:44:11.969Z	34.131509	-118.094439
2026-07-11T22:49:11.824Z	34.131453	-118.091701
2026-07-11T22:52:21.765Z	34.128187	-118.090597
2026-07-11T22:56:26.766Z	34.126362	-118.092252
2026-07-11T23:02:35.543Z	34.129618	-118.092459
2026-07-11T23:03:27.645Z	34.126756	-118.090801
2026-07-11T23:04:41.912Z	34.127029	-118.087956
2026-07-11T23:08:32.769Z	34.128951	-118.088912
2026-07-11T23:14:34.788Z	34.130578	-118.089842
2026-07-11T23:16:36.550Z	34.128943	-118.088676
2026-07-11T23:21:50.281Z	34.129003	-118.091604
2026-07-11T23:22:13.076Z	34.126199	-118.088961
2026-07-11T23:27:48.964Z	34.129451	-118.087830
2026-07-11T23:33:21.608Z	34.130366	-118.083810
2026-07-11T23:34:53.111Z	34.130836	-118.084264
2026-07-11T23:38:54.328Z	34.130639	-118.081120
2026-07-11T23:42:56.969Z	34.133647	-118.079838
2026-07-11T23:44:05.745Z	34.137022	-118.079396
2026-07-11T23:47:42.732Z	34.139710	-118.077753
2026-07-11T23:52:27.781Z	34.139812	-118.081490
2026-07-11T23:57:39.687Z	34.139114	-118.083715
2026-07-11T23:59:41.630Z	34.140405	-118.086797
2026-07-12T00:04:58.923Z	34.138887	-118.083813
2026-07-12T00:07:38.899Z	34.140618	-118.084462
2026-07-12T00:18:28.090Z	34.140020	-118.080469
2026-07-12T00:18:48.783Z	34.141065	-118.078914
2026-07-12T00:23:39.249Z	34.142240	-118.081560
2026-07-12T00:34:34.244Z	34.143697	-118.080872
2026-07-12T00:35:35.350Z	34.144086	-118.082102
2026-07-12T00:37:44.834Z	34.144819	-118.083131
2026-07-12T00:42:51.420Z	34.147518	-118.084369
2026-07-12T00:45:55.898Z	34.145833	-118.087343
2026-07-12T00:46:13.685Z	34.149203	-118.088154
2026-07-12T00:51:10.855Z	34.149176	-118.091266
2026-07-12T00:56:29.408Z	34.147397	-118.093793
2026-07-12T00:58:53.422Z	34.146544	-118.091324
2026-07-12T01:03:59.574Z	34.146219	-118.094550
2026-07-12T01:12:56.159Z	34.144482	-118.092565
2026-07-12T01:13:56.199Z	34.142716	-118.092954
2026-07-12T16:38:32.692Z	33.935898	-118.296871
2026-07-12T16:41:30.957Z	33.935177	-118.293064
2026-07-12T16:41:46.707Z	33.937412	-118.295257
2026-07-12T16:46:45.052Z	33.939821	-118.298049
2026-07-12T16:46:52.993Z	33.941086	-118.295760
2026-07-12T16:52:27.851Z	33.942128	-118.293085
2026-07-12T16:55:36.012Z	33.940625	-118.294007
2026-07-12T17:11:52.658Z	33.941187	-118.297986
2026-07-12T17:18:56.923Z	33.940465	-118.298776
2026-07-12T17:20:57.799Z	33.943137	-118.296318
2026-07-12T17:26:39.685Z	33.942201	-118.294513
2026-07-12T17:30:15.434Z	33.942743	-118.296511
2026-07-12T17:32:52.097Z	33.942284	-118.299715
2026-07-12T17:39:50.671Z	33.945016	-118.297657
2026-07-12T17:50:47.619Z	33.943264	-118.300922
2026-07-12T17:54:06.185Z	33.940637	-118.302477
2026-07-12T17:57:59.230Z	33.940453	-118.304939
2026-07-12T18:24:34.903Z	33.940536	-118.301946
2026-07-12T18:24:48.614Z	33.943812	-118.302222
2026-07-12T18:30:02.597Z	33.941732	-118.299461
2026-07-12T18:35:49.243Z	33.943375	-118.296272
2026-07-12T18:41:37.056Z	33.945621	-118.293752
2026-07-12T18:41:51.545Z	33.943245	-118.295963
2026-07-12T18:46:55.370Z	33.945936	-118.294639
2026-07-12T18:48:48.267Z	33.947733	-118.297070
2026-07-12T19:23:23.057Z	33.949218	-118.297246
2026-07-12T19:26:51.099Z	33.952229	-118.297788
2026-07-12T19:27:44.630Z	33.953772	-118.299712
2026-07-12T19:43:23.156Z	33.955862	-118.297010
2026-07-12T19:59:36.266Z	33.958785	-118.296466
2026-07-12T20:26:41.286Z	33.958785	-118.295039
2026-07-12T20:43:57.859Z	33.959762	-118.293159
2026-07-12T20:44:43.650Z	33.962473	-118.292542
2026-07-12T20:47:27.605Z	33.960273	-118.293583
2026-07-12T20:57:06.561Z	33.958399	-118.290669
2026-07-12T21:02:35.686Z	33.960441	-118.292260
2026-07-12T21:15:32.754Z	33.960209	-118.294576
2026-07-12T21:23:06.629Z	33.960797	-118.296017
2026-07-12T21:23:29.534Z	33.959643	-118.299752
2026-07-12T21:30:52.905Z	33.956977	-118.299703
2026-07-12T21:36:45.053Z	33.954238	-118.301552
2026-07-12T21:38:36.612Z	33.952696	-118.301540
2026-07-12T21:50:30.043Z	33.951543	-118.299224
2026-07-12T21:55:46.723Z	33.955098	-118.299669
2026-07-12T21:57:00.901Z	33.957868	-118.298849
2026-07-12T22:02:08.085Z	33.960467	-118.298193
2026-07-12T22:04:58.652Z	33.960452	-118.299733
2026-07-12T22:13:49.267Z	33.960613	-118.301049
2026-07-12T22:19:34.805Z	33.959784	-118.298845
2026-07-12T22:22:18.882Z	33.960612	-118.300218
2026-07-12T22:22:49.661Z	33.963361	-118.298586
2026-07-12T22:23:28.494Z	33.959933	-118.299625
2026-07-12T22:35:26.005Z	33.959940	-118.302048
2026-07-12T22:36:08.121Z	33.962240	-118.303605
2026-07-12T22:36:44.594Z	33.963091	-118.301932
2026-07-12T22:38:12.883Z	33.962962	-118.299511
2026-07-12T22:50:08.947Z	33.962619	-118.298426
2026-07-12T22:50:55.530Z	33.963288	-118.297517
2026-07-12T23:00:30.435Z	33.962092	-118.294619
2026-07-12T23:04:33.372Z	33.960608	-118.292335
2026-07-12T23:07:28.174Z	33.961927	-118.289523
2026-07-12T23:08:51.445Z	33.960188	-118.292904
2026-07-12T23:16:54.229Z	33.958249	-118.290196
2026-07-12T23:22:58.621Z	33.956343	-118.293657
2026-07-12T23:23:13.350Z	33.954376	-118.290740
2026-07-12T23:26:25.474Z	33.955705	-118.291818
2026-07-12T23:31:31.037Z	33.953320	-118.291381
2026-07-12T23:41:33.158Z	33.954236	-118.287837
2026-07-12T23:46:00.078Z	33.952260	-118.285980
2026-07-12T23:48:36.539Z	33.952008	-118.285289
2026-07-12T23:50:32.868Z	33.951492	-118.283034
2026-07-12T23:52:50.582Z	33.949852	-118.285686
2026-07-12T23:55:36.470Z	33.952839	-118.285681
2026-07-13T00:05:48.916Z	33.954860	-118.283370
2026-07-13T00:10:17.399Z	33.954006	-118.280904
2026-07-13T00:14:07.031Z	33.950730	-118.279481
2026-07-13T00:15:12.334Z	33.949342	-118.280920
2026-07-13T00:22:56.062Z	33.949785	-118.280648
2026-07-13T00:29:47.841Z	33.950834	-118.280215
2026-07-13T00:43:17.635Z	33.952753	-118.278706
2026-07-13T00:43:47.310Z	33.952198	-118.281192
2026-07-13T00:56:17.744Z	33.951345	-118.280094
2026-07-13T01:00:33.389Z	33.953052	-118.278682
2026-07-13T01:07:56.590Z	33.951441	-118.277693
2026-07-13T01:12:36.250Z	33.951874	-118.277187
2026-07-13T01:16:00.501Z	33.950498	-118.277094
2026-07-13T01:22:04.481Z	33.948543	-118.273720
2026-07-13T01:27:29.064Z	33.946260	-118.273273
2026-07-13T01:31:16.442Z	33.945289	-118.272111
2026-07-13T01:35:48.329Z	33.944536	-118.273103
2026-07-13T01:38:37.759Z	33.944670	-118.269703
2026-07-13T01:46:40.983Z	33.942836	-118.271658
2026-07-13T01:53:45.730Z	33.943894	-118.272365
2026-07-13T01:58:46.895Z	33.942717	-118.273911
2026-07-13T16:41:57.951Z	41.874322	-87.535770
2026-07-13T16:51:35.488Z	41.874461	-87.534853
2026-07-13T17:02:20.180Z	41.877590	-87.532535
2026-07-13T17:11:26.031Z	41.876297	-87.528784
2026-07-13T20:52:28.751Z	34.135721	-118.178840
2026-07-13T20:52:39.624Z	34.134109	-118.178069
2026-07-13T20:57:32.061Z	34.133168	-118.176442
2026-07-13T20:57:43.650Z	34.131505	-118.179527
2026-07-13T21:02:44.829Z	34.133208	-118.183219
2026-07-13T21:02:55.791Z	34.133461	-118.187229
2026-07-13T21:07:50.413Z	34.132661	-118.189154
2026-07-13T21:08:59.367Z	34.134706	-118.187517
2026-07-13T21:12:54.362Z	34.134088	-118.184770
2026-07-13T21:14:20.536Z	34.136446	-118.182852
2026-07-13T21:18:06.929Z	34.133638	-118.183883
2026-07-13T21:19:49.106Z	34.131614	-118.183349
2026-07-13T21:23:30.998Z	34.131291	-118.181576
2026-07-13T21:24:55.606Z	34.131222	-118.181152
2026-07-13T21:28:57.925Z	34.133606	-118.180093
2026-07-13T21:32:45.896Z	34.134786	-118.177712
2026-07-13T21:34:11.431Z	34.132533	-118.180648
2026-07-13T21:38:11.337Z	34.130718	-118.183901
2026-07-13T21:39:35.901Z	34.129879	-118.183830
2026-07-13T21:44:07.655Z	34.131155	-118.186094
2026-07-13T21:44:43.513Z	34.130687	-118.185452
2026-07-14T02:47:10.492Z	35.675032	139.575335
2026-07-14T02:48:52.928Z	35.672307	139.573925
2026-07-14T02:52:34.723Z	35.673565	139.576959
2026-07-14T02:57:39.832Z	35.674111	139.579212
2026-07-14T03:03:51.740Z	35.674240	139.579907
2026-07-14T03:08:31.284Z	35.670960	139.578730
2026-07-14T03:12:13.290Z	35.672013	139.575182
2026-07-14T03:15:32.286Z	35.673157	139.577399
2026-07-14T03:19:32.489Z	35.675741	139.577544
2026-07-14T03:26:13.185Z	35.674197	139.578561
2026-07-14T03:29:56.013Z	35.671773	139.581523
2026-07-14T03:31:00.545Z	35.672211	139.582110
2026-07-14T03:32:22.809Z	35.672809	139.586192
2026-07-14T03:35:43.172Z	35.670388	139.589140
2026-07-14T03:37:48.610Z	35.669062	139.590567
2026-07-14T03:39:59.786Z	35.670789	139.588692
2026-07-14T03:41:42.159Z	35.667548	139.589337
2026-07-14T03:43:11.158Z	35.666014	139.585892
2026-07-14T03:44:43.123Z	35.663752	139.584304
2026-07-14T03:47:58.181Z	35.664134	139.584766
2026-07-14T03:50:54.181Z	35.661309	139.582306
2026-07-14T03:54:24.220Z	35.663367	139.585763
2026-07-14T03:55:04.673Z	35.661115	139.583573
2026-07-14T03:59:36.216Z	35.659834	139.584164
2026-07-14T04:01:11.194Z	35.657918	139.581510
2026-07-14T04:06:42.274Z	35.658761	139.584343
2026-07-14T04:12:00.165Z	35.659529	139.583850
2026-07-14T04:12:55.194Z	35.662976	139.583008
2026-07-14T04:13:08.468Z	35.665958	139.584754
2026-07-14T04:13:59.162Z	35.669224	139.585027
2026-07-14T04:14:42.140Z	35.668913	139.586394
2026-07-14T04:15:37.215Z	35.667293	139.589146
2026-07-14T04:16:07.209Z	35.666634	139.586376
2026-07-14T04:16:25.497Z	35.668402	139.583560
2026-07-14T04:21:42.197Z	35.671185	139.581558
2026-07-14T04:37:31.224Z	35.672530	139.580896
2026-07-14T05:06:00.468Z	35.670421	139.577755
2026-07-14T15:26:10.952Z	34.125407	-118.216328
2026-07-14T15:27:52.149Z	34.128106	-118.214746
2026-07-14T15:28:05.377Z	34.126611	-118.217830
2026-07-14T15:28:34.180Z	34.126006	-118.217760
2026-07-14T15:28:48.155Z	34.124376	-118.214559
2026-07-14T15:29:14.145Z	34.127190	-118.217012
2026-07-14T15:30:01.171Z	34.126336	-118.217862
2026-07-14T15:30:55.138Z	34.128895	-118.217803
2026-07-14T15:31:23.170Z	34.126750	-118.214843
2026-07-14T15:31:33.781Z	34.125056	-118.214954
2026-07-14T15:32:10.821Z	34.123819	-118.218490
2026-07-14T15:32:50.796Z	34.122619	-118.222554
2026-07-14T15:33:03.226Z	34.123358	-118.225474
2026-07-14T15:33:14.026Z	34.123573	-118.221735
2026-07-14T15:34:35.237Z	34.122887	-118.224080
2026-07-14T15:35:48.478Z	34.124350	-118.223713
2026-07-14T15:37:51.229Z	34.125698	-118.226287
2026-07-14T15:40:14.134Z	34.125544	-118.225100
2026-07-14T15:41:40.378Z	34.127393	-118.224267
2026-07-14T15:41:51.506Z	34.128025	-118.221233
2026-07-14T15:42:48.745Z	34.127819	-118.218167
2026-07-14T15:46:29.473Z	34.129276	-118.217452
2026-07-14T15:47:23.015Z	34.128421	-118.219929
2026-07-14T15:48:11.896Z	34.130117	-118.216863
2026-07-14T15:48:22.781Z	34.128256	-118.217141
2026-07-14T15:48:40.665Z	34.128328	-118.216249
2026-07-14T15:49:06.811Z	34.130691	-118.217758
2026-07-14T15:52:31.656Z	34.128719	-118.216434
2026-07-14T15:53:28.841Z	34.129187	-118.219553
2026-07-14T15:54:20.081Z	34.125944	-118.218265
2026-07-14T15:58:03.086Z	34.128513	-118.219288
2026-07-14T16:00:39.434Z	34.129218	-118.219432
2026-07-14T16:03:28.444Z	34.129914	-118.220477
2026-07-14T16:06:04.300Z	34.129632	-118.222465
2026-07-14T16:10:06.069Z	34.130625	-118.220100
2026-07-14T16:13:39.471Z	34.128723	-118.221209
2026-07-14T16:15:28.701Z	34.130216	-118.218849
2026-07-14T16:18:48.790Z	34.130627	-118.217209
2026-07-14T16:22:51.225Z	34.128572	-118.216978
2026-07-14T16:25:34.733Z	34.130483	-118.214313
2026-07-14T16:58:45.308Z	34.130074	-118.216294
2026-07-14T17:00:18.900Z	34.131222	-118.213593
2026-07-14T17:03:58.849Z	34.130177	-118.212461
2026-07-14T17:08:49.054Z	34.128602	-118.211557
2026-07-14T17:10:41.264Z	34.132001	-118.210308
2026-07-14T17:11:26.391Z	34.134237	-118.207942
2026-07-14T17:14:33.268Z	34.133015	-118.206008
2026-07-14T17:19:43.790Z	34.131396	-118.207249
2026-07-14T17:21:29.294Z	34.131083	-118.206118
2026-07-14T17:25:06.546Z	34.128379	-118.208310
2026-07-14T17:27:02.659Z	34.127884	-118.212381
2026-07-14T17:59:01.018Z	34.127748	-118.210440
2026-07-14T18:04:09.853Z	34.125916	-118.210540
2026-07-14T18:06:30.406Z	34.123735	-118.207596
2026-07-14T18:08:18.398Z	34.122210	-118.204290
2026-07-14T18:12:04.033Z	34.123280	-118.204122
2026-07-14T18:14:32.183Z	34.121754	-118.204580
2026-07-14T18:18:29.255Z	34.122372	-118.207291
2026-07-14T18:20:18.184Z	34.121340	-118.206325
2026-07-14T18:22:18.972Z	34.122729	-118.208207
2026-07-14T18:24:14.411Z	34.123184	-118.208132
2026-07-14T18:25:02.829Z	34.121191	-118.211164
2026-07-14T18:26:02.270Z	34.122921	-118.214426
2026-07-14T18:28:45.933Z	34.125296	-118.213003
2026-07-14T18:29:55.729Z	34.126888	-118.213055
2026-07-14T18:31:04.425Z	34.126620	-118.210013
2026-07-14T18:31:45.723Z	34.128434	-118.207310
2026-07-14T18:34:34.681Z	34.127175	-118.209019
2026-07-14T18:34:57.659Z	34.124888	-118.211968
2026-07-14T18:36:31.471Z	34.125811	-118.214361
2026-07-14T18:36:42.819Z	34.123090	-118.211666
2026-07-14T18:39:54.618Z	34.121297	-118.211979
2026-07-14T18:40:14.517Z	34.121631	-118.211796
2026-07-14T18:42:01.333Z	34.119372	-118.211440
2026-07-14T18:42:12.644Z	34.118213	-118.210804
2026-07-14T18:46:08.807Z	34.117686	-118.213247
2026-07-14T18:47:22.052Z	34.116223	-118.216884
2026-07-14T18:47:53.784Z	34.117144	-118.215622
2026-07-14T18:48:05.186Z	34.116430	-118.212129
2026-07-14T18:50:16.847Z	34.115808	-118.214490
2026-07-14T18:52:49.071Z	34.115360	-118.212363
2026-07-14T18:52:59.970Z	34.117090	-118.215522
2026-07-14T18:53:19.648Z	34.116998	-118.213862
2026-07-14T18:53:30.934Z	34.114146	-118.215277
2026-07-14T18:55:24.375Z	34.114767	-118.212696
2026-07-14T18:58:21.205Z	34.113733	-118.211583
2026-07-14T18:58:32.032Z	34.114120	-118.207643
2026-07-14T19:08:34.192Z	34.112705	-118.208653
2026-07-14T19:10:14.823Z	34.113384	-118.212079
2026-07-14T19:44:07.219Z	34.111260	-118.209219
2026-07-14T19:44:24.980Z	34.111920	-118.209029
2026-07-14T19:45:26.725Z	34.109876	-118.206619
2026-07-14T19:49:28.075Z	34.110103	-118.204244
2026-07-14T19:53:50.239Z	34.109845	-118.201649
2026-07-14T20:25:13.448Z	34.109404	-118.203842
2026-07-14T20:25:24.399Z	34.111198	-118.205336
2026-07-14T20:30:48.972Z	34.110829	-118.204142
2026-07-14T20:30:59.819Z	34.109168	-118.202962
2026-07-14T20:36:39.694Z	34.109420	-118.199647
2026-07-14T20:36:51.538Z	34.107402	-118.197844
2026-07-14T20:40:52.727Z	34.106187	-118.197369
2026-07-14T20:42:07.490Z	34.107118	-118.199509
2026-07-14T20:43:50.960Z	34.104061	-118.197385
2026-07-14T20:46:42.672Z	34.106213	-118.199757
2026-07-14T20:47:26.330Z	34.105589	-118.203064
2026-07-14T20:49:09.156Z	34.106398	-118.205297
2026-07-14T20:52:08.969Z	34.106530	-118.208596
2026-07-14T20:52:50.392Z	34.108210	-118.211352
2026-07-14T20:57:11.570Z	34.105158	-118.212016
2026-07-14T20:57:58.172Z	34.104351	-118.212265
2026-07-14T20:58:38.978Z	34.106574	-118.214453
2026-07-14T21:02:24.855Z	34.106996	-118.217175
2026-07-14T21:03:10.886Z	34.107292	-118.218105
2026-07-14T21:04:24.125Z	34.110814	-118.218487
2026-07-14T21:07:55.471Z	34.109987	-118.219861
2026-07-14T21:08:42.926Z	34.106999	-118.218475
2026-07-14T21:10:00.293Z	34.105685	-118.218751
2026-07-14T21:13:45.051Z	34.103311	-118.217564
2026-07-14T21:14:26.072Z	34.101312	-118.217410
2026-07-14T21:18:29.219Z	34.103797	-118.214779
2026-07-14T21:19:14.224Z	34.106943	-118.216378
2026-07-14T21:20:42.352Z	34.105974	-118.217411
2026-07-14T21:23:53.644Z	34.106608	-118.217623
2026-07-14T21:32:41.355Z	34.108687	-118.215300
2026-07-14T21:32:52.025Z	34.106673	-118.216660
2026-07-14T21:34:53.295Z	34.107357	-118.217626
2026-07-14T21:38:07.699Z	34.107970	-118.214510
2026-07-14T21:38:18.628Z	34.111350	-118.215629
2026-07-14T21:43:09.413Z	34.111800	-118.217572
2026-07-14T21:43:19.894Z	34.111989	-118.221613
2026-07-14T21:43:30.872Z	34.110478	-118.224838
2026-07-14T21:48:43.014Z	34.108292	-118.224043
2026-07-14T21:48:54.732Z	34.107975	-118.221253
2026-07-14T21:50:51.415Z	34.106024	-118.219913
2026-07-14T21:53:53.964Z	34.104395	-118.219215
2026-07-14T21:54:04.547Z	34.103668	-118.217157
2026-07-14T21:59:21.671Z	34.106297	-118.215894
2026-07-14T21:59:32.777Z	34.103736	-118.214252
2026-07-14T22:00:01.336Z	34.102953	-118.213930
2026-07-14T22:04:54.010Z	34.105504	-118.211586
2026-07-14T22:10:35.159Z	34.106807	-118.208767
2026-07-14T22:10:46.266Z	34.106259	-118.210617
2026-07-14T22:10:57.222Z	34.108057	-118.210371
2026-07-14T22:11:50.595Z	34.106437	-118.207014
2026-07-14T22:15:45.222Z	34.108095	-118.208260
2026-07-14T22:16:27.644Z	34.105544	-118.205251
2026-07-14T22:20:46.064Z	34.104881	-118.205945
2026-07-14T22:20:57.475Z	34.107149	-118.205082
2026-07-14T22:22:19.150Z	34.110038	-118.206557
2026-07-14T22:25:57.617Z	34.109485	-118.206407
2026-07-14T22:26:45.786Z	34.111398	-118.208090
2026-07-14T22:31:07.965Z	34.108453	-118.207924
2026-07-14T22:31:19.494Z	34.107816	-118.207747
2026-07-14T22:55:30.296Z	34.108275	-118.210873
2026-07-14T22:55:41.408Z	34.111490	-118.210288
2026-07-14T22:55:52.808Z	34.108804	-118.210315
2026-07-14T23:00:47.970Z	34.109355	-118.213114
2026-07-14T23:00:58.982Z	34.108597	-118.215210
2026-07-14T23:01:10.442Z	34.110315	-118.216755
2026-07-14T23:06:23.369Z	34.110866	-118.212813
2026-07-14T23:06:34.337Z	34.113180	-118.211331
2026-07-14T23:08:56.029Z	34.110893	-118.212324
2026-07-14T23:11:58.525Z	34.113372	-118.214224
2026-07-14T23:12:09.304Z	34.115126	-118.211264
2026-07-14T23:17:24.218Z	34.116905	-118.208932
2026-07-14T23:17:51.312Z	34.117307	-118.208230
2026-07-14T23:18:13.601Z	34.118322	-118.211236
2026-07-14T23:22:38.771Z	34.117260	-118.209010
2026-07-14T23:23:24.621Z	34.120709	-118.209914
2026-07-14T23:28:04.415Z	34.121313	-118.210049
2026-07-14T23:28:49.673Z	34.119924	-118.207606
2026-07-14T23:29:01.069Z	34.121071	-118.208301
2026-07-14T23:33:44.051Z	34.120745	-118.204906
2026-07-14T23:34:27.132Z	34.121252	-118.206105
2026-07-14T23:38:58.695Z	34.121966	-118.210339
2026-07-14T23:39:51.235Z	34.119832	-118.209380
2026-07-14T23:40:02.460Z	34.121416	-118.211873
2026-07-14T23:44:35.799Z	34.122846	-118.212822
2026-07-14T23:45:26.197Z	34.122475	-118.210073
2026-07-14T23:45:37.158Z	34.123309	-118.210209
2026-07-14T23:50:02.481Z	34.122940	-118.213054
2026-07-14T23:50:44.642Z	34.125982	-118.215205
2026-07-15T00:43:37.670Z	34.126099	-118.211391
2026-07-15T00:44:28.223Z	34.126521	-118.213717
2026-07-15T00:45:04.625Z	34.127678	-118.215556
2026-07-15T00:47:17.644Z	34.128440	-118.218357
2026-07-15T00:52:29.143Z	34.130185	-118.220945
2026-07-15T00:55:41.941Z	34.128475	-118.221748
2026-07-15T00:58:44.392Z	34.128623	-118.221107
2026-07-15T01:01:26.872Z	34.127753	-118.222191
2026-07-15T01:02:42.115Z	34.124709	-118.221079
2026-07-15T01:04:37.808Z	34.122776	-118.217871
2026-07-15T01:05:49.464Z	34.125260	-118.218312
2026-07-15T01:07:39.553Z	34.126574	-118.217111
2026-07-15T01:08:47.848Z	34.125177	-118.215744
2026-07-15T01:09:24.728Z	34.125202	-118.213692
2026-07-15T01:12:27.576Z	34.127585	-118.212380
2026-07-15T01:15:24.878Z	34.129636	-118.210969
2026-07-15T01:19:00.909Z	34.132897	-118.212538
2026-07-15T01:35:52.402Z	34.130797	-118.212024
2026-07-15T04:45:24.787Z	34.143251	-118.409643
2026-07-15T04:51:10.569Z	34.139868	-118.410609
2026-07-15T04:53:01.758Z	34.140619	-118.409311
2026-07-15T04:54:36.278Z	34.139654	-118.406370
2026-07-15T04:56:06.134Z	34.137234	-118.407463
2026-07-15T04:58:28.470Z	34.136191	-118.404983
2026-07-15T04:59:24.273Z	34.136498	-118.407991
2026-07-15T05:00:49.831Z	34.137743	-118.405230
2026-07-15T05:02:09.819Z	34.138153	-118.402832
2026-07-15T05:08:20.247Z	34.138580	-118.399679
2026-07-15T06:01:58.999Z	34.137186	-118.395892
2026-07-15T06:16:24.886Z	34.137266	-118.394400
2026-07-15T06:26:48.661Z	34.137015	-118.395056
2026-07-15T06:37:26.077Z	34.137486	-118.394993
2026-07-15T06:47:17.829Z	34.136397	-118.394829
2026-07-15T06:58:19.375Z	34.133615	-118.392122
2026-07-15T17:32:19.753Z	34.133159	-118.324487
2026-07-15T17:32:48.651Z	34.131593	-118.322395
2026-07-15T17:33:58.003Z	34.131942	-118.324185
2026-07-15T17:34:48.154Z	34.134741	-118.324708
2026-07-15T17:35:29.154Z	34.134176	-118.321951
2026-07-15T17:36:30.910Z	34.131146	-118.322466
2026-07-15T17:37:48.228Z	34.130962	-118.323606
2026-07-15T17:39:24.642Z	34.131673	-118.321176
2026-07-15T17:39:45.626Z	34.133427	-118.317442
2026-07-15T17:40:22.324Z	34.133271	-118.314128
2026-07-15T17:42:01.650Z	34.130457	-118.315775
2026-07-15T17:42:19.415Z	34.129823	-118.316725
2026-07-15T17:42:58.023Z	34.128936	-118.315492
2026-07-15T17:43:59.479Z	34.127030	-118.317444
2026-07-15T17:45:06.184Z	34.127912	-118.316039
2026-07-15T17:46:11.633Z	34.128148	-118.319976
2026-07-15T17:47:28.140Z	34.125034	-118.321913
2026-07-15T17:48:22.249Z	34.124400	-118.323560
2026-07-15T17:49:13.384Z	34.125242	-118.322088
2026-07-15T17:50:27.349Z	34.125885	-118.319260
2026-07-15T17:51:45.433Z	34.127855	-118.320787
2026-07-15T17:53:07.869Z	34.126443	-118.321626
2026-07-15T17:54:09.133Z	34.126651	-118.318336
2026-07-15T17:56:02.216Z	34.125174	-118.316090
2026-07-15T17:57:05.095Z	34.125798	-118.315270
2026-07-15T17:58:30.956Z	34.126722	-118.314808
2026-07-15T17:59:29.389Z	34.126087	-118.317049
2026-07-15T18:00:21.111Z	34.127345	-118.320871
2026-07-15T18:00:56.937Z	34.125121	-118.322772
2026-07-15T18:01:52.829Z	34.124358	-118.325209
2026-07-15T18:03:03.166Z	34.123245	-118.329216
2026-07-15T18:03:56.837Z	34.121307	-118.332477
2026-07-15T18:04:35.243Z	34.123057	-118.332434
2026-07-15T18:06:00.424Z	34.125594	-118.332341
2026-07-15T18:07:21.534Z	34.122259	-118.332397
2026-07-15T18:08:16.034Z	34.118916	-118.333041
2026-07-15T18:09:07.450Z	34.119697	-118.330093
2026-07-15T18:10:38.206Z	34.122323	-118.331681
2026-07-15T18:12:09.200Z	34.120978	-118.328124
2026-07-15T18:13:16.247Z	34.121921	-118.325017
2026-07-15T18:13:47.158Z	34.122440	-118.327806
2026-07-15T18:14:49.049Z	34.123433	-118.325767
2026-07-15T18:15:40.135Z	34.121718	-118.327587
2026-07-15T18:16:33.090Z	34.119438	-118.328073
2026-07-15T18:17:56.201Z	34.119794	-118.329010
2026-07-15T18:18:58.202Z	34.119107	-118.328314
2026-07-15T18:20:05.715Z	34.119217	-118.330583
2026-07-15T18:20:51.348Z	34.119464	-118.331639
2026-07-15T18:22:31.240Z	34.120352	-118.327892
2026-07-15T18:24:05.461Z	34.119383	-118.331476
2026-07-15T18:25:43.708Z	34.118558	-118.328267
2026-07-15T18:27:25.110Z	34.121309	-118.331059
2026-07-15T18:28:29.585Z	34.118684	-118.332053
2026-07-15T18:29:09.804Z	34.119697	-118.328408
2026-07-15T18:29:53.213Z	34.117541	-118.329583
2026-07-15T19:05:26.249Z	34.117282	-118.329197
2026-07-15T19:06:57.805Z	34.120221	-118.330503
2026-07-15T19:08:21.969Z	34.120003	-118.328176
2026-07-15T19:09:33.626Z	34.121261	-118.329953
2026-07-15T19:10:19.255Z	34.123293	-118.332135
2026-07-15T19:11:19.179Z	34.126562	-118.332701
2026-07-15T19:16:06.422Z	34.125989	-118.330713
2026-07-15T19:18:51.857Z	34.124201	-118.333990
2026-07-15T19:19:15.769Z	34.126849	-118.331919
2026-07-15T19:20:12.150Z	34.123515	-118.331150
2026-07-15T19:21:28.099Z	34.122381	-118.328654
2026-07-15T19:23:11.001Z	34.123834	-118.326442
2026-07-15T19:24:41.743Z	34.124554	-118.323257
2026-07-15T19:26:15.109Z	34.126933	-118.324903
2026-07-15T19:27:52.549Z	34.127483	-118.321379
2026-07-15T19:28:29.120Z	34.127718	-118.319353
2026-07-15T19:31:23.864Z	34.130905	-118.320168
2026-07-15T19:32:46.360Z	34.131490	-118.321999
2026-07-15T19:36:25.516Z	34.132595	-118.324431
2026-07-15T19:38:13.179Z	34.131120	-118.323577
2026-07-15T19:38:59.176Z	34.132047	-118.321355
2026-07-15T19:40:30.251Z	34.135005	-118.323435
2026-07-15T19:41:30.870Z	34.135919	-118.324954
2026-07-15T19:43:11.872Z	34.135346	-118.326264
2026-07-15T20:33:54.320Z	34.132491	-118.325959
2026-07-15T20:34:38.231Z	34.131145	-118.329445
2026-07-15T20:36:24.293Z	34.129297	-118.328199
2026-07-15T20:37:39.978Z	34.127370	-118.324688
2026-07-15T20:39:23.066Z	34.127998	-118.327166
2026-07-15T20:41:04.931Z	34.126631	-118.324922
2026-07-15T20:42:43.489Z	34.126663	-118.325511
2026-07-15T20:44:25.491Z	34.123992	-118.327142
2026-07-15T20:46:04.308Z	34.124495	-118.323699
2026-07-15T20:47:40.800Z	34.126201	-118.321652
2026-07-15T20:49:28.238Z	34.123629	-118.320229
2026-07-15T20:51:10.252Z	34.120530	-118.319192
2026-07-15T20:52:46.441Z	34.120734	-118.320827
2026-07-15T20:54:23.899Z	34.120789	-118.321910
2026-07-15T20:56:10.273Z	34.117731	-118.320314
2026-07-15T20:57:52.595Z	34.120480	-118.321981
2026-07-15T20:59:36.083Z	34.123520	-118.320556
2026-07-15T21:00:47.901Z	34.121912	-118.319774
2026-07-15T21:01:56.350Z	34.120758	-118.321947
2026-07-15T21:03:12.760Z	34.120168	-118.325357
2026-07-15T21:06:49.366Z	34.118798	-118.323318
2026-07-15T21:08:40.396Z	34.119645	-118.319227
2026-07-15T21:09:47.563Z	34.120227	-118.319425
2026-07-15T21:12:46.882Z	34.117329	-118.319707
2026-07-15T21:14:56.465Z	34.114854	-118.317335
2026-07-15T21:16:16.370Z	34.112461	-118.314747
2026-07-15T21:18:28.072Z	34.110252	-118.312304
2026-07-15T21:20:34.395Z	34.109168	-118.313223
2026-07-15T21:21:36.661Z	34.110149	-118.314341
2026-07-15T21:21:48.623Z	34.111942	-118.312763
2026-07-15T21:23:31.394Z	34.109905	-118.312955
2026-07-15T21:28:11.661Z	34.108395	-118.315673
2026-07-15T21:29:35.197Z	34.107699	-118.319701
2026-07-16T00:14:30.024Z	33.915664	-118.196079
2026-07-16T00:15:17.033Z	33.912605	-118.194091
2026-07-16T17:12:02.680Z	34.168904	-118.235033
2026-07-16T17:13:38.078Z	34.166431	-118.233345
2026-07-16T17:13:54.480Z	34.163759	-118.232054
2026-07-16T17:14:51.934Z	34.160701	-118.233219
2026-07-16T17:16:22.916Z	34.161360	-118.231726
2026-07-16T17:18:21.766Z	34.161532	-118.234747
2026-07-16T17:18:39.951Z	34.161411	-118.232808
2026-07-16T17:23:46.988Z	34.159814	-118.235994
2026-07-16T17:27:13.112Z	34.160078	-118.232972
2026-07-16T17:32:37.290Z	34.157096	-118.231445
2026-07-16T17:38:01.343Z	34.154743	-118.232276
2026-07-16T17:43:06.398Z	34.152806	-118.232601
2026-07-16T17:44:30.587Z	34.153798	-118.235034
2026-07-16T17:45:11.992Z	34.154449	-118.238480
2026-07-16T17:46:16.121Z	34.154502	-118.237604
2026-07-16T17:47:36.858Z	34.153307	-118.241148
2026-07-16T17:49:41.427Z	34.150570	-118.242241
2026-07-16T17:52:28.631Z	34.150823	-118.238870
2026-07-16T17:55:06.389Z	34.147683	-118.240776
2026-07-16T17:55:40.625Z	34.149284	-118.240634
2026-07-16T17:58:34.522Z	34.148499	-118.244723
2026-07-16T18:00:04.938Z	34.146147	-118.243548
2026-07-16T18:02:25.824Z	34.145159	-118.245453
2026-07-16T18:03:13.942Z	34.143710	-118.243560
2026-07-16T18:07:35.224Z	34.141174	-118.242767
2026-07-16T18:10:44.491Z	34.138872	-118.242901
2026-07-16T18:15:51.289Z	34.138756	-118.245823
2026-07-16T18:16:36.433Z	34.142070	-118.245864
2026-07-16T21:28:38.167Z	-23.586417	-46.603632
2026-07-16T21:34:10.872Z	-23.588759	-46.606509
2026-07-16T21:39:40.806Z	-23.586001	-46.605505
2026-07-16T21:44:58.586Z	-23.589422	-46.606471
2026-07-16T21:50:13.670Z	-23.589881	-46.605589
2026-07-16T21:55:39.810Z	-23.588958	-46.602764
2026-07-16T22:00:49.593Z	-23.586686	-46.600494
2026-07-16T22:06:02.790Z	-23.589084	-46.602900
2026-07-16T22:11:19.363Z	-23.590227	-46.599843
2026-07-16T22:16:50.339Z	-23.586872	-46.600889
2026-07-16T22:21:59.275Z	-23.588979	-46.598670
2026-07-16T22:25:02.438Z	-23.591055	-46.599903
2026-07-16T22:26:30.006Z	-23.589844	-46.603050
2026-07-17T01:05:45.978Z	33.905152	-118.318221
2026-07-17T01:06:37.387Z	33.901835	-118.319857
2026-07-17T01:10:13.232Z	33.901313	-118.318232
2026-07-17T01:12:31.229Z	33.900616	-118.321804
2026-07-17T01:14:39.487Z	33.902785	-118.318380
2026-07-17T01:15:09.260Z	33.900129	-118.317266
2026-07-17T01:16:15.141Z	33.901328	-118.315853
2026-07-17T01:17:12.688Z	33.902907	-118.319010
2026-07-17T01:21:27.929Z	33.899385	-118.319628
2026-07-17T01:26:27.257Z	33.899840	-118.320019
2026-07-17T01:29:53.458Z	33.901978	-118.323352
2026-07-17T01:31:08.390Z	33.900095	-118.320474
2026-07-17T01:33:52.311Z	33.900811	-118.320310
2026-07-17T01:35:17.512Z	33.901387	-118.320996
2026-07-17T01:36:24.713Z	33.900086	-118.321770
2026-07-17T01:38:46.091Z	33.900103	-118.324671
2026-07-17T01:42:24.747Z	33.900495	-118.320463
2026-07-17T01:44:40.787Z	33.899354	-118.317650
2026-07-17T01:48:22.322Z	33.895989	-118.316199
2026-07-17T01:51:01.737Z	33.896897	-118.314761
2026-07-17T01:55:19.259Z	33.898349	-118.317868
2026-07-17T01:56:06.540Z	33.895068	-118.319343
2026-07-17T02:01:06.425Z	33.894231	-118.316183
2026-07-17T02:04:34.426Z	33.894615	-118.318944
2026-07-17T02:47:39.946Z	33.893400	-118.322057
2026-07-17T02:49:32.161Z	33.892741	-118.321703
2026-07-17T03:00:57.673Z	33.893731	-118.318647
2026-07-17T03:01:34.476Z	33.894257	-118.314516
2026-07-17T03:06:07.303Z	33.892634	-118.315680
2026-07-17T03:10:38.645Z	33.892612	-118.317271
2026-07-17T03:12:02.238Z	33.891002	-118.317623
2026-07-17T03:16:36.987Z	33.888065	-118.319778
2026-07-17T03:17:50.866Z	33.889523	-118.318594
2026-07-17T03:22:51.648Z	33.888386	-118.321896
2026-07-17T03:23:02.905Z	33.888343	-118.319768
2026-07-17T03:24:22.846Z	33.887641	-118.321845
2026-07-17T03:29:01.695Z	33.887149	-118.321689
2026-07-17T03:31:42.537Z	33.887806	-118.325824
2026-07-17T03:34:01.807Z	33.887748	-118.327880
2026-07-17T03:35:17.286Z	33.886354	-118.324775
2026-07-17T03:37:02.927Z	33.884630	-118.323743
2026-07-17T03:37:40.650Z	33.881322	-118.323493
2026-07-17T03:41:01.392Z	33.879343	-118.326346
2026-07-17T03:42:21.360Z	33.881978	-118.326614
2026-07-17T03:44:05.602Z	33.882060	-118.326812
2026-07-17T03:44:24.426Z	33.879018	-118.327453
2026-07-17T03:45:44.114Z	33.878551	-118.326998
2026-07-17T03:46:26.363Z	33.879085	-118.327754
2026-07-17T03:59:18.212Z	33.877693	-118.324324
2026-07-17T03:59:36.163Z	33.877645	-118.325627
2026-07-17T03:59:48.173Z	33.875509	-118.326540
2026-07-17T04:00:09.022Z	33.876300	-118.330263
2026-07-17T04:01:10.814Z	33.875687	-118.333660
2026-07-17T04:01:30.213Z	33.878003	-118.333343
2026-07-17T04:01:59.660Z	33.880439	-118.331045
2026-07-17T04:03:17.966Z	33.879692	-118.332719
2026-07-17T04:04:33.841Z	33.880092	-118.335678
2026-07-17T04:05:44.814Z	33.877372	-118.335473
2026-07-17T04:06:29.272Z	33.878835	-118.335814
2026-07-17T04:07:10.713Z	33.882109	-118.336197
2026-07-17T04:07:38.166Z	33.884145	-118.336649
2026-07-17T04:08:20.212Z	33.881805	-118.335679
2026-07-17T04:11:56.826Z	33.881139	-118.337304
2026-07-17T04:12:41.246Z	33.878598	-118.335144
2026-07-17T04:14:53.286Z	33.881747	-118.336124
2026-07-17T04:17:21.204Z	33.883412	-118.336887
2026-07-17T04:18:57.126Z	33.880411	-118.337369
2026-07-17T04:19:35.181Z	33.878926	-118.334156
2026-07-17T04:22:58.240Z	33.878079	-118.331471
2026-07-17T04:32:41.032Z	33.879273	-118.332921
2026-07-17T04:42:45.311Z	33.877705	-118.335396
2026-07-17T04:53:43.183Z	33.879042	-118.332486
2026-07-17T16:12:13.289Z	34.070655	-118.310406
2026-07-17T16:27:53.266Z	34.070212	-118.306594
2026-07-17T16:34:33.027Z	34.068802	-118.304204
2026-07-17T16:43:56.344Z	34.068469	-118.300465
2026-07-17T16:49:17.025Z	34.067688	-118.296627
2026-07-17T17:00:22.923Z	34.070916	-118.296902
2026-07-17T17:42:43.097Z	34.071887	-118.294837
2026-07-17T17:44:40.355Z	34.073041	-118.295975
2026-07-17T17:48:28.926Z	34.073991	-118.299704
2026-07-17T17:53:53.693Z	34.073884	-118.297548
2026-07-17T17:59:19.583Z	34.073281	-118.296708
2026-07-17T18:04:43.742Z	34.075632	-118.295755
2026-07-17T18:10:00.025Z	34.074819	-118.296397
2026-07-17T18:23:46.938Z	34.076982	-118.297581
2026-07-17T18:28:50.016Z	34.076795	-118.293582
2026-07-17T18:33:53.780Z	34.080323	-118.293531
2026-07-17T18:39:00.761Z	34.079302	-118.295552
2026-07-17T18:44:18.263Z	34.075745	-118.295241
2026-07-17T18:49:21.427Z	34.078736	-118.293437
2026-07-17T18:54:52.013Z	34.080224	-118.295260
2026-07-17T19:00:02.025Z	34.078370	-118.291935
2026-07-17T19:03:44.507Z	34.080986	-118.294777
2026-07-17T19:08:35.115Z	34.079711	-118.297494
2026-07-17T19:09:47.677Z	34.076420	-118.297348
2026-07-17T19:13:52.378Z	34.076781	-118.295429
2026-07-17T19:14:21.862Z	34.078688	-118.298236
2026-07-17T19:19:16.758Z	34.077688	-118.294243
2026-07-17T19:20:36.659Z	34.076213	-118.296371
2026-07-21T21:22:25.884Z	33.996421	-118.080575
2026-07-23T23:41:16.207Z	34.097841	-118.055300
2026-07-23T23:42:01.001Z	34.098663	-118.051511
2026-07-24T00:00:56.209Z	34.097833	-118.050451
2026-07-24T00:55:21.237Z	34.098198	-118.048036
2026-07-24T00:55:44.158Z	34.097448	-118.045785
2026-07-24T01:14:02.493Z	34.094388	-118.046922
2026-07-24T01:18:01.323Z	34.097408	-118.047364
2026-07-24T01:18:17.756Z	34.097924	-118.049554
2026-07-24T20:16:15.166Z	34.181852	-118.177490
2026-07-24T20:16:40.217Z	34.180943	-118.174251
2026-07-25T22:26:22.865Z	34.034336	-118.358236
2026-07-25T22:26:54.147Z	34.034360	-118.359918
2026-07-25T22:27:56.177Z	34.035667	-118.363031
2026-07-25T22:39:51.185Z	34.035018	-118.358869
2026-07-25T22:40:01.782Z	34.035539	-118.359586
2026-07-25T22:41:37.626Z	34.032935	-118.362554
2026-07-25T22:50:47.261Z	34.029812	-118.361763
2026-07-25T23:00:06.233Z	34.029823	-118.358036
2026-07-25T23:06:44.260Z	34.032147	-118.359698
2026-07-25T23:16:29.192Z	34.034463	-118.361094
2026-07-25T23:22:47.355Z	34.035112	-118.361767
2026-07-25T23:28:57.035Z	34.032397	-118.364049
2026-07-25T23:29:32.272Z	34.031814	-118.361414
2026-07-26T19:02:11.151Z	34.115022	-118.428849
2026-07-26T19:02:26.149Z	34.112539	-118.425783
2026-07-26T19:03:13.248Z	34.113157	-118.430023
2026-07-26T19:03:25.196Z	34.115334	-118.429237
2026-07-26T19:06:20.180Z	34.116010	-118.426954
2026-07-26T19:06:30.163Z	34.113956	-118.424888
2026-07-26T19:07:12.194Z	34.113593	-118.425802
2026-07-26T19:09:30.249Z	34.112180	-118.429596
2026-07-26T19:09:41.788Z	34.111690	-118.433432
2026-07-26T19:12:02.356Z	34.113369	-118.435638
2026-07-26T19:13:18.379Z	34.114434	-118.431676
2026-07-26T19:13:38.666Z	34.112834	-118.428046
2026-07-26T19:18:24.918Z	34.114036	-118.425136
2026-07-26T19:20:14.235Z	34.112867	-118.421760
2026-07-26T19:20:38.193Z	34.112957	-118.425271
2026-07-26T19:20:57.301Z	34.112158	-118.428971
2026-07-26T19:21:49.301Z	34.113397	-118.430277
2026-07-26T19:34:40.244Z	34.113720	-118.428153
2026-07-26T19:37:50.252Z	34.112127	-118.428896
2026-07-26T19:44:28.239Z	34.109206	-118.431110
2026-07-26T19:48:06.325Z	34.107273	-118.430551
2026-07-26T19:49:45.355Z	34.108232	-118.427736
2026-07-26T19:50:38.229Z	34.108150	-118.426414
2026-07-26T19:51:13.170Z	34.109179	-118.426041
2026-07-26T19:51:48.198Z	34.110670	-118.429988
2026-07-26T19:52:40.209Z	34.109182	-118.426540
2026-07-26T19:53:08.965Z	34.108091	-118.428684
2026-07-26T19:54:04.179Z	34.105614	-118.426839
2026-07-26T19:55:22.156Z	34.103700	-118.425167
2026-07-26T19:56:21.222Z	34.101739	-118.424737
2026-07-27T15:02:49.120Z	33.971231	-118.251808
2026-07-27T15:04:39.213Z	33.970023	-118.255838
2026-07-27T15:05:11.207Z	33.972898	-118.258233
2026-07-27T15:05:33.209Z	33.972805	-118.257233
2026-07-27T15:06:17.303Z	33.974207	-118.260927
2026-07-27T15:06:33.155Z	33.973561	-118.264973
2026-07-27T15:06:45.191Z	33.973411	-118.264826
2026-07-27T15:08:09.218Z	33.973920	-118.261670
2026-07-27T15:08:23.213Z	33.975068	-118.261053
2026-07-27T15:08:33.214Z	33.973753	-118.261105
2026-07-27T15:08:47.223Z	33.974378	-118.261364
2026-07-27T15:09:50.174Z	33.971827	-118.263650
2026-07-27T15:10:10.147Z	33.974240	-118.263004
2026-07-29T15:04:14.138Z	34.187331	-118.154345
2026-07-29T15:05:56.171Z	34.185760	-118.155629
2026-07-29T15:06:27.367Z	34.184265	-118.155365
2026-07-29T15:09:56.220Z	34.182652	-118.155556
2026-07-29T15:10:30.225Z	34.179136	-118.155072
2026-07-29T15:10:41.146Z	34.178059	-118.152738
2026-07-29T15:11:58.123Z	34.177406	-118.151007
2026-07-29T15:12:47.139Z	34.174314	-118.153128
2026-07-29T15:13:08.128Z	34.174943	-118.153072
2026-07-29T15:13:29.142Z	34.174165	-118.157286
2026-07-29T15:13:59.327Z	34.171746	-118.155639
2026-07-29T15:14:21.192Z	34.172353	-118.153007
2026-07-29T15:14:36.185Z	34.171299	-118.150256
2026-07-29T15:15:54.121Z	34.171365	-118.151422
2026-07-29T15:16:06.145Z	34.170722	-118.151915
2026-07-29T15:16:28.157Z	34.171828	-118.149654
2026-07-29T15:16:50.179Z	34.173334	-118.149173
2026-07-29T15:17:51.198Z	34.176462	-118.149067
2026-07-29T15:18:06.199Z	34.176563	-118.151373
2026-07-30T15:52:44.871Z	34.150027	-118.161620
2026-07-30T15:53:51.207Z	34.150453	-118.165764
2026-07-30T15:54:10.071Z	34.150944	-118.161569
2026-07-30T15:54:41.126Z	34.149370	-118.160330
2026-07-30T15:56:02.164Z	34.148805	-118.156468
2026-07-30T15:58:02.124Z	34.148612	-118.156639
2026-07-30T15:58:17.179Z	34.149366	-118.158342
2026-07-30T15:58:29.186Z	34.150929	-118.157833
2026-07-30T15:58:45.139Z	34.150129	-118.161474
2026-07-30T15:58:56.336Z	34.151982	-118.163860
2026-07-30T15:59:12.172Z	34.154043	-118.165488
2026-07-30T15:59:59.163Z	34.153433	-118.164754
2026-07-30T16:00:12.139Z	34.153270	-118.167714
2026-07-30T16:01:34.623Z	34.153032	-118.167420
2026-07-30T16:01:58.174Z	34.153659	-118.163472
2026-07-31T00:38:47.186Z	34.222036	-118.283971
2026-07-31T00:53:54.251Z	34.221919	-118.282714
2026-07-31T00:54:06.765Z	34.219027	-118.284286
2026-07-31T00:54:27.240Z	34.219141	-118.281025
2026-07-31T00:54:39.219Z	34.217593	-118.283306
2026-07-31T00:55:22.911Z	34.217144	-118.283434
2026-07-31T15:24:57.274Z	34.155692	-118.332181
2026-07-31T15:25:54.375Z	34.158992	-118.332791
2026-07-31T15:34:16.162Z	34.162385	-118.332873
2026-08-01T19:31:17.455Z	34.097252	-118.200237
2026-08-01T19:31:42.214Z	34.094450	-118.200703
2026-08-01T19:33:27.158Z	34.092933	-118.200362
2026-08-01T19:33:43.220Z	34.093400	-118.198761
2026-08-01T19:33:58.142Z	34.092496	-118.199752
2026-08-01T21:54:34.628Z	34.219220	-118.272314
2026-08-01T21:55:32.241Z	34.221210	-118.270033
2026-08-01T21:57:08.424Z	34.224139	-118.269966
2026-08-01T21:58:16.979Z	34.222637	-118.272129
2026-08-01T22:03:32.198Z	34.221750	-118.272198
2026-08-01T22:08:12.356Z	34.221765	-118.275891
2026-08-01T22:12:09.209Z	34.219775	-118.278789
2026-08-01T22:14:00.737Z	34.216741	-118.280837
2026-08-01T22:19:12.524Z	34.219270	-118.278393
2026-08-01T22:31:02.221Z	34.218888	-118.281642
2026-08-01T22:33:15.685Z	34.215727	-118.280708
2026-08-01T22:35:44.895Z	34.213133	-118.278070
2026-08-01T22:38:02.554Z	34.211678	-118.277428
2026-08-01T22:43:09.275Z	34.208841	-118.275478
2026-08-01T22:48:17.332Z	34.212107	-118.274360
2026-08-01T22:57:20.506Z	34.209774	-118.274570
2026-08-01T23:05:06.077Z	34.210403	-118.272990
2026-08-01T23:11:54.128Z	34.213936	-118.272205
2026-08-01T23:14:01.834Z	34.210536	-118.272267
2026-08-01T23:14:13.151Z	34.210758	-118.275519
2026-08-01T23:19:12.973Z	34.211938	-118.273363
2026-08-01T23:19:57.002Z	34.212733	-118.273051
2026-08-01T23:21:42.015Z	34.211967	-118.270193
2026-08-01T23:21:55.084Z	34.212769	-118.265997
2026-08-01T23:27:00.424Z	34.209858	-118.265145
2026-08-01T23:30:32.131Z	34.207258	-118.263584
2026-08-01T23:37:30.997Z	34.208558	-118.261577
2026-08-01T23:37:42.636Z	34.208614	-118.260022
2026-08-01T23:44:56.914Z	34.208968	-118.262646
2026-08-01T23:49:43.151Z	34.207546	-118.260745
2026-08-03T23:09:38.792Z	34.095793	-118.404564
2026-08-04T15:39:01.127Z	35.682812	139.636615
2026-08-04T15:41:29.045Z	35.680070	139.637645
2026-08-10T14:20:27.201Z	33.947164	-118.238013
2026-08-10T14:20:44.137Z	33.945281	-118.240804
2026-08-10T14:21:38.118Z	33.943443	-118.237232
2026-08-10T14:39:24.189Z	33.940690	-118.239613
2026-08-10T14:51:05.243Z	33.940879	-118.242448
2026-08-10T14:56:09.165Z	33.941648	-118.238665
2026-08-10T14:56:37.782Z	33.941156	-118.242831
2026-08-10T15:03:20.975Z	33.942238	-118.238774
2026-08-10T15:05:26.157Z	33.939303	-118.239267
2026-08-10T15:06:10.176Z	33.940217	-118.240542
2026-08-10T15:06:37.483Z	33.937256	-118.240006
2026-08-10T15:07:51.231Z	33.935704	-118.242744
2026-08-10T15:08:43.795Z	33.934892	-118.239994
2026-08-10T15:10:14.202Z	33.935487	-118.241158
2026-08-10T15:11:11.772Z	33.933662	-118.238798
2026-08-10T15:11:24.225Z	33.935564	-118.241347
2026-08-10T15:11:42.215Z	33.937199	-118.242368
2026-08-10T15:12:02.130Z	33.939682	-118.242711
2026-08-10T15:12:32.447Z	33.941936	-118.239643
2026-08-10T15:12:47.126Z	33.944073	-118.238520
2026-08-10T15:13:14.178Z	33.942201	-118.235247
2026-08-10T15:13:31.180Z	33.942353	-118.237727
2026-08-10T15:13:42.236Z	33.944525	-118.236147
2026-08-10T15:14:03.196Z	33.942494	-118.235400
2026-08-10T15:14:52.207Z	33.943810	-118.231417
2026-08-12T15:04:39.157Z	33.888235	-118.327413
2026-08-12T15:07:23.711Z	33.886417	-118.329959
2026-08-12T15:09:51.157Z	33.887558	-118.327195
2026-08-12T15:10:42.197Z	33.889456	-118.328185
2026-08-12T15:11:50.771Z	33.887003	-118.325304
2026-08-12T15:12:20.143Z	33.884511	-118.324337
2026-08-12T15:12:50.489Z	33.884745	-118.327583
2026-08-12T15:14:22.185Z	33.887105	-118.328775
2026-08-12T15:14:35.166Z	33.885087	-118.329061
2026-08-12T15:14:57.745Z	33.883298	-118.326881
2026-08-12T15:15:10.677Z	33.882868	-118.324842
2026-08-12T15:16:14.124Z	33.884738	-118.325166
2026-08-12T15:16:38.736Z	33.885284	-118.325233
2026-08-12T15:16:51.096Z	33.885196	-118.327496
2026-08-12T15:17:11.144Z	33.882984	-118.326165
2026-08-12T15:17:30.132Z	33.880922	-118.324407
2026-08-12T15:17:44.165Z	33.883328	-118.325690
2026-08-12T15:18:11.127Z	33.884551	-118.322406
2026-08-12T15:18:22.664Z	33.886556	-118.323509
2026-08-12T23:41:29.211Z	-33.872495	151.170128
2026-08-12T23:42:31.192Z	-33.872515	151.169912
2026-08-12T23:42:42.818Z	-33.870061	151.170217
2026-08-12T23:43:44.250Z	-33.869752	151.167862
2026-08-13T00:17:30.181Z	-33.871015	151.170618
2026-08-13T00:32:49.328Z	-33.873744	151.170851
2026-08-13T00:33:02.291Z	-33.873503	151.174964
2026-08-13T00:33:20.210Z	-33.876894	151.175604
2026-08-13T14:47:44.217Z	33.974292	-118.283220
2026-08-13T14:48:43.257Z	33.974013	-118.285361
2026-08-13T15:11:15.284Z	33.974683	-118.284624
2026-08-13T15:24:37.293Z	33.976480	-118.282179
2026-08-13T15:26:27.227Z	33.977892	-118.279101
2026-08-13T15:26:59.966Z	33.978181	-118.279360
2026-08-13T15:30:21.248Z	33.975435	-118.281659
2026-08-13T15:30:54.215Z	33.973799	-118.277807
2026-08-13T15:32:14.249Z	33.975846	-118.280145
2026-08-13T15:32:36.444Z	33.974411	-118.276917
2026-08-13T15:33:49.231Z	33.975172	-118.279864
2026-08-13T15:35:27.227Z	33.973815	-118.278016
2026-08-13T15:35:47.150Z	33.975300	-118.278239
2026-08-13T15:35:59.278Z	33.975359	-118.276794
2026-08-13T15:36:15.911Z	33.977516	-118.274078
2026-08-13T15:36:28.205Z	33.977273	-118.275680
2026-08-13T15:37:44.377Z	33.975385	-118.274951
2026-08-13T15:37:59.210Z	33.974851	-118.270710
2026-08-13T15:38:11.235Z	33.972979	-118.268398
2026-08-13T15:38:47.218Z	33.970895	-118.268131
2026-08-13T15:39:15.274Z	33.970368	-118.269214
2026-08-13T15:39:45.217Z	33.968456	-118.272829
2026-08-13T15:40:56.751Z	33.967051	-118.273582
2026-08-15T17:21:02.150Z	34.023241	-118.342128
2026-08-18T15:09:49.197Z	33.967190	-118.363753
2026-08-18T15:14:03.367Z	33.968595	-118.364993
2026-08-18T15:14:53.660Z	33.966972	-118.367462
2026-08-18T15:17:41.713Z	33.967637	-118.369937
2026-08-18T15:18:57.936Z	33.969773	-118.367175
2026-08-18T15:20:28.255Z	33.969952	-118.370980
2026-08-18T15:22:28.107Z	33.971364	-118.367451
2026-08-18T15:22:50.232Z	33.970307	-118.367119
2026-08-18T15:23:07.326Z	33.968474	-118.365221
2026-08-18T15:23:18.197Z	33.970519	-118.364259
2026-08-18T15:23:34.211Z	33.972806	-118.364412
2026-08-18T15:24:27.173Z	33.971761	-118.367336
2026-08-18T15:24:42.221Z	33.973120	-118.363918
2026-08-18T15:24:53.166Z	33.974955	-118.367395
2026-08-18T15:25:17.214Z	33.971973	-118.365077
2026-08-18T15:25:45.205Z	33.973141	-118.364447
2026-08-18T15:26:04.238Z	33.973509	-118.361689
2026-08-18T15:26:25.238Z	33.975913	-118.361876
2026-08-20T15:00:25.296Z	34.068983	-118.199132
2026-08-20T15:01:19.262Z	34.071020	-118.201564
2026-08-20T15:30:19.194Z	34.070222	-118.205008
2026-08-20T15:33:57.211Z	34.068648	-118.206755
2026-08-20T15:34:28.370Z	34.070489	-118.204413
2026-08-20T15:34:48.130Z	34.069522	-118.206433
2026-08-20T15:37:46.263Z	34.071552	-118.203435
2026-08-20T15:38:22.221Z	34.071886	-118.202740
2026-08-20T15:38:56.195Z	34.072172	-118.206805
2026-08-20T15:39:21.212Z	34.071578	-118.206528
2026-08-20T15:40:01.266Z	34.071900	-118.208589
2026-08-20T15:42:59.810Z	34.071950	-118.209203
2026-08-20T15:44:00.144Z	34.069651	-118.207096
2026-08-20T15:44:42.209Z	34.066672	-118.208123
2026-08-20T15:44:53.885Z	34.066951	-118.204802
2026-08-20T15:45:13.180Z	34.070355	-118.204415
2026-08-20T15:45:27.245Z	34.070224	-118.204673
2026-08-20T15:46:36.299Z	34.073291	-118.206212
2026-08-20T15:46:54.218Z	34.074460	-118.205918
2026-08-20T15:47:21.263Z	34.076825	-118.208814
2026-08-20T15:47:39.194Z	34.075234	-118.207150
2026-08-20T15:49:20.997Z	34.076385	-118.210873
2026-08-20T15:49:46.202Z	34.078156	-118.208638
2026-08-21T06:29:20.204Z	34.199636	-118.153577
2026-08-21T06:29:51.259Z	34.199315	-118.149636
2026-08-21T06:30:03.167Z	34.200652	-118.153643
2026-08-21T06:31:05.171Z	34.198912	-118.151585
2026-08-21T06:35:17.380Z	34.200190	-118.149417
2026-08-21T06:46:46.185Z	34.203082	-118.150241
2026-08-21T06:48:22.256Z	34.206096	-118.150849
2026-08-21T06:48:40.893Z	34.203109	-118.153189
2026-08-21T06:48:53.183Z	34.203491	-118.149546
2026-08-21T06:50:18.222Z	34.202075	-118.149325
2026-08-21T06:50:34.181Z	34.199763	-118.148287
2026-08-22T19:29:25.902Z	-23.586958	-46.592513
2026-08-22T20:10:05.986Z	-23.584180	-46.592188
2026-08-22T20:21:18.234Z	-23.585015	-46.591064
2026-08-22T20:21:27.208Z	-23.584175	-46.587905
2026-08-22T20:53:12.292Z	-23.581125	-46.588202
2026-08-22T20:56:59.604Z	-23.580234	-46.588334
2026-08-22T20:58:15.060Z	-23.583796	-46.587831
2026-08-22T21:03:39.051Z	-23.581423	-46.589474
2026-08-22T21:05:56.558Z	-23.582541	-46.591060
2026-08-22T21:07:13.953Z	-23.580609	-46.593011
2026-08-22T21:13:02.977Z	-23.580350	-46.592478
2026-08-22T21:13:15.898Z	-23.580779	-46.595117
2026-08-22T21:18:41.552Z	-23.578992	-46.598393
2026-08-22T21:23:41.080Z	-23.579848	-46.601161
2026-08-22T21:27:22.974Z	-23.579074	-46.601278
2026-08-22T21:27:34.927Z	-23.578010	-46.599866
2026-08-22T21:33:08.638Z	-23.580089	-46.601873
2026-08-22T21:36:43.907Z	-23.580453	-46.602068
2026-08-22T21:40:52.219Z	-23.583349	-46.600091
2026-08-22T21:41:23.527Z	-23.582986	-46.599708
2026-08-22T21:42:18.590Z	-23.582556	-46.599679
2026-08-22T21:46:57.969Z	-23.582804	-46.601750
2026-08-22T21:48:22.885Z	-23.581832	-46.603442
2026-08-22T21:57:52.798Z	-23.581798	-46.603424
2026-08-22T22:01:01.066Z	-23.578779	-46.603844
2026-08-22T22:05:36.296Z	-23.579218	-46.602420
2026-08-22T22:05:57.893Z	-23.578246	-46.605666
2026-08-22T22:11:09.574Z	-23.575254	-46.604892
2026-08-22T22:12:05.848Z	-23.575263	-46.601051
2026-08-24T15:13:50.209Z	34.072954	-118.143767
2026-08-24T15:18:13.180Z	34.074675	-118.140367
2026-08-24T15:18:45.191Z	34.071430	-118.140135
2026-08-24T15:23:44.238Z	34.073366	-118.139685
2026-08-24T15:24:20.202Z	34.072388	-118.143136
2026-08-24T15:25:56.822Z	34.070853	-118.141476
2026-08-24T15:26:44.251Z	34.069512	-118.142118
2026-08-24T15:27:17.240Z	34.070121	-118.141114
2026-08-24T15:27:36.241Z	34.071227	-118.141795
2026-08-24T15:28:11.172Z	34.072340	-118.138219
2026-08-24T15:28:22.678Z	34.072902	-118.139124
2026-08-24T15:28:42.157Z	34.072005	-118.138028
2026-08-24T15:29:19.491Z	34.070433	-118.135652
2026-08-24T15:30:14.204Z	34.069269	-118.133250
2026-08-24T15:30:28.219Z	34.067431	-118.131481
2026-08-24T15:30:43.147Z	34.064911	-118.131359
2026-08-24T15:30:59.133Z	34.065786	-118.133572
2026-08-24T15:31:14.150Z	34.066864	-118.135565
2026-08-24T15:31:24.825Z	34.063573	-118.134525
2026-08-24T15:31:39.176Z	34.065315	-118.134446
2026-08-24T15:31:51.238Z	34.067797	-118.135841
2026-08-24T15:32:10.166Z	34.069595	-118.135925
2026-08-24T15:32:22.183Z	34.066937	-118.133815
2026-08-25T15:31:58.238Z	34.073898	-118.213285
2026-08-25T15:33:57.262Z	34.076962	-118.215223
2026-08-25T15:34:30.196Z	34.074762	-118.217112
2026-08-25T15:37:54.208Z	34.072481	-118.217392
2026-08-25T15:38:30.202Z	34.071381	-118.214731
2026-08-25T15:41:57.147Z	34.070434	-118.217124
2026-08-25T15:42:19.234Z	34.071997	-118.219174
2026-08-25T15:42:51.245Z	34.069488	-118.221688
2026-08-25T15:43:24.232Z	34.067061	-118.222601
2026-08-25T15:45:00.207Z	34.069659	-118.224082
2026-08-25T15:45:49.145Z	34.072886	-118.224698
2026-08-25T15:45:59.808Z	34.072078	-118.224236
2026-08-25T15:48:46.076Z	34.072161	-118.222829
2026-08-25T15:50:16.004Z	34.072679	-118.224939
2026-08-25T15:50:34.321Z	34.074378	-118.223382
2026-08-25T15:50:50.244Z	34.077638	-118.224166
2026-08-25T15:51:09.195Z	34.074750	-118.223457
2026-08-25T15:51:59.247Z	34.076243	-118.222530
2026-08-25T15:53:33.160Z	34.078815	-118.222058
2026-08-25T15:54:12.554Z	34.079998	-118.223834
2026-08-26T15:06:29.509Z	34.112689	-118.237458
2026-08-26T15:06:57.193Z	34.113401	-118.233254
2026-08-26T15:08:02.191Z	34.113699	-118.230611
2026-08-26T15:36:27.293Z	34.116767	-118.232042
2026-08-26T15:39:43.223Z	34.114822	-118.231511
2026-08-26T15:39:55.257Z	34.115961	-118.228189
2026-08-26T15:42:50.263Z	34.118688	-118.227834
2026-08-26T15:43:01.863Z	34.121257	-118.226904
2026-08-26T15:44:43.900Z	34.122790	-118.228553
2026-08-26T15:45:49.643Z	34.119609	-118.228763
2026-08-26T15:46:38.193Z	34.120534	-118.232823
2026-08-26T15:47:32.258Z	34.117052	-118.232528
2026-08-26T15:47:44.193Z	34.118220	-118.232278
2026-08-26T15:48:13.203Z	34.117834	-118.233700
2026-08-26T15:48:26.230Z	34.116486	-118.231715
2026-08-26T15:48:45.147Z	34.117843	-118.230648
2026-08-26T15:49:19.706Z	34.118655	-118.228774
2026-08-26T15:50:38.860Z	34.118242	-118.225942
2026-08-26T15:51:17.245Z	34.114681	-118.225770
2026-08-26T15:52:46.267Z	34.116760	-118.227058
2026-08-26T15:53:43.159Z	34.118745	-118.227909
2026-08-27T15:05:01.261Z	33.957182	-118.363073