Name of unfriended friend	Date and time
ThunderComet609	2026-08-16T21:47:52.579Z
ThunderMaverick548	2026-08-22T22:25:22.066Z
SwiftNomad829	2026-08-28T14:47:06.249Z
CrystalRaptor615	2026-05-25T23:31:00.123Z
BraveHunter282	2026-07-12T23:11:33.644Z
SwiftSage301	2026-07-25T05:58:42.754Z
SolarSage764	2026-06-23T15:30:23.050Z
MightyAce451	2026-05-02T21:09:41.596Z
LuckyTrainer690	2026-05-02T21:09:38.165Z
CrystalPioneer337	2026-05-02T21:09:35.336Z
LuckyRaptor552	2026-05-02T21:09:31.033Z
LuckyScout302	2026-05-02T21:09:28.709Z
FrostVoyager470	2026-05-02T21:09:25.607Z
CrystalHunter183	2026-07-12T20:01:54.228Z
ShadowHunter549	2026-05-07T01:18:20.555Z
LunarHunter516	2026-05-07T01:18:16.665Z
ThunderRanger604	2026-05-07T01:18:12.777Z
MightyScout386	2026-05-07T01:18:01.243Z
ThunderNomad404	2026-05-07T01:17:48.231Z
WildRanger878	2026-05-07T01:17:57.384Z
ElectricTrainer987	2026-05-07T01:39:08.788Z
MightyScout782	2026-05-07T01:39:06.254Z
ShadowSage222	2026-05-07T01:39:03.484Z
ShadowPikachu533	2026-05-07T01:39:01.052Z
TurboCharizard848	2026-05-07T01:38:58.611Z
TurboPioneer443	2026-08-18T01:47:50.411Z
ElectricTracker867	2026-07-03T03:10:58.680Z
IronPioneer775	2026-07-03T03:10:32.252Z
CrystalNomad531	2026-06-27T22:07:56.920Z
SolarPhoenix234	2026-07-03T03:10:53.218Z
GoldenRaptor355	2026-07-03T03:10:42.744Z
LuckyComet225	2026-07-03T03:09:58.288Z
ShadowRaptor614	2026-07-03T03:09:49.177Z
SwiftRaptor980	2026-07-03T03:09:37.078Z
CrystalWanderer686	2026-07-03T03:09:18.642Z
ElectricAce840	2026-07-03T03:09:00.198Z
BraveHunter845	2026-06-28T04:44:42.284Z
CosmicFalcon322	2026-06-28T00:59:58.090Z
ThunderTracker895	2026-06-30T03:26:27.897Z
TurboPioneer120	2026-07-03T03:08:54.775Z
CosmicPikachu708	2026-07-03T03:08:51.103Z
EmberCharizard230	2026-06-27T22:52:55.292Z
CrystalWanderer107	2026-07-03T03:08:46.117Z
ElectricFalcon565	2026-07-03T03:04:33.049Z
CrystalFalcon694	2026-06-28T13:30:12.847Z
LunarHunter266	2026-06-27T22:54:13.966Z
BraveDragon232	2026-06-27T22:52:09.494Z
TurboPhoenix596	2026-07-03T03:00:33.445Z
EmberScout804	2026-07-03T02:59:59.793Z
MightyComet304	2026-06-28T13:52:26.778Z
IronTracker539	2026-06-29T02:46:43.949Z
MightyScout507	2026-06-27T23:18:05.419Z
BraveRaptor108	2026-06-29T02:46:40.764Z
TurboScout180	2026-06-29T02:46:36.652Z
SolarMaverick533	2026-08-01T22:42:02.942Z
RadiantStriker202	2026-07-25T06:43:01.872Z
TurboStriker630	2026-08-01T22:42:07.727Z
RadiantPhoenix358	2026-07-25T06:42:53.968Z
BraveFalcon320	2026-07-25T06:42:57.076Z
SolarStriker693	2026-08-01T22:41:53.838Z
CosmicScout447	2026-07-25T06:43:05.673Z
CrystalCharizard873	2026-08-01T22:41:58.367Z
SwiftMaverick628	2026-08-01T22:41:49.598Z
WildVoyager480	2026-07-25T06:42:50.075Z
LunarComet397	2026-07-25T06:42:46.268Z
ThunderCharizard710	2026-08-01T22:41:44.007Z
LuckyTracker236	2026-07-28T04:56:45.835Z
RadiantVoyager743	2026-08-01T22:41:40.969Z
BraveWanderer177	2026-08-01T22:41:37.545Z
GoldenScout757	2026-07-23T21:25:53.184Z
RadiantRanger298	2026-07-23T21:25:37.601Z
WildRaptor274	2026-07-23T21:25:34.347Z
CrystalHunter150	2026-07-23T21:25:30.736Z
ThunderRanger241	2026-07-23T21:25:27.773Z
FrostPioneer961	2026-07-23T21:25:24.834Z
CrystalCharizard429	2026-07-23T21:25:20.438Z
GoldenPhoenix393	2026-07-19T16:52:06.383Z
BravePikachu683	2026-07-23T21:25:04.259Z
MysticPikachu407	2026-07-23T21:25:01.056Z
WildPikachu698	2026-08-01T22:41:27.131Z
EmberPioneer600	2026-07-23T21:24:55.233Z
CosmicVoyager806	2026-07-23T21:24:49.928Z
CrystalFalcon974	2026-07-23T21:24:52.709Z
CrimsonRanger655	2026-07-23T21:24:46.881Z
LunarDragon966	2026-07-23T21:24:25.633Z
MysticPioneer849	2026-07-23T21:24:43.812Z
MightyFalcon994	2026-07-23T21:24:40.305Z
FrostMaverick543	2026-07-23T21:24:37.390Z
ElectricTrainer691	2026-07-23T21:24:31.913Z
CosmicComet400	2026-07-23T21:24:29.327Z
CosmicTrainer166	2026-07-13T15:35:34.054Z
WildVoyager647	2026-07-22T06:01:28.459Z
CrystalPikachu510	2026-08-01T22:41:23.180Z
FrostFalcon906	2026-07-25T05:07:37.921Z
EmberTracker797	2026-08-01T22:41:15.786Z
FrostNomad255	2026-07-28T15:19:16.287Z
EmberScout955	2026-07-25T06:56:48.556Z
CrystalNomad705	2026-08-01T22:41:19.941Z
SolarTracker506	2026-08-01T23:07:14.483Z
WildVoyager659	2026-08-04T14:34:34.401Z
RadiantRanger100	2026-08-01T23:40:54.980Z
CosmicCharizard296	2026-08-01T23:22:03.308Z
RadiantHunter966	2026-08-02T23:03:53.282Z
CrystalHunter174	2026-08-02T20:22:13.537Z
BraveSage140	2026-08-13T01:18:30.178Z
ShadowStriker106	2026-08-01T22:58:59.606Z
MysticRaptor223	2026-08-01T22:59:11.746Z
SolarComet827	2026-08-01T22:51:17.128Z
IronCharizard813	2026-08-12T15:22:39.282Z
LunarRaptor408	2026-08-02T00:09:25.272Z
SwiftCharizard162	2026-08-01T22:57:14.943Z
ElectricPhoenix142	2026-08-02T09:37:54.431Z
ElectricFalcon263	2026-08-13T15:03:14.462Z
LunarSage221	2026-08-01T23:11:59.079Z
EmberMaverick910	2026-08-02T03:00:49.958Z
CrimsonNomad495	2026-08-12T15:34:40.589Z
FrostVoyager685	2026-08-02T04:40:12.579Z
CosmicSage666	2026-08-17T13:34:53.719Z
GoldenWanderer459	2026-08-01T23:06:05.886Z
SwiftCharizard588	2026-08-01T23:11:19.093Z
ThunderTracker513	2026-08-02T04:39:04.469Z
ShadowTrainer526	2026-08-16T17:31:08.071Z
SolarPikachu226	2026-08-01T23:42:14.890Z
ShadowComet198	2026-08-01T23:36:15.259Z
LunarMaverick899	2026-08-04T17:51:28.944Z
FrostNomad596	2026-08-03T03:39:13.757Z
ShadowHunter921	2026-08-03T03:58:09.321Z
RadiantSage186	2026-08-19T06:59:43.529Z
LunarScout524	2026-08-07T04:00:31.522Z
LunarDragon837	2026-08-07T04:00:28.242Z
GoldenFalcon456	2026-08-07T04:00:20.599Z
SwiftHunter100	2026-08-07T04:00:18.072Z
EmberMaverick878	2026-08-07T04:00:14.946Z
ShadowPhoenix427	2026-08-03T05:31:09.879Z
TurboAce335	2026-08-07T04:00:12.238Z
GoldenMaverick513	2026-08-01T23:51:08.606Z
SolarScout389	2026-08-07T04:00:09.862Z
SwiftNomad450	2026-08-07T04:00:07.650Z
RadiantPioneer804	2026-08-01T23:48:55.287Z
IronHunter460	2026-08-07T03:59:22.579Z
MysticAce787	2026-08-23T14:36:06.760Z
CrystalFalcon742	2026-08-26T10:16:58.950Z
LunarStriker311	2026-08-24T05:37:54.649Z
WildSage374	2026-08-26T01:23:56.034Z