Sent friend invitation	08/24/2026 05:39:49 UTC	WildSage374	SUCCESS
 Sent friend invitation	08/24/2026 05:37:07 UTC	LuckyAce588	SUCCESS
 Sent friend invitation	08/24/2026 05:34:50 UTC	LunarStriker311	ERROR
 Sent friend invitation	08/24/2026 05:33:14 UTC	LunarStriker311	SUCCESS
 Sent friend invitation	08/23/2026 02:33:23 UTC	LunarPhoenix510	SUCCESS
 Accepted friend invitation	08/22/2026 22:53:17 UTC	SwiftRanger960	SUCCESS
 Accepted friend invitation	08/22/2026 22:53:16 UTC	CrystalFalcon742	SUCCESS
 Sent friend invitation	08/22/2026 22:52:59 UTC	MysticAce787	SUCCESS
 Sent friend invitation	08/07/2026 04:01:34 UTC	ThunderWanderer715	SUCCESS
 Accepted friend invitation	08/05/2026 03:50:50 UTC	IronHunter460	SUCCESS
 Declined friend invitation	08/01/2026 23:51:47 UTC	TurboTracker547	SUCCESS
 Declined friend invitation	08/01/2026 23:51:46 UTC	SwiftTrainer596	SUCCESS
 Accepted friend invitation	08/01/2026 23:43:53 UTC	RadiantPioneer804	SUCCESS
 Accepted friend invitation	08/01/2026 23:43:50 UTC	SwiftNomad450	SUCCESS
 Accepted friend invitation	08/01/2026 23:43:50 UTC	SolarScout389	SUCCESS
 Accepted friend invitation	08/01/2026 23:43:48 UTC	GoldenMaverick513	SUCCESS
 Accepted friend invitation	08/01/2026 23:43:48 UTC	TurboAce335	SUCCESS
 Accepted friend invitation	08/01/2026 23:43:47 UTC	ShadowPhoenix427	SUCCESS
 Accepted friend invitation	08/01/2026 23:43:46 UTC	EmberMaverick878	SUCCESS
 Accepted friend invitation	08/01/2026 23:43:43 UTC	ElectricPhoenix695	SUCCESS
 Accepted friend invitation	08/01/2026 23:43:42 UTC	SwiftHunter100	SUCCESS
 Accepted friend invitation	08/01/2026 23:43:39 UTC	GoldenFalcon456	SUCCESS
 Accepted friend invitation	08/01/2026 23:43:38 UTC	TurboCharizard790	SUCCESS
 Accepted friend invitation	08/01/2026 23:43:37 UTC	RadiantPikachu344	SUCCESS
 Accepted friend invitation	08/01/2026 23:43:32 UTC	LunarDragon837	SUCCESS
 Accepted friend invitation	08/01/2026 23:43:31 UTC	LunarScout524	SUCCESS
 Accepted friend invitation	08/01/2026 23:43:30 UTC	GoldenRanger941	SUCCESS
 Accepted friend invitation	08/01/2026 23:43:04 UTC	TurboFalcon900	SUCCESS
 Accepted friend invitation	08/01/2026 23:29:44 UTC	EmberRaptor958	SUCCESS
 Accepted friend invitation	08/01/2026 23:29:43 UTC	LuckyPioneer847	SUCCESS
 Accepted friend invitation	08/01/2026 23:29:42 UTC	ShadowHunter309	SUCCESS
 Accepted friend invitation	08/01/2026 23:29:37 UTC	FrostNomad273	SUCCESS
 Accepted friend invitation	08/01/2026 23:29:36 UTC	CrystalAce391	SUCCESS
 Accepted friend invitation	08/01/2026 23:29:35 UTC	RadiantSage186	SUCCESS
 Accepted friend invitation	08/01/2026 23:29:34 UTC	ShadowHunter921	SUCCESS
 Accepted friend invitation	08/01/2026 23:29:26 UTC	FrostNomad596	SUCCESS
 Accepted friend invitation	08/01/2026 23:29:24 UTC	LunarDragon630	SUCCESS
 Accepted friend invitation	08/01/2026 23:29:21 UTC	CosmicVoyager927	SUCCESS
 Accepted friend invitation	08/01/2026 23:29:20 UTC	LunarMaverick899	SUCCESS
 Accepted friend invitation	08/01/2026 23:29:18 UTC	ShadowComet198	SUCCESS
 Accepted friend invitation	08/01/2026 23:29:17 UTC	SolarPikachu226	SUCCESS
 Accepted friend invitation	08/01/2026 23:29:11 UTC	RadiantComet811	SUCCESS
 Accepted friend invitation	08/01/2026 23:29:09 UTC	RadiantVoyager217	SUCCESS
 Accepted friend invitation	08/01/2026 23:29:06 UTC	ThunderMaverick794	SUCCESS
 Accepted friend invitation	08/01/2026 23:29:05 UTC	ShadowTrainer526	SUCCESS
 Accepted friend invitation	08/01/2026 23:29:04 UTC	WildComet712	SUCCESS
 Accepted friend invitation	08/01/2026 23:29:03 UTC	ThunderTracker513	SUCCESS
 Accepted friend invitation	08/01/2026 23:29:00 UTC	MightyPioneer316	SUCCESS
 Accepted friend invitation	08/01/2026 23:05:04 UTC	SwiftCharizard588	SUCCESS
 Accepted friend invitation	08/01/2026 23:05:03 UTC	ElectricPhoenix566	SUCCESS
 Accepted friend invitation	08/01/2026 23:05:00 UTC	GoldenWanderer459	SUCCESS
 Accepted friend invitation	08/01/2026 23:04:59 UTC	CosmicSage666	SUCCESS
 Accepted friend invitation	08/01/2026 23:04:58 UTC	EmberNomad396	SUCCESS
 Accepted friend invitation	08/01/2026 23:04:57 UTC	FrostVoyager685	SUCCESS
 Accepted friend invitation	08/01/2026 23:04:56 UTC	ThunderPhoenix589	SUCCESS
 Accepted friend invitation	08/01/2026 23:04:55 UTC	CrimsonNomad495	SUCCESS
 Accepted friend invitation	08/01/2026 23:04:54 UTC	ElectricVoyager879	SUCCESS
 Accepted friend invitation	08/01/2026 23:04:52 UTC	EmberMaverick910	SUCCESS
 Accepted friend invitation	08/01/2026 23:04:51 UTC	LunarSage221	SUCCESS
 Accepted friend invitation	08/01/2026 23:04:50 UTC	ThunderPhoenix545	SUCCESS
 Accepted friend invitation	08/01/2026 23:04:49 UTC	LuckyFalcon969	SUCCESS
 Accepted friend invitation	08/01/2026 23:04:49 UTC	EmberCharizard528	SUCCESS
 Accepted friend invitation	08/01/2026 23:04:48 UTC	IronTrainer519	SUCCESS
 Accepted friend invitation	08/01/2026 23:04:47 UTC	CrimsonPhoenix522	SUCCESS
 Accepted friend invitation	08/01/2026 23:04:45 UTC	SolarTracker137	SUCCESS
 Accepted friend invitation	08/01/2026 23:04:44 UTC	CrystalSage754	SUCCESS
 Accepted friend invitation	08/01/2026 23:04:43 UTC	CosmicFalcon609	SUCCESS
 Accepted friend invitation	08/01/2026 23:04:42 UTC	RadiantFalcon721	SUCCESS
 Accepted friend invitation	08/01/2026 23:04:41 UTC	CrimsonPikachu989	SUCCESS
 Accepted friend invitation	08/01/2026 23:04:40 UTC	SwiftTrainer884	SUCCESS
 Accepted friend invitation	08/01/2026 23:04:39 UTC	WildRanger579	SUCCESS
 Accepted friend invitation	08/01/2026 22:57:04 UTC	ElectricFalcon263	SUCCESS
 Accepted friend invitation	08/01/2026 22:57:03 UTC	TurboMaverick729	SUCCESS
 Accepted friend invitation	08/01/2026 22:57:03 UTC	ElectricPhoenix142	SUCCESS
 Accepted friend invitation	08/01/2026 22:57:02 UTC	ElectricStriker941	SUCCESS
 Accepted friend invitation	08/01/2026 22:50:17 UTC	SwiftCharizard162	SUCCESS
 Accepted friend invitation	08/01/2026 22:50:16 UTC	WildTracker827	SUCCESS
 Accepted friend invitation	08/01/2026 22:50:15 UTC	EmberScout360	SUCCESS
 Accepted friend invitation	08/01/2026 22:50:14 UTC	LuckyNomad540	SUCCESS
 Accepted friend invitation	08/01/2026 22:50:13 UTC	CrimsonHunter701	SUCCESS
 Accepted friend invitation	08/01/2026 22:50:11 UTC	LunarSage712	SUCCESS
 Accepted friend invitation	08/01/2026 22:50:10 UTC	CosmicRaptor168	SUCCESS
 Accepted friend invitation	08/01/2026 22:50:09 UTC	ShadowRaptor256	SUCCESS
 Accepted friend invitation	08/01/2026 22:50:08 UTC	LunarRaptor408	SUCCESS
 Accepted friend invitation	08/01/2026 22:50:08 UTC	BraveScout829	SUCCESS
 Accepted friend invitation	08/01/2026 22:50:06 UTC	IronCharizard813	SUCCESS
 Accepted friend invitation	08/01/2026 22:50:05 UTC	SolarComet827	SUCCESS
 Accepted friend invitation	08/01/2026 22:50:04 UTC	GoldenRaptor186	SUCCESS
 Accepted friend invitation	08/01/2026 22:50:03 UTC	WildRaptor315	SUCCESS
 Accepted friend invitation	08/01/2026 22:50:01 UTC	CrystalComet205	SUCCESS
 Accepted friend invitation	08/01/2026 22:50:01 UTC	ThunderPioneer832	SUCCESS
 Accepted friend invitation	08/01/2026 22:50:00 UTC	GoldenScout849	SUCCESS
 Accepted friend invitation	08/01/2026 22:49:59 UTC	MysticRaptor223	SUCCESS
 Accepted friend invitation	08/01/2026 22:49:58 UTC	ShadowStriker106	SUCCESS
 Accepted friend invitation	08/01/2026 22:49:57 UTC	BraveSage140	SUCCESS
 Accepted friend invitation	08/01/2026 22:49:57 UTC	TurboMaverick627	SUCCESS
 Accepted friend invitation	08/01/2026 22:42:36 UTC	SolarTracker790	SUCCESS
 Accepted friend invitation	08/01/2026 22:42:33 UTC	MysticSage510	SUCCESS
 Accepted friend invitation	08/01/2026 22:42:32 UTC	EmberComet610	SUCCESS
 Accepted friend invitation	08/01/2026 22:42:31 UTC	CrystalHunter174	SUCCESS
 Accepted friend invitation	08/01/2026 22:42:30 UTC	MightyTracker529	SUCCESS
 Accepted friend invitation	08/01/2026 22:42:29 UTC	IronFalcon747	SUCCESS
 Accepted friend invitation	08/01/2026 22:42:28 UTC	MightyStriker154	SUCCESS
 Accepted friend invitation	08/01/2026 22:42:27 UTC	MysticPikachu854	SUCCESS
 Accepted friend invitation	08/01/2026 22:42:25 UTC	RadiantHunter966	SUCCESS
 Accepted friend invitation	08/01/2026 22:42:24 UTC	CosmicScout546	SUCCESS
 Accepted friend invitation	08/01/2026 22:42:23 UTC	CrimsonFalcon510	SUCCESS
 Accepted friend invitation	08/01/2026 22:42:22 UTC	CosmicCharizard296	SUCCESS
 Accepted friend invitation	08/01/2026 22:42:21 UTC	EmberPhoenix409	SUCCESS
 Accepted friend invitation	08/01/2026 22:42:20 UTC	FrostFalcon840	SUCCESS
 Accepted friend invitation	08/01/2026 22:42:17 UTC	RadiantRanger100	SUCCESS
 Accepted friend invitation	08/01/2026 22:42:17 UTC	ShadowRanger102	SUCCESS
 Accepted friend invitation	08/01/2026 22:42:16 UTC	CosmicDragon879	SUCCESS
 Accepted friend invitation	08/01/2026 22:42:15 UTC	WildVoyager659	SUCCESS
 Accepted friend invitation	08/01/2026 22:42:14 UTC	SolarTracker506	SUCCESS
 Accepted friend invitation	08/01/2026 22:42:14 UTC	CrimsonSage209	SUCCESS
 Accepted friend invitation	08/01/2026 22:42:12 UTC	FrostDragon851	SUCCESS
 Sent friend invitation	07/25/2026 06:56:18 UTC	CrystalNomad705	SUCCESS
 Sent friend invitation	07/25/2026 06:54:50 UTC	RadiantRanger925	ERROR
 Sent friend invitation	07/25/2026 06:54:40 UTC	RadiantRanger925	SUCCESS
 Sent friend invitation	07/25/2026 06:51:37 UTC	EmberScout955	SUCCESS
 Sent friend invitation	07/25/2026 06:51:20 UTC	FrostNomad255	ERROR
 Sent friend invitation	07/25/2026 06:43:46 UTC	FrostNomad255	SUCCESS
 Sent friend invitation	07/25/2026 06:40:07 UTC	EmberTracker797	SUCCESS
 Sent friend invitation	07/25/2026 05:03:42 UTC	FrostFalcon906	SUCCESS
 Sent friend invitation	07/25/2026 05:01:04 UTC	WildRaptor409	SUCCESS
 Sent friend invitation	07/25/2026 04:19:39 UTC	CrystalPikachu510	SUCCESS
 Accepted friend invitation	07/13/2026 04:11:30 UTC	CosmicTrainer166	SUCCESS
 Accepted friend invitation	07/13/2026 04:11:29 UTC	CosmicComet400	SUCCESS
 Accepted friend invitation	07/13/2026 04:11:27 UTC	ElectricTrainer691	SUCCESS
 Accepted friend invitation	07/13/2026 04:11:26 UTC	FrostMaverick543	SUCCESS
 Accepted friend invitation	07/13/2026 04:11:25 UTC	MightyFalcon994	SUCCESS
 Accepted friend invitation	07/13/2026 04:11:24 UTC	MysticPioneer849	SUCCESS
 Accepted friend invitation	07/13/2026 04:11:23 UTC	LunarDragon966	SUCCESS
 Accepted friend invitation	07/13/2026 04:11:22 UTC	CrimsonRanger655	SUCCESS
 Accepted friend invitation	07/13/2026 04:11:22 UTC	CrystalFalcon974	SUCCESS
 Accepted friend invitation	07/13/2026 04:11:20 UTC	CosmicVoyager806	SUCCESS
 Accepted friend invitation	07/13/2026 04:11:20 UTC	EmberPioneer600	SUCCESS
 Accepted friend invitation	07/13/2026 04:11:16 UTC	WildPikachu698	SUCCESS
 Accepted friend invitation	07/13/2026 04:11:15 UTC	MysticPikachu407	SUCCESS
 Accepted friend invitation	07/13/2026 04:11:15 UTC	BravePikachu683	SUCCESS
 Accepted friend invitation	07/13/2026 04:11:14 UTC	LunarNomad257	SUCCESS
 Accepted friend invitation	07/13/2026 04:11:12 UTC	GoldenPhoenix393	SUCCESS
 Accepted friend invitation	07/13/2026 04:11:10 UTC	CrystalCharizard429	SUCCESS
 Accepted friend invitation	07/13/2026 04:11:09 UTC	FrostPioneer961	SUCCESS
 Accepted friend invitation	07/13/2026 04:11:09 UTC	ThunderRanger241	SUCCESS
 Accepted friend invitation	07/13/2026 04:11:08 UTC	CrystalHunter150	SUCCESS
 Accepted friend invitation	07/13/2026 04:11:07 UTC	WildRaptor274	SUCCESS
 Accepted friend invitation	07/13/2026 04:11:05 UTC	RadiantRanger298	SUCCESS
 Accepted friend invitation	07/13/2026 04:11:04 UTC	RadiantPhoenix593	SUCCESS
 Accepted friend invitation	07/13/2026 04:11:02 UTC	CrystalFalcon742	SUCCESS
 Accepted friend invitation	07/13/2026 04:11:01 UTC	GoldenScout757	SUCCESS
 Accepted friend invitation	07/13/2026 04:11:00 UTC	BraveWanderer177	SUCCESS
 Accepted friend invitation	07/13/2026 04:10:59 UTC	RadiantVoyager743	SUCCESS
 Accepted friend invitation	07/13/2026 04:10:59 UTC	LuckyTracker236	SUCCESS
 Accepted friend invitation	07/13/2026 04:10:58 UTC	ThunderCharizard710	SUCCESS
 Accepted friend invitation	07/13/2026 04:10:57 UTC	LunarComet397	SUCCESS
 Accepted friend invitation	07/13/2026 04:10:56 UTC	WildVoyager480	SUCCESS
 Accepted friend invitation	07/13/2026 04:10:55 UTC	SolarStriker799	SUCCESS
 Accepted friend invitation	07/13/2026 04:10:54 UTC	SwiftMaverick628	SUCCESS
 Accepted friend invitation	07/13/2026 04:10:53 UTC	ShadowTrainer625	SUCCESS
 Accepted friend invitation	07/13/2026 04:10:52 UTC	CrystalCharizard873	SUCCESS
 Accepted friend invitation	07/13/2026 04:10:51 UTC	CosmicScout447	SUCCESS
 Accepted friend invitation	07/13/2026 04:10:50 UTC	SolarStriker693	SUCCESS
 Accepted friend invitation	07/13/2026 04:10:47 UTC	BraveFalcon320	SUCCESS
 Accepted friend invitation	07/13/2026 04:10:46 UTC	RadiantPhoenix358	SUCCESS
 Accepted friend invitation	07/13/2026 04:10:45 UTC	TurboStriker630	SUCCESS
 Accepted friend invitation	07/13/2026 04:10:44 UTC	RadiantStriker202	SUCCESS
 Accepted friend invitation	07/13/2026 04:10:43 UTC	EmberScout639	SUCCESS
 Accepted friend invitation	07/13/2026 04:10:42 UTC	CrimsonSage518	SUCCESS
 Accepted friend invitation	07/13/2026 04:10:41 UTC	IronComet322	SUCCESS
 Accepted friend invitation	06/29/2026 02:46:24 UTC	SolarMaverick533	SUCCESS
 Accepted friend invitation	06/27/2026 23:09:19 UTC	ElectricPikachu259	SUCCESS
 Accepted friend invitation	06/27/2026 23:09:18 UTC	TurboScout180	SUCCESS
 Accepted friend invitation	06/27/2026 23:09:16 UTC	BraveRaptor108	SUCCESS
 Accepted friend invitation	06/27/2026 23:09:15 UTC	MightyScout507	SUCCESS
 Accepted friend invitation	06/27/2026 23:09:14 UTC	IronTracker539	SUCCESS
 Accepted friend invitation	06/27/2026 23:09:14 UTC	BraveHunter775	SUCCESS
 Accepted friend invitation	06/27/2026 23:09:13 UTC	MightyComet304	SUCCESS
 Accepted friend invitation	06/27/2026 23:09:12 UTC	EmberScout804	SUCCESS
 Accepted friend invitation	06/27/2026 23:09:11 UTC	CosmicComet400	SUCCESS
 Accepted friend invitation	06/27/2026 22:47:11 UTC	TurboPhoenix596	SUCCESS
 Accepted friend invitation	06/27/2026 22:47:10 UTC	FrostWanderer201	SUCCESS
 Accepted friend invitation	06/27/2026 22:47:09 UTC	BraveDragon232	SUCCESS
 Accepted friend invitation	06/27/2026 22:47:08 UTC	LunarHunter266	SUCCESS
 Accepted friend invitation	06/27/2026 22:47:07 UTC	CrystalFalcon694	SUCCESS
 Accepted friend invitation	06/27/2026 22:47:03 UTC	ElectricFalcon565	SUCCESS
 Accepted friend invitation	06/27/2026 22:47:02 UTC	CrystalWanderer107	SUCCESS
 Accepted friend invitation	06/27/2026 22:47:00 UTC	EmberCharizard230	SUCCESS
 Accepted friend invitation	06/27/2026 22:41:39 UTC	CosmicPikachu708	SUCCESS
 Accepted friend invitation	06/27/2026 22:41:38 UTC	TurboPioneer120	SUCCESS
 Accepted friend invitation	06/27/2026 22:41:37 UTC	ThunderTracker895	SUCCESS
 Accepted friend invitation	06/27/2026 22:41:28 UTC	CosmicFalcon322	SUCCESS
 Accepted friend invitation	06/27/2026 22:41:27 UTC	BraveHunter845	SUCCESS
 Accepted friend invitation	06/27/2026 22:41:26 UTC	ElectricAce840	SUCCESS
 Accepted friend invitation	06/27/2026 22:41:04 UTC	SwiftHunter545	SUCCESS
 Accepted friend invitation	06/27/2026 22:41:03 UTC	CrystalWanderer686	SUCCESS
 Accepted friend invitation	06/27/2026 22:41:02 UTC	CrystalSage272	SUCCESS
 Accepted friend invitation	06/27/2026 22:39:47 UTC	MightyWanderer116	SUCCESS
 Accepted friend invitation	06/27/2026 22:01:09 UTC	ThunderScout763	SUCCESS
 Accepted friend invitation	06/27/2026 22:01:08 UTC	SwiftRaptor980	SUCCESS
 Accepted friend invitation	06/27/2026 22:01:07 UTC	ShadowRaptor614	SUCCESS
 Accepted friend invitation	06/27/2026 22:01:05 UTC	LuckyComet225	SUCCESS
 Accepted friend invitation	06/27/2026 22:01:04 UTC	GoldenRaptor355	SUCCESS
 Accepted friend invitation	06/27/2026 22:01:03 UTC	SolarPhoenix234	SUCCESS
 Accepted friend invitation	06/27/2026 22:01:03 UTC	CrystalNomad531	SUCCESS
 Accepted friend invitation	06/27/2026 22:01:02 UTC	IronPioneer775	SUCCESS
 Accepted friend invitation	06/27/2026 22:01:01 UTC	ElectricTracker867	SUCCESS
 Sent friend invitation	06/25/2026 01:53:46 UTC	TurboPioneer443	ERROR
 Accepted friend invitation	06/25/2026 01:48:37 UTC	BraveStriker134	SUCCESS
 Accepted friend invitation	06/25/2026 01:48:36 UTC	RadiantComet430	SUCCESS
 Accepted friend invitation	06/21/2026 16:03:54 UTC	SwiftPikachu926	SUCCESS
 Accepted friend invitation	06/08/2026 01:22:28 UTC	TurboPioneer443	SUCCESS
 Accepted friend invitation	06/05/2026 04:59:59 UTC	GoldenTrainer771	SUCCESS
 Accepted friend invitation	05/24/2026 18:23:42 UTC	CosmicFalcon121	SUCCESS
 Accepted friend invitation	05/24/2026 18:23:41 UTC	WildHunter683	SUCCESS
 Accepted friend invitation	05/23/2026 21:40:50 UTC	BraveWanderer386	SUCCESS
 Accepted friend invitation	05/23/2026 21:40:49 UTC	MightyRanger556	SUCCESS
 Accepted friend invitation	05/23/2026 21:40:47 UTC	ElectricTrainer668	SUCCESS
 Accepted friend invitation	05/23/2026 21:40:46 UTC	MightyMaverick614	SUCCESS
 Sent friend invitation	05/13/2026 02:12:01 UTC	AshDemo	SUCCESS
 Declined friend invitation	05/08/2026 14:56:19 UTC	LuckyComet939	SUCCESS
 Declined friend invitation	05/08/2026 14:56:18 UTC	IronHunter276	SUCCESS
 Declined friend invitation	05/08/2026 14:56:16 UTC	CrimsonMaverick943	SUCCESS
 Declined friend invitation	05/08/2026 14:56:15 UTC	GoldenRanger260	SUCCESS
 Accepted friend invitation	05/07/2026 01:32:34 UTC	TurboCharizard848	SUCCESS
 Accepted friend invitation	05/07/2026 01:32:31 UTC	ShadowPikachu533	SUCCESS
 Accepted friend invitation	05/07/2026 01:32:27 UTC	ShadowSage222	SUCCESS
 Accepted friend invitation	05/07/2026 01:32:27 UTC	MightyScout782	SUCCESS
 Accepted friend invitation	05/07/2026 01:32:26 UTC	ElectricTrainer987	SUCCESS
 Accepted friend invitation	05/07/2026 01:08:33 UTC	WildRanger878	SUCCESS
 Accepted friend invitation	05/07/2026 01:08:32 UTC	ThunderNomad404	SUCCESS
 Accepted friend invitation	05/07/2026 01:08:29 UTC	MightyScout386	SUCCESS
 Accepted friend invitation	05/07/2026 01:08:29 UTC	ThunderRanger604	SUCCESS
 Accepted friend invitation	05/07/2026 01:08:28 UTC	LunarHunter516	SUCCESS
 Accepted friend invitation	05/07/2026 01:08:26 UTC	ShadowHunter549	SUCCESS
 Accepted friend invitation	05/02/2026 23:11:00 UTC	CrystalHunter183	SUCCESS
 Accepted friend invitation	05/02/2026 23:10:58 UTC	GoldenTrainer122	SUCCESS
 Accepted friend invitation	05/02/2026 14:41:32 UTC	FrostVoyager470	SUCCESS
 Accepted friend invitation	05/02/2026 14:41:31 UTC	LuckyScout302	SUCCESS
 Accepted friend invitation	05/02/2026 14:41:30 UTC	LuckyRaptor552	SUCCESS
 Accepted friend invitation	05/02/2026 14:40:42 UTC	CrystalPioneer337	SUCCESS
 Accepted friend invitation	05/02/2026 14:40:41 UTC	LuckyTrainer690	SUCCESS
 Accepted friend invitation	05/02/2026 14:40:40 UTC	MightyAce451	SUCCESS