Date and time	Ticket number and title
2025-11-13T03:34:10	Ticket 10000000: My Account → Request my data
2025-11-13T03:34:11	Ticket 10000000: My Account → Request my data
2025-11-13T03:34:11	Ticket 10000000: My Account → Request my data
2025-11-13T03:34:14	Ticket 10000000: My Account → Request my data
2025-11-13T03:34:14	Ticket 10000000: My Account → Request my data
2025-11-13T03:34:18	Ticket 10000000: My Account → Request my data
2025-11-13T03:34:18	Ticket 10000000: My Account → Request my data
2025-11-13T03:34:21	Ticket 10000000: My Account → Request my data
2025-11-13T03:34:22	Ticket 10000000: My Account → Request my data
2025-11-13T03:34:22	Ticket 10000000: My Account → Request my data
2025-11-15T04:12:22	Ticket 10000000: My Account → Request my data
2025-11-15T04:12:28	Ticket 10000000: My Account → Request my data
2025-11-15T04:12:34	Ticket 10000000: My Account → Request my data
2025-11-15T04:12:35	Ticket 10000000: My Account → Request my data
2026-06-10T06:02:12	Ticket 10000001: My Account → Request my data
2026-06-10T06:02:13	Ticket 10000001: My Account → Request my data
2026-06-10T06:02:13	Ticket 10000001: My Account → Request my data
2026-06-10T06:02:13	Ticket 10000001: My Account → Request my data
2026-06-10T06:02:13	Ticket 10000001: My Account → Request my data
2026-06-10T06:02:17	Ticket 10000001: My Account → Request my data
2026-06-10T06:02:18	Ticket 10000001: My Account → Request my data
2026-06-10T06:02:21	Ticket 10000001: My Account → Request my data
2026-06-10T06:02:21	Ticket 10000001: My Account → Request my data
2026-06-10T06:02:24	Ticket 10000001: My Account → Request my data
2026-06-10T06:02:24	Ticket 10000001: My Account → Request my data
2026-06-10T06:02:24	Ticket 10000001: My Account → Request my data
2026-06-11T06:06:19	Ticket 10000001: My Account → Request my data
2026-06-11T06:06:25	Ticket 10000001: My Account → Request my data
2026-06-11T06:06:32	Ticket 10000001: My Account → Request my data
2026-06-11T06:06:32	Ticket 10000001: My Account → Request my data
2026-06-17T04:19:25	Ticket 10000002: My Account → Request my data
2026-06-17T04:19:25	Ticket 10000002: My Account → Request my data
2026-06-17T04:19:26	Ticket 10000002: My Account → Request my data
2026-06-17T04:19:26	Ticket 10000002: My Account → Request my data
2026-06-17T04:19:26	Ticket 10000002: My Account → Request my data
2026-06-17T04:19:44	Ticket 10000002: My Account → Request my data
2026-06-17T04:19:45	Ticket 10000002: My Account → Request my data
2026-06-17T04:20:25	Ticket 10000002: My Account → Request my data
2026-06-17T04:20:25	Ticket 10000002: My Account → Request my data
2026-07-31T03:20:29	Ticket 10000003: My Account → Request my data
2026-07-31T03:20:34	Ticket 10000003: My Account → Request my data
2026-07-31T03:20:34	Ticket 10000003: My Account → Request my data
2026-07-31T03:20:35	Ticket 10000003: My Account → Request my data
2026-07-31T03:20:36	Ticket 10000003: My Account → Request my data
2026-07-31T03:20:38	Ticket 10000003: My Account → Request my data
2026-07-31T03:20:38	Ticket 10000003: My Account → Request my data
2026-07-31T03:20:40	Ticket 10000003: My Account → Request my data
2026-07-31T03:20:40	Ticket 10000003: My Account → Request my data
2026-07-31T03:20:42	Ticket 10000003: My Account → Request my data
2026-07-31T03:20:42	Ticket 10000003: My Account → Request my data
2026-07-31T03:20:42	Ticket 10000003: My Account → Request my data
2026-08-10T17:51:25	Ticket 10000003: My Account → Request my data